5796
552.8 0 0
0.035 0.035 0.425
529.767 0 0
0.036 0.036 0.447
529.639 0 23.3
0.038 0.039 0.482
552.667 0 23.3
0.037 0.038 0.457
529.767 0 0
0.036 0.036 0.447
506.733 0 0
0.037 0.039 0.497
506.611 0 23.3
0.040 0.042 0.542
529.639 0 23.3
0.038 0.039 0.482
506.733 0 0
0.037 0.039 0.497
483.7 0 0
0.040 0.042 0.572
483.583 0 23.3
0.043 0.045 0.628
506.611 0 23.3
0.040 0.042 0.542
552.667 0 23.3
0.037 0.038 0.457
529.639 0 23.3
0.038 0.039 0.482
529.511 0 46.6
0.042 0.043 0.547
552.533 0 46.6
0.041 0.041 0.516
529.639 0 23.3
0.038 0.039 0.482
506.611 0 23.3
0.040 0.042 0.542
506.489 0 46.6
0.045 0.046 0.618
529.511 0 46.6
0.042 0.043 0.547
506.611 0 23.3
0.040 0.042 0.542
483.583 0 23.3
0.043 0.045 0.628
483.467 0 46.6
0.048 0.050 0.709
506.489 0 46.6
0.045 0.046 0.618
552.533 0 46.6
0.041 0.041 0.516
529.511 0 46.6
0.042 0.043 0.547
529.383 0 69.9
0.044 0.045 0.604
552.4 0 69.9
0.043 0.043 0.570
529.511 0 46.6
0.042 0.043 0.547
506.489 0 46.6
0.045 0.046 0.618
506.367 0 69.9
0.047 0.048 0.677
529.383 0 69.9
0.044 0.045 0.604
506.489 0 46.6
0.045 0.046 0.618
483.467 0 46.6
0.048 0.050 0.709
483.35 0 69.9
0.049 0.052 0.759
506.367 0 69.9
0.047 0.048 0.677
483.7 0 0
0.040 0.042 0.572
460.667 0 0
0.044 0.046 0.670
460.555 0 23.3
0.047 0.049 0.731
483.583 0 23.3
0.043 0.045 0.628
460.667 0 0
0.044 0.046 0.670
437.633 0 0
0.044 0.047 0.715
437.528 0 23.3
0.047 0.051 0.785
460.555 0 23.3
0.047 0.049 0.731
437.633 0 0
0.044 0.047 0.715
414.6 0 0
0.042 0.046 0.726
414.5 0 23.3
0.046 0.049 0.806
437.528 0 23.3
0.047 0.051 0.785
483.583 0 23.3
0.043 0.045 0.628
460.555 0 23.3
0.047 0.049 0.731
460.444 0 46.6
0.051 0.054 0.806
483.467 0 46.6
0.048 0.050 0.709
460.555 0 23.3
0.047 0.049 0.731
437.528 0 23.3
0.047 0.051 0.785
437.422 0 46.6
0.052 0.055 0.870
460.444 0 46.6
0.051 0.054 0.806
437.528 0 23.3
0.047 0.051 0.785
414.5 0 23.3
0.046 0.049 0.806
414.4 0 46.6
0.050 0.054 0.910
437.422 0 46.6
0.052 0.055 0.870
483.467 0 46.6
0.048 0.050 0.709
460.444 0 46.6
0.051 0.054 0.806
460.333 0 69.9
0.052 0.055 0.841
483.35 0 69.9
0.049 0.052 0.759
460.444 0 46.6
0.051 0.054 0.806
437.422 0 46.6
0.052 0.055 0.870
437.317 0 69.9
0.053 0.057 0.908
460.333 0 69.9
0.052 0.055 0.841
437.422 0 46.6
0.052 0.055 0.870
414.4 0 46.6
0.050 0.054 0.910
414.3 0 69.9
0.053 0.057 0.960
437.317 0 69.9
0.053 0.057 0.908
414.6 0 0
0.042 0.046 0.726
391.567 0 0
0.040 0.044 0.774
391.472 0 23.3
0.044 0.048 0.852
414.5 0 23.3
0.046 0.049 0.806
391.567 0 0
0.040 0.044 0.774
368.533 0 0
0.037 0.041 0.775
368.444 0 23.3
0.040 0.044 0.851
391.472 0 23.3
0.044 0.048 0.852
368.533 0 0
0.037 0.041 0.775
345.5 0 0
0.031 0.035 0.712
345.417 0 23.3
0.035 0.039 0.789
368.444 0 23.3
0.040 0.044 0.851
414.5 0 23.3
0.046 0.049 0.806
391.472 0 23.3
0.044 0.048 0.852
391.378 0 46.6
0.048 0.053 0.949
414.4 0 46.6
0.050 0.054 0.910
391.472 0 23.3
0.044 0.048 0.852
368.444 0 23.3
0.040 0.044 0.851
368.356 0 46.6
0.044 0.049 0.951
391.378 0 46.6
0.048 0.053 0.949
368.444 0 23.3
0.040 0.044 0.851
345.417 0 23.3
0.035 0.039 0.789
345.333 0 46.6
0.039 0.044 0.911
368.356 0 46.6
0.044 0.049 0.951
414.4 0 46.6
0.050 0.054 0.910
391.378 0 46.6
0.048 0.053 0.949
391.283 0 69.9
0.051 0.055 0.998
414.3 0 69.9
0.053 0.057 0.960
391.378 0 46.6
0.048 0.053 0.949
368.356 0 46.6
0.044 0.049 0.951
368.267 0 69.9
0.047 0.052 1.011
391.283 0 69.9
0.051 0.055 0.998
368.356 0 46.6
0.044 0.049 0.951
345.333 0 46.6
0.039 0.044 0.911
345.25 0 69.9
0.042 0.047 0.999
368.267 0 69.9
0.047 0.052 1.011
345.5 0 0
0.031 0.035 0.712
322.467 0 0
0.026 0.030 0.617
322.389 0 23.3
0.029 0.034 0.696
345.417 0 23.3
0.035 0.039 0.789
322.467 0 0
0.026 0.030 0.617
299.433 0 0
0.023 0.027 0.457
299.361 0 23.3
0.025 0.029 0.517
322.389 0 23.3
0.029 0.034 0.696
299.433 0 0
0.023 0.027 0.457
276.4 0 0
0.020 0.024 0.312
276.333 0 23.3
0.021 0.025 0.326
299.361 0 23.3
0.025 0.029 0.517
345.417 0 23.3
0.035 0.039 0.789
322.389 0 23.3
0.029 0.034 0.696
322.311 0 46.6
0.034 0.038 0.841
345.333 0 46.6
0.039 0.044 0.911
322.389 0 23.3
0.029 0.034 0.696
299.361 0 23.3
0.025 0.029 0.517
299.289 0 46.6
0.029 0.033 0.633
322.311 0 46.6
0.034 0.038 0.841
299.361 0 23.3
0.025 0.029 0.517
276.333 0 23.3
0.021 0.025 0.326
276.267 0 46.6
0.024 0.028 0.337
299.289 0 46.6
0.029 0.033 0.633
345.333 0 46.6
0.039 0.044 0.911
322.311 0 46.6
0.034 0.038 0.841
322.233 0 69.9
0.037 0.042 0.965
345.25 0 69.9
0.042 0.047 0.999
322.311 0 46.6
0.034 0.038 0.841
299.289 0 46.6
0.029 0.033 0.633
299.217 0 69.9
0.032 0.037 0.734
322.233 0 69.9
0.037 0.042 0.965
299.289 0 46.6
0.029 0.033 0.633
276.267 0 46.6
0.024 0.028 0.337
276.2 0 69.9
0.025 0.030 0.326
299.217 0 69.9
0.032 0.037 0.734
276.4 0 0
0.020 0.024 0.312
253.367 0 0
0.016 0.020 0.155
253.306 0 23.3
0.017 0.021 0.149
276.333 0 23.3
0.021 0.025 0.326
253.367 0 0
0.016 0.020 0.155
230.333 0 0
0.012 0.016 0.032
230.278 0 23.3
0.013 0.017 0.034
253.306 0 23.3
0.017 0.021 0.149
230.333 0 0
0.012 0.016 0.032
207.3 0 0
0.010 0.014 0.016
207.25 0 23.3
0.010 0.014 0.022
230.278 0 23.3
0.013 0.017 0.034
276.333 0 23.3
0.021 0.025 0.326
253.306 0 23.3
0.017 0.021 0.149
253.244 0 46.6
0.018 0.023 0.127
276.267 0 46.6
0.024 0.028 0.337
253.306 0 23.3
0.017 0.021 0.149
230.278 0 23.3
0.013 0.017 0.034
230.222 0 46.6
0.014 0.018 0.043
253.244 0 46.6
0.018 0.023 0.127
230.278 0 23.3
0.013 0.017 0.034
207.25 0 23.3
0.010 0.014 0.022
207.2 0 46.6
0.012 0.015 0.033
230.222 0 46.6
0.014 0.018 0.043
276.267 0 46.6
0.024 0.028 0.337
253.244 0 46.6
0.018 0.023 0.127
253.183 0 69.9
0.019 0.023 0.092
276.2 0 69.9
0.025 0.030 0.326
253.244 0 46.6
0.018 0.023 0.127
230.222 0 46.6
0.014 0.018 0.043
230.167 0 69.9
0.015 0.018 0.053
253.183 0 69.9
0.019 0.023 0.092
230.222 0 46.6
0.014 0.018 0.043
207.2 0 46.6
0.012 0.015 0.033
207.15 0 69.9
0.012 0.014 0.051
230.167 0 69.9
0.015 0.018 0.053
207.3 0 0
0.010 0.014 0.016
184.267 0 0
0.009 0.011 0.012
184.222 0 23.3
0.009 0.011 0.017
207.25 0 23.3
0.010 0.014 0.022
184.267 0 0
0.009 0.011 0.012
161.233 0 0
0.009 0.009 0.009
161.194 0 23.3
0.009 0.009 0.013
184.222 0 23.3
0.009 0.011 0.017
161.233 0 0
0.009 0.009 0.009
138.2 0 0
0.010 0.007 0.007
138.167 0 23.3
0.010 0.008 0.011
161.194 0 23.3
0.009 0.009 0.013
207.25 0 23.3
0.010 0.014 0.022
184.222 0 23.3
0.009 0.011 0.017
184.178 0 46.6
0.010 0.013 0.026
207.2 0 46.6
0.012 0.015 0.033
184.222 0 23.3
0.009 0.011 0.017
161.194 0 23.3
0.009 0.009 0.013
161.156 0 46.6
0.010 0.011 0.021
184.178 0 46.6
0.010 0.013 0.026
161.194 0 23.3
0.009 0.009 0.013
138.167 0 23.3
0.010 0.008 0.011
138.133 0 46.6
0.011 0.010 0.019
161.156 0 46.6
0.010 0.011 0.021
207.2 0 46.6
0.012 0.015 0.033
184.178 0 46.6
0.010 0.013 0.026
184.133 0 69.9
0.009 0.011 0.058
207.15 0 69.9
0.012 0.014 0.051
184.178 0 46.6
0.010 0.013 0.026
161.156 0 46.6
0.010 0.011 0.021
161.117 0 69.9
0.007 0.007 0.067
184.133 0 69.9
0.009 0.011 0.058
161.156 0 46.6
0.010 0.011 0.021
138.133 0 46.6
0.011 0.010 0.019
138.1 0 69.9
0.007 0.006 0.059
161.117 0 69.9
0.007 0.007 0.067
138.2 0 0
0.010 0.007 0.007
115.167 0 0
0.008 0.006 0.006
115.139 0 23.3
0.010 0.007 0.009
138.167 0 23.3
0.010 0.008 0.011
115.167 0 0
0.008 0.006 0.006
92.1333 0 0
0.007 0.005 0.005
92.1111 0 23.3
0.008 0.006 0.007
115.139 0 23.3
0.010 0.007 0.009
92.1333 0 0
0.007 0.005 0.005
69.1 0 0
0.006 0.004 0.004
69.0833 0 23.3
0.007 0.005 0.006
92.1111 0 23.3
0.008 0.006 0.007
138.167 0 23.3
0.010 0.008 0.011
115.139 0 23.3
0.010 0.007 0.009
115.111 0 46.6
0.012 0.009 0.016
138.133 0 46.6
0.011 0.010 0.019
115.139 0 23.3
0.010 0.007 0.009
92.1111 0 23.3
0.008 0.006 0.007
92.0889 0 46.6
0.012 0.008 0.013
115.111 0 46.6
0.012 0.009 0.016
92.1111 0 23.3
0.008 0.006 0.007
69.0833 0 23.3
0.007 0.005 0.006
69.0667 0 46.6
0.010 0.007 0.011
92.0889 0 46.6
0.012 0.008 0.013
138.133 0 46.6
0.011 0.010 0.019
115.111 0 46.6
0.012 0.009 0.016
115.083 0 69.9
0.011 0.007 0.030
138.1 0 69.9
0.007 0.006 0.059
115.111 0 46.6
0.012 0.009 0.016
92.0889 0 46.6
0.012 0.008 0.013
92.0667 0 69.9
0.013 0.009 0.013
115.083 0 69.9
0.011 0.007 0.030
92.0889 0 46.6
0.012 0.008 0.013
69.0667 0 46.6
0.010 0.007 0.011
69.05 0 69.9
0.013 0.009 0.014
92.0667 0 69.9
0.013 0.009 0.013
69.1 0 0
0.006 0.004 0.004
46.0667 0 0
0.004 0.003 0.003
46.0555 0 23.3
0.006 0.004 0.005
69.0833 0 23.3
0.007 0.005 0.006
46.0667 0 0
0.004 0.003 0.003
23.0333 0 0
0.003 0.003 0.003
23.0278 0 23.3
0.004 0.004 0.005
46.0555 0 23.3
0.006 0.004 0.005
23.0333 0 0
0.003 0.003 0.003
0 0 0
0.003 0.003 0.003
0 0 23.3
0.004 0.004 0.005
23.0278 0 23.3
0.004 0.004 0.005
69.0833 0 23.3
0.007 0.005 0.006
46.0555 0 23.3
0.006 0.004 0.005
46.0444 0 46.6
0.009 0.007 0.010
69.0667 0 46.6
0.010 0.007 0.011
46.0555 0 23.3
0.006 0.004 0.005
23.0278 0 23.3
0.004 0.004 0.005
23.0222 0 46.6
0.007 0.006 0.009
46.0444 0 46.6
0.009 0.007 0.010
23.0278 0 23.3
0.004 0.004 0.005
0 0 23.3
0.004 0.004 0.005
0 0 46.6
0.006 0.006 0.008
23.0222 0 46.6
0.007 0.006 0.009
69.0667 0 46.6
0.010 0.007 0.011
46.0444 0 46.6
0.009 0.007 0.010
46.0333 0 69.9
0.011 0.009 0.013
69.05 0 69.9
0.013 0.009 0.014
46.0444 0 46.6
0.009 0.007 0.010
23.0222 0 46.6
0.007 0.006 0.009
23.0167 0 69.9
0.010 0.008 0.012
46.0333 0 69.9
0.011 0.009 0.013
23.0222 0 46.6
0.007 0.006 0.009
0 0 46.6
0.006 0.006 0.008
0 0 69.9
0.009 0.008 0.012
23.0167 0 69.9
0.010 0.008 0.012
552.4 0 69.9
0.043 0.043 0.570
529.383 0 69.9
0.044 0.045 0.604
529.255 0 93.2
0.046 0.047 0.655
552.267 0 93.2
0.045 0.046 0.619
529.383 0 69.9
0.044 0.045 0.604
506.367 0 69.9
0.047 0.048 0.677
506.244 0 93.2
0.048 0.050 0.730
529.255 0 93.2
0.046 0.047 0.655
506.367 0 69.9
0.047 0.048 0.677
483.35 0 69.9
0.049 0.052 0.759
483.233 0 93.2
0.050 0.053 0.810
506.244 0 93.2
0.048 0.050 0.730
552.267 0 93.2
0.045 0.046 0.619
529.255 0 93.2
0.046 0.047 0.655
529.128 0 116.5
0.047 0.048 0.702
552.133 0 116.5
0.046 0.046 0.663
529.255 0 93.2
0.046 0.047 0.655
506.244 0 93.2
0.048 0.050 0.730
506.122 0 116.5
0.050 0.051 0.782
529.128 0 116.5
0.047 0.048 0.702
506.244 0 93.2
0.048 0.050 0.730
483.233 0 93.2
0.050 0.053 0.810
483.117 0 116.5
0.052 0.054 0.865
506.122 0 116.5
0.050 0.051 0.782
552.133 0 116.5
0.046 0.046 0.663
529.128 0 116.5
0.047 0.048 0.702
529 0 139.8
0.048 0.048 0.745
552 0 139.8
0.046 0.046 0.703
529.128 0 116.5
0.047 0.048 0.702
506.122 0 116.5
0.050 0.051 0.782
506 0 139.8
0.050 0.051 0.830
529 0 139.8
0.048 0.048 0.745
506.122 0 116.5
0.050 0.051 0.782
483.117 0 116.5
0.052 0.054 0.865
483 0 139.8
0.051 0.054 0.917
506 0 139.8
0.050 0.051 0.830
483.35 0 69.9
0.049 0.052 0.759
460.333 0 69.9
0.052 0.055 0.841
460.222 0 93.2
0.052 0.055 0.889
483.233 0 93.2
0.050 0.053 0.810
460.333 0 69.9
0.052 0.055 0.841
437.317 0 69.9
0.053 0.057 0.908
437.211 0 93.2
0.053 0.057 0.959
460.222 0 93.2
0.052 0.055 0.889
437.317 0 69.9
0.053 0.057 0.908
414.3 0 69.9
0.053 0.057 0.960
414.2 0 93.2
0.053 0.057 1.018
437.211 0 93.2
0.053 0.057 0.959
483.233 0 93.2
0.050 0.053 0.810
460.222 0 93.2
0.052 0.055 0.889
460.111 0 116.5
0.053 0.057 0.946
483.117 0 116.5
0.052 0.054 0.865
460.222 0 93.2
0.052 0.055 0.889
437.211 0 93.2
0.053 0.057 0.959
437.106 0 116.5
0.054 0.058 1.022
460.111 0 116.5
0.053 0.057 0.946
437.211 0 93.2
0.053 0.057 0.959
414.2 0 93.2
0.053 0.057 1.018
414.1 0 116.5
0.053 0.057 1.087
437.106 0 116.5
0.054 0.058 1.022
483.117 0 116.5
0.052 0.054 0.865
460.111 0 116.5
0.053 0.057 0.946
460 0 139.8
0.053 0.056 1.004
483 0 139.8
0.051 0.054 0.917
460.111 0 116.5
0.053 0.057 0.946
437.106 0 116.5
0.054 0.058 1.022
437 0 139.8
0.053 0.057 1.087
460 0 139.8
0.053 0.056 1.004
437.106 0 116.5
0.054 0.058 1.022
414.1 0 116.5
0.053 0.057 1.087
414 0 139.8
0.053 0.058 1.161
437 0 139.8
0.053 0.057 1.087
414.3 0 69.9
0.053 0.057 0.960
391.283 0 69.9
0.051 0.055 0.998
391.189 0 93.2
0.052 0.056 1.063
414.2 0 93.2
0.053 0.057 1.018
391.283 0 69.9
0.051 0.055 0.998
368.267 0 69.9
0.047 0.052 1.011
368.178 0 93.2
0.049 0.053 1.087
391.189 0 93.2
0.052 0.056 1.063
368.267 0 69.9
0.047 0.052 1.011
345.25 0 69.9
0.042 0.047 0.999
345.167 0 93.2
0.044 0.049 1.091
368.178 0 93.2
0.049 0.053 1.087
414.2 0 93.2
0.053 0.057 1.018
391.189 0 93.2
0.052 0.056 1.063
391.094 0 116.5
0.052 0.056 1.139
414.1 0 116.5
0.053 0.057 1.087
391.189 0 93.2
0.052 0.056 1.063
368.178 0 93.2
0.049 0.053 1.087
368.089 0 116.5
0.049 0.054 1.173
391.094 0 116.5
0.052 0.056 1.139
368.178 0 93.2
0.049 0.053 1.087
345.167 0 93.2
0.044 0.049 1.091
345.083 0 116.5
0.045 0.051 1.187
368.089 0 116.5
0.049 0.054 1.173
414.1 0 116.5
0.053 0.057 1.087
391.094 0 116.5
0.052 0.056 1.139
391 0 139.8
0.052 0.057 1.221
414 0 139.8
0.053 0.058 1.161
391.094 0 116.5
0.052 0.056 1.139
368.089 0 116.5
0.049 0.054 1.173
368 0 139.8
0.050 0.055 1.263
391 0 139.8
0.052 0.057 1.221
368.089 0 116.5
0.049 0.054 1.173
345.083 0 116.5
0.045 0.051 1.187
345 0 139.8
0.045 0.051 1.284
368 0 139.8
0.050 0.055 1.263
345.25 0 69.9
0.042 0.047 0.999
322.233 0 69.9
0.037 0.042 0.965
322.156 0 93.2
0.040 0.046 1.077
345.167 0 93.2
0.044 0.049 1.091
322.233 0 69.9
0.037 0.042 0.965
299.217 0 69.9
0.032 0.037 0.734
299.144 0 93.2
0.033 0.038 0.802
322.156 0 93.2
0.040 0.046 1.077
299.217 0 69.9
0.032 0.037 0.734
276.2 0 69.9
0.025 0.030 0.326
276.133 0 93.2
0.022 0.026 0.318
299.144 0 93.2
0.033 0.038 0.802
345.167 0 93.2
0.044 0.049 1.091
322.156 0 93.2
0.040 0.046 1.077
322.078 0 116.5
0.041 0.047 1.181
345.083 0 116.5
0.045 0.051 1.187
322.156 0 93.2
0.040 0.046 1.077
299.144 0 93.2
0.033 0.038 0.802
299.072 0 116.5
0.030 0.034 0.909
322.078 0 116.5
0.041 0.047 1.181
299.144 0 93.2
0.033 0.038 0.802
276.133 0 93.2
0.022 0.026 0.318
276.067 0 116.5
0.013 0.015 0.390
299.072 0 116.5
0.030 0.034 0.909
345.083 0 116.5
0.045 0.051 1.187
322.078 0 116.5
0.041 0.047 1.181
322 0 139.8
0.039 0.045 1.281
345 0 139.8
0.045 0.051 1.284
322.078 0 116.5
0.041 0.047 1.181
299.072 0 116.5
0.030 0.034 0.909
299 0 139.8
0.026 0.031 1.119
322 0 139.8
0.039 0.045 1.281
299.072 0 116.5
0.030 0.034 0.909
276.067 0 116.5
0.013 0.015 0.390
276 0 139.8
0.009 0.011 0.567
299 0 139.8
0.026 0.031 1.119
276.2 0 69.9
0.025 0.030 0.326
253.183 0 69.9
0.019 0.023 0.092
253.122 0 93.2
0.013 0.016 0.095
276.133 0 93.2
0.022 0.026 0.318
253.183 0 69.9
0.019 0.023 0.092
230.167 0 69.9
0.015 0.018 0.053
230.111 0 93.2
0.009 0.010 0.098
253.122 0 93.2
0.013 0.016 0.095
230.167 0 69.9
0.015 0.018 0.053
207.15 0 69.9
0.012 0.014 0.051
207.1 0 93.2
0.006 0.007 0.106
230.111 0 93.2
0.009 0.010 0.098
276.133 0 93.2
0.022 0.026 0.318
253.122 0 93.2
0.013 0.016 0.095
253.061 0 116.5
0.004 0.004 0.139
276.067 0 116.5
0.013 0.015 0.390
253.122 0 93.2
0.013 0.016 0.095
230.111 0 93.2
0.009 0.010 0.098
230.056 0 116.5
0.001 0.001 0.151
253.061 0 116.5
0.004 0.004 0.139
230.111 0 93.2
0.009 0.010 0.098
207.1 0 93.2
0.006 0.007 0.106
207.05 0 116.5
0.000 0.000 0.156
230.056 0 116.5
0.001 0.001 0.151
276.067 0 116.5
0.013 0.015 0.390
253.061 0 116.5
0.004 0.004 0.139
253 0 139.8
0.000 0.000 0.169
276 0 139.8
0.009 0.011 0.567
253.061 0 116.5
0.004 0.004 0.139
230.056 0 116.5
0.001 0.001 0.151
230 0 139.8
0.000 0.000 0.170
253 0 139.8
0.000 0.000 0.169
230.056 0 116.5
0.001 0.001 0.151
207.05 0 116.5
0.000 0.000 0.156
207 0 139.8
0.000 0.000 0.170
230 0 139.8
0.000 0.000 0.170
207.15 0 69.9
0.012 0.014 0.051
184.133 0 69.9
0.009 0.011 0.058
184.089 0 93.2
0.003 0.004 0.116
207.1 0 93.2
0.006 0.007 0.106
184.133 0 69.9
0.009 0.011 0.058
161.117 0 69.9
0.007 0.007 0.067
161.078 0 93.2
0.001 0.001 0.125
184.089 0 93.2
0.003 0.004 0.116
161.117 0 69.9
0.007 0.007 0.067
138.1 0 69.9
0.007 0.006 0.059
138.067 0 93.2
0.002 0.001 0.111
161.078 0 93.2
0.001 0.001 0.125
207.1 0 93.2
0.006 0.007 0.106
184.089 0 93.2
0.003 0.004 0.116
184.044 0 116.5
0.000 0.000 0.153
207.05 0 116.5
0.000 0.000 0.156
184.089 0 93.2
0.003 0.004 0.116
161.078 0 93.2
0.001 0.001 0.125
161.039 0 116.5
0.000 0.000 0.148
184.044 0 116.5
0.000 0.000 0.153
161.078 0 93.2
0.001 0.001 0.125
138.067 0 93.2
0.002 0.001 0.111
138.033 0 116.5
0.000 0.000 0.137
161.039 0 116.5
0.000 0.000 0.148
207.05 0 116.5
0.000 0.000 0.156
184.044 0 116.5
0.000 0.000 0.153
184 0 139.8
0.000 0.000 0.166
207 0 139.8
0.000 0.000 0.170
184.044 0 116.5
0.000 0.000 0.153
161.039 0 116.5
0.000 0.000 0.148
161 0 139.8
0.000 0.000 0.160
184 0 139.8
0.000 0.000 0.166
161.039 0 116.5
0.000 0.000 0.148
138.033 0 116.5
0.000 0.000 0.137
138 0 139.8
0.000 0.000 0.152
161 0 139.8
0.000 0.000 0.160
138.1 0 69.9
0.007 0.006 0.059
115.083 0 69.9
0.011 0.007 0.030
115.056 0 93.2
0.008 0.004 0.050
138.067 0 93.2
0.002 0.001 0.111
115.083 0 69.9
0.011 0.007 0.030
92.0667 0 69.9
0.013 0.009 0.013
92.0444 0 93.2
0.013 0.008 0.009
115.056 0 93.2
0.008 0.004 0.050
92.0667 0 69.9
0.013 0.009 0.013
69.05 0 69.9
0.013 0.009 0.014
69.0333 0 93.2
0.013 0.009 0.011
92.0444 0 93.2
0.013 0.008 0.009
138.067 0 93.2
0.002 0.001 0.111
115.056 0 93.2
0.008 0.004 0.050
115.028 0 116.5
0.006 0.003 0.073
138.033 0 116.5
0.000 0.000 0.137
115.056 0 93.2
0.008 0.004 0.050
92.0444 0 93.2
0.013 0.008 0.009
92.0222 0 116.5
0.012 0.006 0.013
115.028 0 116.5
0.006 0.003 0.073
92.0444 0 93.2
0.013 0.008 0.009
69.0333 0 93.2
0.013 0.009 0.011
69.0167 0 116.5
0.012 0.008 0.008
92.0222 0 116.5
0.012 0.006 0.013
138.033 0 116.5
0.000 0.000 0.137
115.028 0 116.5
0.006 0.003 0.073
115 0 139.8
0.004 0.002 0.099
138 0 139.8
0.000 0.000 0.152
115.028 0 116.5
0.006 0.003 0.073
92.0222 0 116.5
0.012 0.006 0.013
92 0 139.8
0.010 0.005 0.029
115 0 139.8
0.004 0.002 0.099
92.0222 0 116.5
0.012 0.006 0.013
69.0167 0 116.5
0.012 0.008 0.008
69 0 139.8
0.012 0.008 0.008
92 0 139.8
0.010 0.005 0.029
69.05 0 69.9
0.013 0.009 0.014
46.0333 0 69.9
0.011 0.009 0.013
46.0222 0 93.2
0.012 0.009 0.012
69.0333 0 93.2
0.013 0.009 0.011
46.0333 0 69.9
0.011 0.009 0.013
23.0167 0 69.9
0.010 0.008 0.012
23.0111 0 93.2
0.011 0.010 0.012
46.0222 0 93.2
0.012 0.009 0.012
23.0167 0 69.9
0.010 0.008 0.012
0 0 69.9
0.009 0.008 0.012
0 0 93.2
0.010 0.009 0.012
23.0111 0 93.2
0.011 0.010 0.012
69.0333 0 93.2
0.013 0.009 0.011
46.0222 0 93.2
0.012 0.009 0.012
46.0111 0 116.5
0.012 0.009 0.009
69.0167 0 116.5
0.012 0.008 0.008
46.0222 0 93.2
0.012 0.009 0.012
23.0111 0 93.2
0.011 0.010 0.012
23.0056 0 116.5
0.011 0.009 0.010
46.0111 0 116.5
0.012 0.009 0.009
23.0111 0 93.2
0.011 0.010 0.012
0 0 93.2
0.010 0.009 0.012
0 0 116.5
0.010 0.010 0.010
23.0056 0 116.5
0.011 0.009 0.010
69.0167 0 116.5
0.012 0.008 0.008
46.0111 0 116.5
0.012 0.009 0.009
46 0 139.8
0.012 0.009 0.009
69 0 139.8
0.012 0.008 0.008
46.0111 0 116.5
0.012 0.009 0.009
23.0056 0 116.5
0.011 0.009 0.010
23 0 139.8
0.011 0.009 0.009
46 0 139.8
0.012 0.009 0.009
23.0056 0 116.5
0.011 0.009 0.010
0 0 116.5
0.010 0.010 0.010
0 0 139.8
0.011 0.010 0.010
23 0 139.8
0.011 0.009 0.009
552 0 139.8
0.046 0.046 0.703
529 0 139.8
0.048 0.048 0.745
528.872 0 163.1
0.048 0.047 0.783
551.867 0 163.1
0.047 0.046 0.739
529 0 139.8
0.048 0.048 0.745
506 0 139.8
0.050 0.051 0.830
505.878 0 163.1
0.049 0.050 0.873
528.872 0 163.1
0.048 0.047 0.783
506 0 139.8
0.050 0.051 0.830
483 0 139.8
0.051 0.054 0.917
482.883 0 163.1
0.051 0.052 0.967
505.878 0 163.1
0.049 0.050 0.873
551.867 0 163.1
0.047 0.046 0.739
528.872 0 163.1
0.048 0.047 0.783
528.744 0 186.4
0.048 0.048 0.817
551.733 0 186.4
0.048 0.047 0.771
528.872 0 163.1
0.048 0.047 0.783
505.878 0 163.1
0.049 0.050 0.873
505.756 0 186.4
0.049 0.050 0.912
528.744 0 186.4
0.048 0.048 0.817
505.878 0 163.1
0.049 0.050 0.873
482.883 0 163.1
0.051 0.052 0.967
482.767 0 186.4
0.050 0.051 1.010
505.756 0 186.4
0.049 0.050 0.912
551.733 0 186.4
0.048 0.047 0.771
528.744 0 186.4
0.048 0.048 0.817
528.617 0 209.7
0.049 0.048 0.845
551.6 0 209.7
0.049 0.048 0.797
528.744 0 186.4
0.048 0.048 0.817
505.756 0 186.4
0.049 0.050 0.912
505.633 0 209.7
0.049 0.049 0.943
528.617 0 209.7
0.049 0.048 0.845
505.756 0 186.4
0.049 0.050 0.912
482.767 0 186.4
0.050 0.051 1.010
482.65 0 209.7
0.049 0.050 1.046
505.633 0 209.7
0.049 0.049 0.943
483 0 139.8
0.051 0.054 0.917
460 0 139.8
0.053 0.056 1.004
459.889 0 163.1
0.051 0.054 1.059
482.883 0 163.1
0.051 0.052 0.967
460 0 139.8
0.053 0.056 1.004
437 0 139.8
0.053 0.057 1.087
436.894 0 163.1
0.051 0.055 1.148
459.889 0 163.1
0.051 0.054 1.059
437 0 139.8
0.053 0.057 1.087
414 0 139.8
0.053 0.058 1.161
413.9 0 163.1
0.050 0.055 1.231
436.894 0 163.1
0.051 0.055 1.148
482.883 0 163.1
0.051 0.052 0.967
459.889 0 163.1
0.051 0.054 1.059
459.778 0 186.4
0.050 0.052 1.109
482.767 0 186.4
0.050 0.051 1.010
459.889 0 163.1
0.051 0.054 1.059
436.894 0 163.1
0.051 0.055 1.148
436.789 0 186.4
0.048 0.051 1.204
459.778 0 186.4
0.050 0.052 1.109
436.894 0 163.1
0.051 0.055 1.148
413.9 0 163.1
0.050 0.055 1.231
413.8 0 186.4
0.047 0.051 1.293
436.789 0 186.4
0.048 0.051 1.204
482.767 0 186.4
0.050 0.051 1.010
459.778 0 186.4
0.050 0.052 1.109
459.667 0 209.7
0.047 0.049 1.149
482.65 0 209.7
0.049 0.050 1.046
459.778 0 186.4
0.050 0.052 1.109
436.789 0 186.4
0.048 0.051 1.204
436.683 0 209.7
0.046 0.048 1.251
459.667 0 209.7
0.047 0.049 1.149
436.789 0 186.4
0.048 0.051 1.204
413.8 0 186.4
0.047 0.051 1.293
413.7 0 209.7
0.043 0.046 1.344
436.683 0 209.7
0.046 0.048 1.251
414 0 139.8
0.053 0.058 1.161
391 0 139.8
0.052 0.057 1.221
390.906 0 163.1
0.049 0.054 1.299
413.9 0 163.1
0.050 0.055 1.231
391 0 139.8
0.052 0.057 1.221
368 0 139.8
0.050 0.055 1.263
367.911 0 163.1
0.047 0.053 1.350
390.906 0 163.1
0.049 0.054 1.299
368 0 139.8
0.050 0.055 1.263
345 0 139.8
0.045 0.051 1.284
344.917 0 163.1
0.043 0.049 1.378
367.911 0 163.1
0.047 0.053 1.350
413.9 0 163.1
0.050 0.055 1.231
390.906 0 163.1
0.049 0.054 1.299
390.811 0 186.4
0.044 0.049 1.368
413.8 0 186.4
0.047 0.051 1.293
390.906 0 163.1
0.049 0.054 1.299
367.911 0 163.1
0.047 0.053 1.350
367.822 0 186.4
0.042 0.047 1.426
390.811 0 186.4
0.044 0.049 1.368
367.911 0 163.1
0.047 0.053 1.350
344.917 0 163.1
0.043 0.049 1.378
344.833 0 186.4
0.038 0.044 1.461
367.822 0 186.4
0.042 0.047 1.426
413.8 0 186.4
0.047 0.051 1.293
390.811 0 186.4
0.044 0.049 1.368
390.717 0 209.7
0.040 0.044 1.426
413.7 0 209.7
0.043 0.046 1.344
390.811 0 186.4
0.044 0.049 1.368
367.822 0 186.4
0.042 0.047 1.426
367.733 0 209.7
0.037 0.042 1.490
390.717 0 209.7
0.040 0.044 1.426
367.822 0 186.4
0.042 0.047 1.426
344.833 0 186.4
0.038 0.044 1.461
344.75 0 209.7
0.033 0.039 1.530
367.733 0 209.7
0.037 0.042 1.490
345 0 139.8
0.045 0.051 1.284
322 0 139.8
0.039 0.045 1.281
321.922 0 163.1
0.036 0.042 1.378
344.917 0 163.1
0.043 0.049 1.378
322 0 139.8
0.039 0.045 1.281
299 0 139.8
0.026 0.031 1.119
298.928 0 163.1
0.026 0.032 1.323
321.922 0 163.1
0.036 0.042 1.378
299 0 139.8
0.026 0.031 1.119
276 0 139.8
0.009 0.011 0.567
275.933 0 163.1
0.011 0.014 0.792
298.928 0 163.1
0.026 0.032 1.323
344.917 0 163.1
0.043 0.049 1.378
321.922 0 163.1
0.036 0.042 1.378
321.844 0 186.4
0.031 0.037 1.466
344.833 0 186.4
0.038 0.044 1.461
321.922 0 163.1
0.036 0.042 1.378
298.928 0 163.1
0.026 0.032 1.323
298.856 0 186.4
0.024 0.030 1.443
321.844 0 186.4
0.031 0.037 1.466
298.928 0 163.1
0.026 0.032 1.323
275.933 0 163.1
0.011 0.014 0.792
275.867 0 186.4
0.013 0.017 1.036
298.856 0 186.4
0.024 0.030 1.443
344.833 0 186.4
0.038 0.044 1.461
321.844 0 186.4
0.031 0.037 1.466
321.767 0 209.7
0.025 0.031 1.539
344.75 0 209.7
0.033 0.039 1.530
321.844 0 186.4
0.031 0.037 1.466
298.856 0 186.4
0.024 0.030 1.443
298.783 0 209.7
0.019 0.025 1.520
321.767 0 209.7
0.025 0.031 1.539
298.856 0 186.4
0.024 0.030 1.443
275.867 0 186.4
0.013 0.017 1.036
275.8 0 209.7
0.013 0.018 1.289
298.783 0 209.7
0.019 0.025 1.520
276 0 139.8
0.009 0.011 0.567
253 0 139.8
0.000 0.000 0.169
252.939 0 163.1
0.001 0.001 0.246
275.933 0 163.1
0.011 0.014 0.792
253 0 139.8
0.000 0.000 0.169
230 0 139.8
0.000 0.000 0.170
229.944 0 163.1
0.000 0.000 0.182
252.939 0 163.1
0.001 0.001 0.246
230 0 139.8
0.000 0.000 0.170
207 0 139.8
0.000 0.000 0.170
206.95 0 163.1
0.000 0.000 0.182
229.944 0 163.1
0.000 0.000 0.182
275.933 0 163.1
0.011 0.014 0.792
252.939 0 163.1
0.001 0.001 0.246
252.878 0 186.4
0.003 0.004 0.419
275.867 0 186.4
0.013 0.017 1.036
252.939 0 163.1
0.001 0.001 0.246
229.944 0 163.1
0.000 0.000 0.182
229.889 0 186.4
0.000 0.000 0.191
252.878 0 186.4
0.003 0.004 0.419
229.944 0 163.1
0.000 0.000 0.182
206.95 0 163.1
0.000 0.000 0.182
206.9 0 186.4
0.000 0.000 0.191
229.889 0 186.4
0.000 0.000 0.191
275.867 0 186.4
0.013 0.017 1.036
252.878 0 186.4
0.003 0.004 0.419
252.817 0 209.7
0.004 0.006 0.635
275.8 0 209.7
0.013 0.018 1.289
252.878 0 186.4
0.003 0.004 0.419
229.889 0 186.4
0.000 0.000 0.191
229.833 0 209.7
0.000 0.000 0.198
252.817 0 209.7
0.004 0.006 0.635
229.889 0 186.4
0.000 0.000 0.191
206.9 0 186.4
0.000 0.000 0.191
206.85 0 209.7
0.000 0.000 0.197
229.833 0 209.7
0.000 0.000 0.198
207 0 139.8
0.000 0.000 0.170
184 0 139.8
0.000 0.000 0.166
183.956 0 163.1
0.000 0.000 0.178
206.95 0 163.1
0.000 0.000 0.182
184 0 139.8
0.000 0.000 0.166
161 0 139.8
0.000 0.000 0.160
160.961 0 163.1
0.000 0.000 0.171
183.956 0 163.1
0.000 0.000 0.178
161 0 139.8
0.000 0.000 0.160
138 0 139.8
0.000 0.000 0.152
137.967 0 163.1
0.000 0.000 0.162
160.961 0 163.1
0.000 0.000 0.171
206.95 0 163.1
0.000 0.000 0.182
183.956 0 163.1
0.000 0.000 0.178
183.911 0 186.4
0.000 0.000 0.187
206.9 0 186.4
0.000 0.000 0.191
183.956 0 163.1
0.000 0.000 0.178
160.961 0 163.1
0.000 0.000 0.171
160.922 0 186.4
0.000 0.000 0.180
183.911 0 186.4
0.000 0.000 0.187
160.961 0 163.1
0.000 0.000 0.171
137.967 0 163.1
0.000 0.000 0.162
137.933 0 186.4
0.000 0.000 0.170
160.922 0 186.4
0.000 0.000 0.180
206.9 0 186.4
0.000 0.000 0.191
183.911 0 186.4
0.000 0.000 0.187
183.867 0 209.7
0.000 0.000 0.193
206.85 0 209.7
0.000 0.000 0.197
183.911 0 186.4
0.000 0.000 0.187
160.922 0 186.4
0.000 0.000 0.180
160.883 0 209.7
0.000 0.000 0.186
183.867 0 209.7
0.000 0.000 0.193
160.922 0 186.4
0.000 0.000 0.180
137.933 0 186.4
0.000 0.000 0.170
137.9 0 209.7
0.000 0.000 0.176
160.883 0 209.7
0.000 0.000 0.186
138 0 139.8
0.000 0.000 0.152
115 0 139.8
0.004 0.002 0.099
114.972 0 163.1
0.002 0.001 0.126
137.967 0 163.1
0.000 0.000 0.162
115 0 139.8
0.004 0.002 0.099
92 0 139.8
0.010 0.005 0.029
91.9778 0 163.1
0.008 0.004 0.051
114.972 0 163.1
0.002 0.001 0.126
92 0 139.8
0.010 0.005 0.029
69 0 139.8
0.012 0.008 0.008
68.9833 0 163.1
0.012 0.007 0.007
91.9778 0 163.1
0.008 0.004 0.051
137.967 0 163.1
0.000 0.000 0.162
114.972 0 163.1
0.002 0.001 0.126
114.944 0 186.4
0.001 0.000 0.151
137.933 0 186.4
0.000 0.000 0.170
114.972 0 163.1
0.002 0.001 0.126
91.9778 0 163.1
0.008 0.004 0.051
91.9556 0 186.4
0.006 0.003 0.074
114.944 0 186.4
0.001 0.000 0.151
91.9778 0 163.1
0.008 0.004 0.051
68.9833 0 163.1
0.012 0.007 0.007
68.9667 0 186.4
0.012 0.007 0.013
91.9556 0 186.4
0.006 0.003 0.074
137.933 0 186.4
0.000 0.000 0.170
114.944 0 186.4
0.001 0.000 0.151
114.917 0 209.7
0.000 0.000 0.169
137.9 0 209.7
0.000 0.000 0.176
114.944 0 186.4
0.001 0.000 0.151
91.9556 0 186.4
0.006 0.003 0.074
91.9333 0 209.7
0.007 0.005 0.137
114.917 0 209.7
0.000 0.000 0.169
91.9556 0 186.4
0.006 0.003 0.074
68.9667 0 186.4
0.012 0.007 0.013
68.95 0 209.7
0.017 0.013 0.133
91.9333 0 209.7
0.007 0.005 0.137
69 0 139.8
0.012 0.008 0.008
46 0 139.8
0.012 0.009 0.009
45.9889 0 163.1
0.013 0.009 0.010
68.9833 0 163.1
0.012 0.007 0.007
46 0 139.8
0.012 0.009 0.009
23 0 139.8
0.011 0.009 0.009
22.9944 0 163.1
0.014 0.012 0.019
45.9889 0 163.1
0.013 0.009 0.010
23 0 139.8
0.011 0.009 0.009
0 0 139.8
0.011 0.010 0.010
0 0 163.1
0.015 0.014 0.028
22.9944 0 163.1
0.014 0.012 0.019
68.9833 0 163.1
0.012 0.007 0.007
45.9889 0 163.1
0.013 0.009 0.010
45.9778 0 186.4
0.016 0.013 0.039
68.9667 0 186.4
0.012 0.007 0.013
45.9889 0 163.1
0.013 0.009 0.010
22.9944 0 163.1
0.014 0.012 0.019
22.9889 0 186.4
0.020 0.018 0.092
45.9778 0 186.4
0.016 0.013 0.039
22.9944 0 163.1
0.014 0.012 0.019
0 0 163.1
0.015 0.014 0.028
0 0 186.4
0.021 0.021 0.120
22.9889 0 186.4
0.020 0.018 0.092
68.9667 0 186.4
0.012 0.007 0.013
45.9778 0 186.4
0.016 0.013 0.039
45.9667 0 209.7
0.023 0.020 0.187
68.95 0 209.7
0.017 0.013 0.133
45.9778 0 186.4
0.016 0.013 0.039
22.9889 0 186.4
0.020 0.018 0.092
22.9833 0 209.7
0.026 0.025 0.228
45.9667 0 209.7
0.023 0.020 0.187
22.9889 0 186.4
0.020 0.018 0.092
0 0 186.4
0.021 0.021 0.120
0 0 209.7
0.026 0.026 0.241
22.9833 0 209.7
0.026 0.025 0.228
551.6 0 209.7
0.049 0.048 0.797
528.617 0 209.7
0.049 0.048 0.845
528.489 0 233
0.051 0.049 0.865
551.467 0 233
0.051 0.048 0.816
528.617 0 209.7
0.049 0.048 0.845
505.633 0 209.7
0.049 0.049 0.943
505.511 0 233
0.051 0.049 0.966
528.489 0 233
0.051 0.049 0.865
505.633 0 209.7
0.049 0.049 0.943
482.65 0 209.7
0.049 0.050 1.046
482.533 0 233
0.050 0.049 1.072
505.511 0 233
0.051 0.049 0.966
551.467 0 233
0.051 0.048 0.816
528.489 0 233
0.051 0.049 0.865
528.361 0 256.3
0.052 0.050 0.877
551.333 0 256.3
0.052 0.049 0.827
528.489 0 233
0.051 0.049 0.865
505.511 0 233
0.051 0.049 0.966
505.389 0 256.3
0.052 0.050 0.980
528.361 0 256.3
0.052 0.050 0.877
505.511 0 233
0.051 0.049 0.966
482.533 0 233
0.050 0.049 1.072
482.417 0 256.3
0.052 0.050 1.088
505.389 0 256.3
0.052 0.050 0.980
551.333 0 256.3
0.052 0.049 0.827
528.361 0 256.3
0.052 0.050 0.877
528.233 0 279.6
0.054 0.051 0.879
551.2 0 279.6
0.053 0.050 0.829
528.361 0 256.3
0.052 0.050 0.877
505.389 0 256.3
0.052 0.050 0.980
505.267 0 279.6
0.055 0.052 0.983
528.233 0 279.6
0.054 0.051 0.879
505.389 0 256.3
0.052 0.050 0.980
482.417 0 256.3
0.052 0.050 1.088
482.3 0 279.6
0.053 0.052 1.091
505.267 0 279.6
0.055 0.052 0.983
482.65 0 209.7
0.049 0.050 1.046
459.667 0 209.7
0.047 0.049 1.149
459.555 0 233
0.048 0.048 1.179
482.533 0 233
0.050 0.049 1.072
459.667 0 209.7
0.047 0.049 1.149
436.683 0 209.7
0.046 0.048 1.251
436.578 0 233
0.045 0.046 1.285
459.555 0 233
0.048 0.048 1.179
436.683 0 209.7
0.046 0.048 1.251
413.7 0 209.7
0.043 0.046 1.344
413.6 0 233
0.041 0.043 1.382
436.578 0 233
0.045 0.046 1.285
482.533 0 233
0.050 0.049 1.072
459.555 0 233
0.048 0.048 1.179
459.444 0 256.3
0.049 0.048 1.197
482.417 0 256.3
0.052 0.050 1.088
459.555 0 233
0.048 0.048 1.179
436.578 0 233
0.045 0.046 1.285
436.472 0 256.3
0.045 0.045 1.303
459.444 0 256.3
0.049 0.048 1.197
436.578 0 233
0.045 0.046 1.285
413.6 0 233
0.041 0.043 1.382
413.5 0 256.3
0.041 0.041 1.403
436.472 0 256.3
0.045 0.045 1.303
482.417 0 256.3
0.052 0.050 1.088
459.444 0 256.3
0.049 0.048 1.197
459.333 0 279.6
0.050 0.049 1.199
482.3 0 279.6
0.053 0.052 1.091
459.444 0 256.3
0.049 0.048 1.197
436.472 0 256.3
0.045 0.045 1.303
436.367 0 279.6
0.047 0.046 1.306
459.333 0 279.6
0.050 0.049 1.199
436.472 0 256.3
0.045 0.045 1.303
413.5 0 256.3
0.041 0.041 1.403
413.4 0 279.6
0.043 0.043 1.408
436.367 0 279.6
0.047 0.046 1.306
413.7 0 209.7
0.043 0.046 1.344
390.717 0 209.7
0.040 0.044 1.426
390.622 0 233
0.037 0.040 1.468
413.6 0 233
0.041 0.043 1.382
390.717 0 209.7
0.040 0.044 1.426
367.733 0 209.7
0.037 0.042 1.490
367.644 0 233
0.035 0.038 1.538
390.622 0 233
0.037 0.040 1.468
367.733 0 209.7
0.037 0.042 1.490
344.75 0 209.7
0.033 0.039 1.530
344.667 0 233
0.029 0.033 1.581
367.644 0 233
0.035 0.038 1.538
413.6 0 233
0.041 0.043 1.382
390.622 0 233
0.037 0.040 1.468
390.528 0 256.3
0.037 0.038 1.493
413.5 0 256.3
0.041 0.041 1.403
390.622 0 233
0.037 0.040 1.468
367.644 0 233
0.035 0.038 1.538
367.556 0 256.3
0.035 0.036 1.566
390.528 0 256.3
0.037 0.038 1.493
367.644 0 233
0.035 0.038 1.538
344.667 0 233
0.029 0.033 1.581
344.583 0 256.3
0.028 0.029 1.611
367.556 0 256.3
0.035 0.036 1.566
413.5 0 256.3
0.041 0.041 1.403
390.528 0 256.3
0.037 0.038 1.493
390.433 0 279.6
0.041 0.040 1.499
413.4 0 279.6
0.043 0.043 1.408
390.528 0 256.3
0.037 0.038 1.493
367.556 0 256.3
0.035 0.036 1.566
367.467 0 279.6
0.036 0.036 1.571
390.433 0 279.6
0.041 0.040 1.499
367.556 0 256.3
0.035 0.036 1.566
344.583 0 256.3
0.028 0.029 1.611
344.5 0 279.6
0.029 0.028 1.616
367.467 0 279.6
0.036 0.036 1.571
344.75 0 209.7
0.033 0.039 1.530
321.767 0 209.7
0.025 0.031 1.539
321.689 0 233
0.021 0.026 1.595
344.667 0 233
0.029 0.033 1.581
321.767 0 209.7
0.025 0.031 1.539
298.783 0 209.7
0.019 0.025 1.520
298.711 0 233
0.016 0.022 1.579
321.689 0 233
0.021 0.026 1.595
298.783 0 209.7
0.019 0.025 1.520
275.8 0 209.7
0.013 0.018 1.289
275.733 0 233
0.013 0.018 1.487
298.711 0 233
0.016 0.022 1.579
344.667 0 233
0.029 0.033 1.581
321.689 0 233
0.021 0.026 1.595
321.611 0 256.3
0.021 0.023 1.628
344.583 0 256.3
0.028 0.029 1.611
321.689 0 233
0.021 0.026 1.595
298.711 0 233
0.016 0.022 1.579
298.639 0 256.3
0.017 0.020 1.617
321.611 0 256.3
0.021 0.023 1.628
298.711 0 233
0.016 0.022 1.579
275.733 0 233
0.013 0.018 1.487
275.667 0 256.3
0.015 0.018 1.572
298.639 0 256.3
0.017 0.020 1.617
344.583 0 256.3
0.028 0.029 1.611
321.611 0 256.3
0.021 0.023 1.628
321.533 0 279.6
0.023 0.021 1.636
344.5 0 279.6
0.029 0.028 1.616
321.611 0 256.3
0.021 0.023 1.628
298.639 0 256.3
0.017 0.020 1.617
298.567 0 279.6
0.021 0.019 1.627
321.533 0 279.6
0.023 0.021 1.636
298.639 0 256.3
0.017 0.020 1.617
275.667 0 256.3
0.015 0.018 1.572
275.6 0 279.6
0.020 0.018 1.588
298.567 0 279.6
0.021 0.019 1.627
275.8 0 209.7
0.013 0.018 1.289
252.817 0 209.7
0.004 0.006 0.635
252.756 0 233
0.005 0.008 0.861
275.733 0 233
0.013 0.018 1.487
252.817 0 209.7
0.004 0.006 0.635
229.833 0 209.7
0.000 0.000 0.198
229.778 0 233
0.000 0.001 0.257
252.756 0 233
0.005 0.008 0.861
229.833 0 209.7
0.000 0.000 0.198
206.85 0 209.7
0.000 0.000 0.197
206.8 0 233
0.000 0.000 0.200
229.778 0 233
0.000 0.001 0.257
275.733 0 233
0.013 0.018 1.487
252.756 0 233
0.005 0.008 0.861
252.694 0 256.3
0.009 0.011 1.123
275.667 0 256.3
0.015 0.018 1.572
252.756 0 233
0.005 0.008 0.861
229.778 0 233
0.000 0.001 0.257
229.722 0 256.3
0.006 0.005 0.553
252.694 0 256.3
0.009 0.011 1.123
229.778 0 233
0.000 0.001 0.257
206.8 0 233
0.000 0.000 0.200
206.75 0 256.3
0.009 0.006 0.425
229.722 0 256.3
0.006 0.005 0.553
275.667 0 256.3
0.015 0.018 1.572
252.694 0 256.3
0.009 0.011 1.123
252.633 0 279.6
0.017 0.015 1.393
275.6 0 279.6
0.020 0.018 1.588
252.694 0 256.3
0.009 0.011 1.123
229.722 0 256.3
0.006 0.005 0.553
229.667 0 279.6
0.018 0.014 1.057
252.633 0 279.6
0.017 0.015 1.393
229.722 0 256.3
0.006 0.005 0.553
206.75 0 256.3
0.009 0.006 0.425
206.7 0 279.6
0.022 0.017 0.870
229.667 0 279.6
0.018 0.014 1.057
206.85 0 209.7
0.000 0.000 0.197
183.867 0 209.7
0.000 0.000 0.193
183.822 0 233
0.001 0.001 0.215
206.8 0 233
0.000 0.000 0.200
183.867 0 209.7
0.000 0.000 0.193
160.883 0 209.7
0.000 0.000 0.186
160.844 0 233
0.005 0.003 0.252
183.822 0 233
0.001 0.001 0.215
160.883 0 209.7
0.000 0.000 0.186
137.9 0 209.7
0.000 0.000 0.176
137.867 0 233
0.009 0.007 0.288
160.844 0 233
0.005 0.003 0.252
206.8 0 233
0.000 0.000 0.200
183.822 0 233
0.001 0.001 0.215
183.778 0 256.3
0.014 0.010 0.467
206.75 0 256.3
0.009 0.006 0.425
183.822 0 233
0.001 0.001 0.215
160.844 0 233
0.005 0.003 0.252
160.806 0 256.3
0.019 0.014 0.496
183.778 0 256.3
0.014 0.010 0.467
160.844 0 233
0.005 0.003 0.252
137.867 0 233
0.009 0.007 0.288
137.833 0 256.3
0.025 0.019 0.512
160.806 0 256.3
0.019 0.014 0.496
206.75 0 256.3
0.009 0.006 0.425
183.778 0 256.3
0.014 0.010 0.467
183.733 0 279.6
0.027 0.021 0.830
206.7 0 279.6
0.022 0.017 0.870
183.778 0 256.3
0.014 0.010 0.467
160.806 0 256.3
0.019 0.014 0.496
160.767 0 279.6
0.031 0.024 0.775
183.733 0 279.6
0.027 0.021 0.830
160.806 0 256.3
0.019 0.014 0.496
137.833 0 256.3
0.025 0.019 0.512
137.8 0 279.6
0.033 0.026 0.707
160.767 0 279.6
0.031 0.024 0.775
137.9 0 209.7
0.000 0.000 0.176
114.917 0 209.7
0.000 0.000 0.169
114.889 0 233
0.013 0.010 0.310
137.867 0 233
0.009 0.007 0.288
114.917 0 209.7
0.000 0.000 0.169
91.9333 0 209.7
0.007 0.005 0.137
91.9111 0 233
0.019 0.015 0.312
114.889 0 233
0.013 0.010 0.310
91.9333 0 209.7
0.007 0.005 0.137
68.95 0 209.7
0.017 0.013 0.133
68.9333 0 233
0.027 0.022 0.321
91.9111 0 233
0.019 0.015 0.312
137.867 0 233
0.009 0.007 0.288
114.889 0 233
0.013 0.010 0.310
114.861 0 256.3
0.028 0.022 0.510
137.833 0 256.3
0.025 0.019 0.512
114.889 0 233
0.013 0.010 0.310
91.9111 0 233
0.019 0.015 0.312
91.8889 0 256.3
0.031 0.026 0.481
114.861 0 256.3
0.028 0.022 0.510
91.9111 0 233
0.019 0.015 0.312
68.9333 0 233
0.027 0.022 0.321
68.9167 0 256.3
0.033 0.029 0.437
91.8889 0 256.3
0.031 0.026 0.481
137.833 0 256.3
0.025 0.019 0.512
114.861 0 256.3
0.028 0.022 0.510
114.833 0 279.6
0.033 0.027 0.638
137.8 0 279.6
0.033 0.026 0.707
114.861 0 256.3
0.028 0.022 0.510
91.8889 0 256.3
0.031 0.026 0.481
91.8667 0 279.6
0.034 0.029 0.572
114.833 0 279.6
0.033 0.027 0.638
91.8889 0 256.3
0.031 0.026 0.481
68.9167 0 256.3
0.033 0.029 0.437
68.9 0 279.6
0.035 0.032 0.511
91.8667 0 279.6
0.034 0.029 0.572
68.95 0 209.7
0.017 0.013 0.133
45.9667 0 209.7
0.023 0.020 0.187
45.9556 0 233
0.029 0.027 0.330
68.9333 0 233
0.027 0.022 0.321
45.9667 0 209.7
0.023 0.020 0.187
22.9833 0 209.7
0.026 0.025 0.228
22.9778 0 233
0.029 0.028 0.309
45.9556 0 233
0.029 0.027 0.330
22.9833 0 209.7
0.026 0.025 0.228
0 0 209.7
0.026 0.026 0.241
0 0 233
0.029 0.029 0.293
22.9778 0 233
0.029 0.028 0.309
68.9333 0 233
0.027 0.022 0.321
45.9556 0 233
0.029 0.027 0.330
45.9444 0 256.3
0.032 0.030 0.392
68.9167 0 256.3
0.033 0.029 0.437
45.9556 0 233
0.029 0.027 0.330
22.9778 0 233
0.029 0.028 0.309
22.9722 0 256.3
0.030 0.030 0.351
45.9444 0 256.3
0.032 0.030 0.392
22.9778 0 233
0.029 0.028 0.309
0 0 233
0.029 0.029 0.293
0 0 256.3
0.029 0.030 0.331
22.9722 0 256.3
0.030 0.030 0.351
68.9167 0 256.3
0.033 0.029 0.437
45.9444 0 256.3
0.032 0.030 0.392
45.9333 0 279.6
0.034 0.032 0.453
68.9 0 279.6
0.035 0.032 0.511
45.9444 0 256.3
0.032 0.030 0.392
22.9722 0 256.3
0.030 0.030 0.351
22.9667 0 279.6
0.031 0.032 0.400
45.9333 0 279.6
0.034 0.032 0.453
22.9722 0 256.3
0.030 0.030 0.351
0 0 256.3
0.029 0.030 0.331
0 0 279.6
0.030 0.031 0.375
22.9667 0 279.6
0.031 0.032 0.400
551.2 0 279.6
0.053 0.050 0.829
528.233 0 279.6
0.054 0.051 0.879
528.105 0 302.9
0.057 0.053 0.872
551.067 0 302.9
0.056 0.052 0.822
528.233 0 279.6
0.054 0.051 0.879
505.267 0 279.6
0.055 0.052 0.983
505.144 0 302.9
0.057 0.054 0.974
528.105 0 302.9
0.057 0.053 0.872
505.267 0 279.6
0.055 0.052 0.983
482.3 0 279.6
0.053 0.052 1.091
482.183 0 302.9
0.055 0.053 1.079
505.144 0 302.9
0.057 0.054 0.974
551.067 0 302.9
0.056 0.052 0.822
528.105 0 302.9
0.057 0.053 0.872
527.978 0 326.2
0.059 0.054 0.854
550.933 0 326.2
0.059 0.054 0.807
528.105 0 302.9
0.057 0.053 0.872
505.144 0 302.9
0.057 0.054 0.974
505.022 0 326.2
0.059 0.054 0.952
527.978 0 326.2
0.059 0.054 0.854
505.144 0 302.9
0.057 0.054 0.974
482.183 0 302.9
0.055 0.053 1.079
482.067 0 326.2
0.057 0.053 1.054
505.022 0 326.2
0.059 0.054 0.952
550.933 0 326.2
0.059 0.054 0.807
527.978 0 326.2
0.059 0.054 0.854
527.85 0 349.5
0.058 0.053 0.827
550.8 0 349.5
0.058 0.053 0.782
527.978 0 326.2
0.059 0.054 0.854
505.022 0 326.2
0.059 0.054 0.952
504.9 0 349.5
0.058 0.054 0.919
527.85 0 349.5
0.058 0.053 0.827
505.022 0 326.2
0.059 0.054 0.952
482.067 0 326.2
0.057 0.053 1.054
481.95 0 349.5
0.058 0.054 1.017
504.9 0 349.5
0.058 0.054 0.919
482.3 0 279.6
0.053 0.052 1.091
459.333 0 279.6
0.050 0.049 1.199
459.222 0 302.9
0.053 0.051 1.187
482.183 0 302.9
0.055 0.053 1.079
459.333 0 279.6
0.050 0.049 1.199
436.367 0 279.6
0.047 0.046 1.306
436.261 0 302.9
0.051 0.049 1.293
459.222 0 302.9
0.053 0.051 1.187
436.367 0 279.6
0.047 0.046 1.306
413.4 0 279.6
0.043 0.043 1.408
413.3 0 302.9
0.049 0.046 1.394
436.261 0 302.9
0.051 0.049 1.293
482.183 0 302.9
0.055 0.053 1.079
459.222 0 302.9
0.053 0.051 1.187
459.111 0 326.2
0.056 0.052 1.158
482.067 0 326.2
0.057 0.053 1.054
459.222 0 302.9
0.053 0.051 1.187
436.261 0 302.9
0.051 0.049 1.293
436.156 0 326.2
0.054 0.051 1.261
459.111 0 326.2
0.056 0.052 1.158
436.261 0 302.9
0.051 0.049 1.293
413.3 0 302.9
0.049 0.046 1.394
413.2 0 326.2
0.052 0.049 1.359
436.156 0 326.2
0.054 0.051 1.261
482.067 0 326.2
0.057 0.053 1.054
459.111 0 326.2
0.056 0.052 1.158
459 0 349.5
0.057 0.053 1.116
481.95 0 349.5
0.058 0.054 1.017
459.111 0 326.2
0.056 0.052 1.158
436.156 0 326.2
0.054 0.051 1.261
436.05 0 349.5
0.056 0.052 1.213
459 0 349.5
0.057 0.053 1.116
436.156 0 326.2
0.054 0.051 1.261
413.2 0 326.2
0.052 0.049 1.359
413.1 0 349.5
0.054 0.051 1.306
436.05 0 349.5
0.056 0.052 1.213
413.4 0 279.6
0.043 0.043 1.408
390.433 0 279.6
0.041 0.040 1.499
390.339 0 302.9
0.046 0.043 1.483
413.3 0 302.9
0.049 0.046 1.394
390.433 0 279.6
0.041 0.040 1.499
367.467 0 279.6
0.036 0.036 1.571
367.378 0 302.9
0.040 0.037 1.553
390.339 0 302.9
0.046 0.043 1.483
367.467 0 279.6
0.036 0.036 1.571
344.5 0 279.6
0.029 0.028 1.616
344.417 0 302.9
0.032 0.029 1.598
367.378 0 302.9
0.040 0.037 1.553
413.3 0 302.9
0.049 0.046 1.394
390.339 0 302.9
0.046 0.043 1.483
390.244 0 326.2
0.049 0.046 1.446
413.2 0 326.2
0.052 0.049 1.359
390.339 0 302.9
0.046 0.043 1.483
367.378 0 302.9
0.040 0.037 1.553
367.289 0 326.2
0.042 0.039 1.512
390.244 0 326.2
0.049 0.046 1.446
367.378 0 302.9
0.040 0.037 1.553
344.417 0 302.9
0.032 0.029 1.598
344.333 0 326.2
0.035 0.032 1.557
367.289 0 326.2
0.042 0.039 1.512
413.2 0 326.2
0.052 0.049 1.359
390.244 0 326.2
0.049 0.046 1.446
390.15 0 349.5
0.051 0.048 1.387
413.1 0 349.5
0.054 0.051 1.306
390.244 0 326.2
0.049 0.046 1.446
367.289 0 326.2
0.042 0.039 1.512
367.2 0 349.5
0.044 0.041 1.449
390.15 0 349.5
0.051 0.048 1.387
367.289 0 326.2
0.042 0.039 1.512
344.333 0 326.2
0.035 0.032 1.557
344.25 0 349.5
0.039 0.035 1.493
367.2 0 349.5
0.044 0.041 1.449
344.5 0 279.6
0.029 0.028 1.616
321.533 0 279.6
0.023 0.021 1.636
321.456 0 302.9
0.027 0.023 1.619
344.417 0 302.9
0.032 0.029 1.598
321.533 0 279.6
0.023 0.021 1.636
298.567 0 279.6
0.021 0.019 1.627
298.494 0 302.9
0.025 0.021 1.613
321.456 0 302.9
0.027 0.023 1.619
298.567 0 279.6
0.021 0.019 1.627
275.6 0 279.6
0.020 0.018 1.588
275.533 0 302.9
0.024 0.020 1.578
298.494 0 302.9
0.025 0.021 1.613
344.417 0 302.9
0.032 0.029 1.598
321.456 0 302.9
0.027 0.023 1.619
321.378 0 326.2
0.031 0.028 1.578
344.333 0 326.2
0.035 0.032 1.557
321.456 0 302.9
0.027 0.023 1.619
298.494 0 302.9
0.025 0.021 1.613
298.422 0 326.2
0.029 0.025 1.574
321.378 0 326.2
0.031 0.028 1.578
298.494 0 302.9
0.025 0.021 1.613
275.533 0 302.9
0.024 0.020 1.578
275.467 0 326.2
0.029 0.024 1.544
298.422 0 326.2
0.029 0.025 1.574
344.333 0 326.2
0.035 0.032 1.557
321.378 0 326.2
0.031 0.028 1.578
321.3 0 349.5
0.036 0.032 1.515
344.25 0 349.5
0.039 0.035 1.493
321.378 0 326.2
0.031 0.028 1.578
298.422 0 326.2
0.029 0.025 1.574
298.35 0 349.5
0.035 0.031 1.513
321.3 0 349.5
0.036 0.032 1.515
298.422 0 326.2
0.029 0.025 1.574
275.467 0 326.2
0.029 0.024 1.544
275.4 0 349.5
0.035 0.031 1.487
298.35 0 349.5
0.035 0.031 1.513
275.6 0 279.6
0.020 0.018 1.588
252.633 0 279.6
0.017 0.015 1.393
252.572 0 302.9
0.024 0.020 1.511
275.533 0 302.9
0.024 0.020 1.578
252.633 0 279.6
0.017 0.015 1.393
229.667 0 279.6
0.018 0.014 1.057
229.611 0 302.9
0.027 0.022 1.363
252.572 0 302.9
0.024 0.020 1.511
229.667 0 279.6
0.018 0.014 1.057
206.7 0 279.6
0.022 0.017 0.870
206.65 0 302.9
0.029 0.024 1.156
229.611 0 302.9
0.027 0.022 1.363
275.533 0 302.9
0.024 0.020 1.578
252.572 0 302.9
0.024 0.020 1.511
252.511 0 326.2
0.031 0.026 1.485
275.467 0 326.2
0.029 0.024 1.544
252.572 0 302.9
0.024 0.020 1.511
229.611 0 302.9
0.027 0.022 1.363
229.556 0 326.2
0.034 0.029 1.397
252.511 0 326.2
0.031 0.026 1.485
229.611 0 302.9
0.027 0.022 1.363
206.65 0 302.9
0.029 0.024 1.156
206.6 0 326.2
0.035 0.029 1.242
229.556 0 326.2
0.034 0.029 1.397
275.467 0 326.2
0.029 0.024 1.544
252.511 0 326.2
0.031 0.026 1.485
252.45 0 349.5
0.038 0.033 1.436
275.4 0 349.5
0.035 0.031 1.487
252.511 0 326.2
0.031 0.026 1.485
229.556 0 326.2
0.034 0.029 1.397
229.5 0 349.5
0.041 0.035 1.363
252.45 0 349.5
0.038 0.033 1.436
229.556 0 326.2
0.034 0.029 1.397
206.6 0 326.2
0.035 0.029 1.242
206.55 0 349.5
0.040 0.034 1.256
229.5 0 349.5
0.041 0.035 1.363
206.7 0 279.6
0.022 0.017 0.870
183.733 0 279.6
0.027 0.021 0.830
183.689 0 302.9
0.031 0.025 0.992
206.65 0 302.9
0.029 0.024 1.156
183.733 0 279.6
0.027 0.021 0.830
160.767 0 279.6
0.031 0.024 0.775
160.728 0 302.9
0.033 0.028 0.888
183.689 0 302.9
0.031 0.025 0.992
160.767 0 279.6
0.031 0.024 0.775
137.8 0 279.6
0.033 0.026 0.707
137.767 0 302.9
0.035 0.030 0.802
160.728 0 302.9
0.033 0.028 0.888
206.65 0 302.9
0.029 0.024 1.156
183.689 0 302.9
0.031 0.025 0.992
183.644 0 326.2
0.035 0.029 1.060
206.6 0 326.2
0.035 0.029 1.242
183.689 0 302.9
0.031 0.025 0.992
160.728 0 302.9
0.033 0.028 0.888
160.689 0 326.2
0.036 0.031 0.923
183.644 0 326.2
0.035 0.029 1.060
160.728 0 302.9
0.033 0.028 0.888
137.767 0 302.9
0.035 0.030 0.802
137.733 0 326.2
0.036 0.032 0.819
160.689 0 326.2
0.036 0.031 0.923
206.6 0 326.2
0.035 0.029 1.242
183.644 0 326.2
0.035 0.029 1.060
183.6 0 349.5
0.040 0.034 1.102
206.55 0 349.5
0.040 0.034 1.256
183.644 0 326.2
0.035 0.029 1.060
160.689 0 326.2
0.036 0.031 0.923
160.65 0 349.5
0.039 0.034 0.953
183.6 0 349.5
0.040 0.034 1.102
160.689 0 326.2
0.036 0.031 0.923
137.733 0 326.2
0.036 0.032 0.819
137.7 0 349.5
0.038 0.034 0.834
160.65 0 349.5
0.039 0.034 0.953
137.8 0 279.6
0.033 0.026 0.707
114.833 0 279.6
0.033 0.027 0.638
114.806 0 302.9
0.035 0.030 0.719
137.767 0 302.9
0.035 0.030 0.802
114.833 0 279.6
0.033 0.027 0.638
91.8667 0 279.6
0.034 0.029 0.572
91.8444 0 302.9
0.035 0.031 0.641
114.806 0 302.9
0.035 0.030 0.719
91.8667 0 279.6
0.034 0.029 0.572
68.9 0 279.6
0.035 0.032 0.511
68.8833 0 302.9
0.036 0.034 0.569
91.8444 0 302.9
0.035 0.031 0.641
137.767 0 302.9
0.035 0.030 0.802
114.806 0 302.9
0.035 0.030 0.719
114.778 0 326.2
0.036 0.032 0.735
137.733 0 326.2
0.036 0.032 0.819
114.806 0 302.9
0.035 0.030 0.719
91.8444 0 302.9
0.035 0.031 0.641
91.8222 0 326.2
0.036 0.033 0.660
114.778 0 326.2
0.036 0.032 0.735
91.8444 0 302.9
0.035 0.031 0.641
68.8833 0 302.9
0.036 0.034 0.569
68.8667 0 326.2
0.037 0.035 0.590
91.8222 0 326.2
0.036 0.033 0.660
137.733 0 326.2
0.036 0.032 0.819
114.778 0 326.2
0.036 0.032 0.735
114.75 0 349.5
0.037 0.033 0.731
137.7 0 349.5
0.038 0.034 0.834
114.778 0 326.2
0.036 0.032 0.735
91.8222 0 326.2
0.036 0.033 0.660
91.8 0 349.5
0.037 0.034 0.648
114.75 0 349.5
0.037 0.033 0.731
91.8222 0 326.2
0.036 0.033 0.660
68.8667 0 326.2
0.037 0.035 0.590
68.85 0 349.5
0.037 0.036 0.580
91.8 0 349.5
0.037 0.034 0.648
68.9 0 279.6
0.035 0.032 0.511
45.9333 0 279.6
0.034 0.032 0.453
45.9222 0 302.9
0.035 0.034 0.501
68.8833 0 302.9
0.036 0.034 0.569
45.9333 0 279.6
0.034 0.032 0.453
22.9667 0 279.6
0.031 0.032 0.400
22.9611 0 302.9
0.032 0.033 0.439
45.9222 0 302.9
0.035 0.034 0.501
22.9667 0 279.6
0.031 0.032 0.400
0 0 279.6
0.030 0.031 0.375
0 0 302.9
0.031 0.032 0.410
22.9611 0 302.9
0.032 0.033 0.439
68.8833 0 302.9
0.036 0.034 0.569
45.9222 0 302.9
0.035 0.034 0.501
45.9111 0 326.2
0.036 0.035 0.525
68.8667 0 326.2
0.037 0.035 0.590
45.9222 0 302.9
0.035 0.034 0.501
22.9611 0 302.9
0.032 0.033 0.439
22.9556 0 326.2
0.033 0.034 0.463
45.9111 0 326.2
0.036 0.035 0.525
22.9611 0 302.9
0.032 0.033 0.439
0 0 302.9
0.031 0.032 0.410
0 0 326.2
0.032 0.034 0.434
22.9556 0 326.2
0.033 0.034 0.463
68.8667 0 326.2
0.037 0.035 0.590
45.9111 0 326.2
0.036 0.035 0.525
45.9 0 349.5
0.036 0.037 0.516
68.85 0 349.5
0.037 0.036 0.580
45.9111 0 326.2
0.036 0.035 0.525
22.9556 0 326.2
0.033 0.034 0.463
22.95 0 349.5
0.034 0.035 0.457
45.9 0 349.5
0.036 0.037 0.516
22.9556 0 326.2
0.033 0.034 0.463
0 0 326.2
0.032 0.034 0.434
0 0 349.5
0.033 0.035 0.429
22.95 0 349.5
0.034 0.035 0.457
550.8 0 349.5
0.058 0.053 0.782
527.85 0 349.5
0.058 0.053 0.827
527.722 0 372.8
0.057 0.052 0.791
550.667 0 372.8
0.057 0.052 0.749
527.85 0 349.5
0.058 0.053 0.827
504.9 0 349.5
0.058 0.054 0.919
504.778 0 372.8
0.057 0.053 0.878
527.722 0 372.8
0.057 0.052 0.791
504.9 0 349.5
0.058 0.054 0.919
481.95 0 349.5
0.058 0.054 1.017
481.833 0 372.8
0.057 0.053 0.968
504.778 0 372.8
0.057 0.053 0.878
550.667 0 372.8
0.057 0.052 0.749
527.722 0 372.8
0.057 0.052 0.791
527.594 0 396.1
0.056 0.052 0.750
550.533 0 396.1
0.056 0.051 0.711
527.722 0 372.8
0.057 0.052 0.791
504.778 0 372.8
0.057 0.053 0.878
504.656 0 396.1
0.057 0.052 0.830
527.594 0 396.1
0.056 0.052 0.750
504.778 0 372.8
0.057 0.053 0.878
481.833 0 372.8
0.057 0.053 0.968
481.717 0 396.1
0.057 0.053 0.913
504.656 0 396.1
0.057 0.052 0.830
550.533 0 396.1
0.056 0.051 0.711
527.594 0 396.1
0.056 0.052 0.750
527.467 0 419.4
0.055 0.050 0.704
550.4 0 419.4
0.055 0.050 0.669
527.594 0 396.1
0.056 0.052 0.750
504.656 0 396.1
0.057 0.052 0.830
504.533 0 419.4
0.056 0.051 0.777
527.467 0 419.4
0.055 0.050 0.704
504.656 0 396.1
0.057 0.052 0.830
481.717 0 396.1
0.057 0.053 0.913
481.6 0 419.4
0.056 0.052 0.852
504.533 0 419.4
0.056 0.051 0.777
481.95 0 349.5
0.058 0.054 1.017
459 0 349.5
0.057 0.053 1.116
458.889 0 372.8
0.057 0.053 1.061
481.833 0 372.8
0.057 0.053 0.968
459 0 349.5
0.057 0.053 1.116
436.05 0 349.5
0.056 0.052 1.213
435.944 0 372.8
0.056 0.053 1.151
458.889 0 372.8
0.057 0.053 1.061
436.05 0 349.5
0.056 0.052 1.213
413.1 0 349.5
0.054 0.051 1.306
413 0 372.8
0.055 0.052 1.237
435.944 0 372.8
0.056 0.053 1.151
481.833 0 372.8
0.057 0.053 0.968
458.889 0 372.8
0.057 0.053 1.061
458.778 0 396.1
0.056 0.052 0.997
481.717 0 396.1
0.057 0.053 0.913
458.889 0 372.8
0.057 0.053 1.061
435.944 0 372.8
0.056 0.053 1.151
435.839 0 396.1
0.055 0.052 1.079
458.778 0 396.1
0.056 0.052 0.997
435.944 0 372.8
0.056 0.053 1.151
413 0 372.8
0.055 0.052 1.237
412.9 0 396.1
0.054 0.050 1.156
435.839 0 396.1
0.055 0.052 1.079
481.717 0 396.1
0.057 0.053 0.913
458.778 0 396.1
0.056 0.052 0.997
458.667 0 419.4
0.056 0.051 0.927
481.6 0 419.4
0.056 0.052 0.852
458.778 0 396.1
0.056 0.052 0.997
435.839 0 396.1
0.055 0.052 1.079
435.733 0 419.4
0.055 0.051 1.000
458.667 0 419.4
0.056 0.051 0.927
435.839 0 396.1
0.055 0.052 1.079
412.9 0 396.1
0.054 0.050 1.156
412.8 0 419.4
0.053 0.049 1.067
435.733 0 419.4
0.055 0.051 1.000
413.1 0 349.5
0.054 0.051 1.306
390.15 0 349.5
0.051 0.048 1.387
390.055 0 372.8
0.051 0.048 1.310
413 0 372.8
0.055 0.052 1.237
390.15 0 349.5
0.051 0.048 1.387
367.2 0 349.5
0.044 0.041 1.449
367.111 0 372.8
0.046 0.042 1.368
390.055 0 372.8
0.051 0.048 1.310
367.2 0 349.5
0.044 0.041 1.449
344.25 0 349.5
0.039 0.035 1.493
344.167 0 372.8
0.042 0.038 1.410
367.111 0 372.8
0.046 0.042 1.368
413 0 372.8
0.055 0.052 1.237
390.055 0 372.8
0.051 0.048 1.310
389.961 0 396.1
0.051 0.047 1.222
412.9 0 396.1
0.054 0.050 1.156
390.055 0 372.8
0.051 0.048 1.310
367.111 0 372.8
0.046 0.042 1.368
367.022 0 396.1
0.047 0.043 1.275
389.961 0 396.1
0.051 0.047 1.222
367.111 0 372.8
0.046 0.042 1.368
344.167 0 372.8
0.042 0.038 1.410
344.083 0 396.1
0.045 0.040 1.314
367.022 0 396.1
0.047 0.043 1.275
412.9 0 396.1
0.054 0.050 1.156
389.961 0 396.1
0.051 0.047 1.222
389.867 0 419.4
0.050 0.046 1.126
412.8 0 419.4
0.053 0.049 1.067
389.961 0 396.1
0.051 0.047 1.222
367.022 0 396.1
0.047 0.043 1.275
366.933 0 419.4
0.047 0.043 1.173
389.867 0 419.4
0.050 0.046 1.126
367.022 0 396.1
0.047 0.043 1.275
344.083 0 396.1
0.045 0.040 1.314
344 0 419.4
0.045 0.041 1.208
366.933 0 419.4
0.047 0.043 1.173
344.25 0 349.5
0.039 0.035 1.493
321.3 0 349.5
0.036 0.032 1.515
321.222 0 372.8
0.041 0.036 1.432
344.167 0 372.8
0.042 0.038 1.410
321.3 0 349.5
0.036 0.032 1.515
298.35 0 349.5
0.035 0.031 1.513
298.278 0 372.8
0.040 0.035 1.432
321.222 0 372.8
0.041 0.036 1.432
298.35 0 349.5
0.035 0.031 1.513
275.4 0 349.5
0.035 0.031 1.487
275.333 0 372.8
0.042 0.036 1.410
298.278 0 372.8
0.040 0.035 1.432
344.167 0 372.8
0.042 0.038 1.410
321.222 0 372.8
0.041 0.036 1.432
321.144 0 396.1
0.044 0.039 1.335
344.083 0 396.1
0.045 0.040 1.314
321.222 0 372.8
0.041 0.036 1.432
298.278 0 372.8
0.040 0.035 1.432
298.206 0 396.1
0.044 0.039 1.337
321.144 0 396.1
0.044 0.039 1.335
298.278 0 372.8
0.040 0.035 1.432
275.333 0 372.8
0.042 0.036 1.410
275.267 0 396.1
0.047 0.042 1.319
298.206 0 396.1
0.044 0.039 1.337
344.083 0 396.1
0.045 0.040 1.314
321.144 0 396.1
0.044 0.039 1.335
321.067 0 419.4
0.045 0.040 1.227
344 0 419.4
0.045 0.041 1.208
321.144 0 396.1
0.044 0.039 1.335
298.206 0 396.1
0.044 0.039 1.337
298.133 0 419.4
0.046 0.042 1.231
321.067 0 419.4
0.045 0.040 1.227
298.206 0 396.1
0.044 0.039 1.337
275.267 0 396.1
0.047 0.042 1.319
275.2 0 419.4
0.050 0.045 1.218
298.133 0 419.4
0.046 0.042 1.231
275.4 0 349.5
0.035 0.031 1.487
252.45 0 349.5
0.038 0.033 1.436
252.389 0 372.8
0.045 0.040 1.367
275.333 0 372.8
0.042 0.036 1.410
252.45 0 349.5
0.038 0.033 1.436
229.5 0 349.5
0.041 0.035 1.363
229.444 0 372.8
0.047 0.041 1.301
252.389 0 372.8
0.045 0.040 1.367
229.5 0 349.5
0.041 0.035 1.363
206.55 0 349.5
0.040 0.034 1.256
206.5 0 372.8
0.046 0.040 1.221
229.444 0 372.8
0.047 0.041 1.301
275.333 0 372.8
0.042 0.036 1.410
252.389 0 372.8
0.045 0.040 1.367
252.328 0 396.1
0.051 0.046 1.283
275.267 0 396.1
0.047 0.042 1.319
252.389 0 372.8
0.045 0.040 1.367
229.444 0 372.8
0.047 0.041 1.301
229.389 0 396.1
0.052 0.046 1.224
252.328 0 396.1
0.051 0.046 1.283
229.444 0 372.8
0.047 0.041 1.301
206.5 0 372.8
0.046 0.040 1.221
206.45 0 396.1
0.051 0.045 1.151
229.389 0 396.1
0.052 0.046 1.224
275.267 0 396.1
0.047 0.042 1.319
252.328 0 396.1
0.051 0.046 1.283
252.267 0 419.4
0.055 0.049 1.187
275.2 0 419.4
0.050 0.045 1.218
252.328 0 396.1
0.051 0.046 1.283
229.389 0 396.1
0.052 0.046 1.224
229.333 0 419.4
0.054 0.049 1.135
252.267 0 419.4
0.055 0.049 1.187
229.389 0 396.1
0.052 0.046 1.224
206.45 0 396.1
0.051 0.045 1.151
206.4 0 419.4
0.053 0.048 1.070
229.333 0 419.4
0.054 0.049 1.135
206.55 0 349.5
0.040 0.034 1.256
183.6 0 349.5
0.040 0.034 1.102
183.556 0 372.8
0.045 0.040 1.102
206.5 0 372.8
0.046 0.040 1.221
183.6 0 349.5
0.040 0.034 1.102
160.65 0 349.5
0.039 0.034 0.953
160.611 0 372.8
0.044 0.039 0.958
183.556 0 372.8
0.045 0.040 1.102
160.65 0 349.5
0.039 0.034 0.953
137.7 0 349.5
0.038 0.034 0.834
137.667 0 372.8
0.041 0.037 0.841
160.611 0 372.8
0.044 0.039 0.958
206.5 0 372.8
0.046 0.040 1.221
183.556 0 372.8
0.045 0.040 1.102
183.511 0 396.1
0.051 0.045 1.069
206.45 0 396.1
0.051 0.045 1.151
183.556 0 372.8
0.045 0.040 1.102
160.611 0 372.8
0.044 0.039 0.958
160.572 0 396.1
0.049 0.044 0.946
183.511 0 396.1
0.051 0.045 1.069
160.611 0 372.8
0.044 0.039 0.958
137.667 0 372.8
0.041 0.037 0.841
137.633 0 396.1
0.046 0.042 0.821
160.572 0 396.1
0.049 0.044 0.946
206.45 0 396.1
0.051 0.045 1.151
183.511 0 396.1
0.051 0.045 1.069
183.467 0 419.4
0.054 0.049 1.003
206.4 0 419.4
0.053 0.048 1.070
183.511 0 396.1
0.051 0.045 1.069
160.572 0 396.1
0.049 0.044 0.946
160.533 0 419.4
0.052 0.047 0.915
183.467 0 419.4
0.054 0.049 1.003
160.572 0 396.1
0.049 0.044 0.946
137.633 0 396.1
0.046 0.042 0.821
137.6 0 419.4
0.049 0.045 0.798
160.533 0 419.4
0.052 0.047 0.915
137.7 0 349.5
0.038 0.034 0.834
114.75 0 349.5
0.037 0.033 0.731
114.722 0 372.8
0.040 0.036 0.738
137.667 0 372.8
0.041 0.037 0.841
114.75 0 349.5
0.037 0.033 0.731
91.8 0 349.5
0.037 0.034 0.648
91.7778 0 372.8
0.039 0.036 0.642
114.722 0 372.8
0.040 0.036 0.738
91.8 0 349.5
0.037 0.034 0.648
68.85 0 349.5
0.037 0.036 0.580
68.8333 0 372.8
0.038 0.036 0.564
91.7778 0 372.8
0.039 0.036 0.642
137.667 0 372.8
0.041 0.037 0.841
114.722 0 372.8
0.040 0.036 0.738
114.694 0 396.1
0.044 0.040 0.732
137.633 0 396.1
0.046 0.042 0.821
114.722 0 372.8
0.040 0.036 0.738
91.7778 0 372.8
0.039 0.036 0.642
91.7555 0 396.1
0.041 0.039 0.644
114.694 0 396.1
0.044 0.040 0.732
91.7778 0 372.8
0.039 0.036 0.642
68.8333 0 372.8
0.038 0.036 0.564
68.8167 0 396.1
0.040 0.038 0.557
91.7555 0 396.1
0.041 0.039 0.644
137.633 0 396.1
0.046 0.042 0.821
114.694 0 396.1
0.044 0.040 0.732
114.667 0 419.4
0.047 0.043 0.698
137.6 0 419.4
0.049 0.045 0.798
114.694 0 396.1
0.044 0.040 0.732
91.7555 0 396.1
0.041 0.039 0.644
91.7333 0 419.4
0.044 0.041 0.627
114.667 0 419.4
0.047 0.043 0.698
91.7555 0 396.1
0.041 0.039 0.644
68.8167 0 396.1
0.040 0.038 0.557
68.8 0 419.4
0.041 0.040 0.554
91.7333 0 419.4
0.044 0.041 0.627
68.85 0 349.5
0.037 0.036 0.580
45.9 0 349.5
0.036 0.037 0.516
45.8889 0 372.8
0.036 0.037 0.502
68.8333 0 372.8
0.038 0.036 0.564
45.9 0 349.5
0.036 0.037 0.516
22.95 0 349.5
0.034 0.035 0.457
22.9444 0 372.8
0.034 0.036 0.445
45.8889 0 372.8
0.036 0.037 0.502
22.95 0 349.5
0.034 0.035 0.457
0 0 349.5
0.033 0.035 0.429
0 0 372.8
0.033 0.036 0.418
22.9444 0 372.8
0.034 0.036 0.445
68.8333 0 372.8
0.038 0.036 0.564
45.8889 0 372.8
0.036 0.037 0.502
45.8778 0 396.1
0.038 0.039 0.487
68.8167 0 396.1
0.040 0.038 0.557
45.8889 0 372.8
0.036 0.037 0.502
22.9444 0 372.8
0.034 0.036 0.445
22.9389 0 396.1
0.036 0.038 0.432
45.8778 0 396.1
0.038 0.039 0.487
22.9444 0 372.8
0.034 0.036 0.445
0 0 372.8
0.033 0.036 0.418
0 0 396.1
0.036 0.038 0.407
22.9389 0 396.1
0.036 0.038 0.432
68.8167 0 396.1
0.040 0.038 0.557
45.8778 0 396.1
0.038 0.039 0.487
45.8667 0 419.4
0.040 0.040 0.480
68.8 0 419.4
0.041 0.040 0.554
45.8778 0 396.1
0.038 0.039 0.487
22.9389 0 396.1
0.036 0.038 0.432
22.9333 0 419.4
0.038 0.040 0.418
45.8667 0 419.4
0.040 0.040 0.480
22.9389 0 396.1
0.036 0.038 0.432
0 0 396.1
0.036 0.038 0.407
0 0 419.4
0.038 0.040 0.391
22.9333 0 419.4
0.038 0.040 0.418
550.4 0 419.4
0.055 0.050 0.669
527.467 0 419.4
0.055 0.050 0.704
527.339 0 442.7
0.054 0.049 0.656
550.267 0 442.7
0.054 0.049 0.624
527.467 0 419.4
0.055 0.050 0.704
504.533 0 419.4
0.056 0.051 0.777
504.411 0 442.7
0.055 0.050 0.721
527.339 0 442.7
0.054 0.049 0.656
504.533 0 419.4
0.056 0.051 0.777
481.6 0 419.4
0.056 0.052 0.852
481.483 0 442.7
0.055 0.050 0.787
504.411 0 442.7
0.055 0.050 0.721
550.267 0 442.7
0.054 0.049 0.624
527.339 0 442.7
0.054 0.049 0.656
527.211 0 466
0.053 0.048 0.607
550.133 0 466
0.053 0.048 0.579
527.339 0 442.7
0.054 0.049 0.656
504.411 0 442.7
0.055 0.050 0.721
504.289 0 466
0.054 0.049 0.664
527.211 0 466
0.053 0.048 0.607
504.411 0 442.7
0.055 0.050 0.721
481.483 0 442.7
0.055 0.050 0.787
481.367 0 466
0.055 0.050 0.723
504.289 0 466
0.054 0.049 0.664
550.133 0 466
0.053 0.048 0.579
527.211 0 466
0.053 0.048 0.607
527.083 0 489.3
0.052 0.047 0.558
550 0 489.3
0.052 0.047 0.534
527.211 0 466
0.053 0.048 0.607
504.289 0 466
0.054 0.049 0.664
504.167 0 489.3
0.053 0.048 0.608
527.083 0 489.3
0.052 0.047 0.558
504.289 0 466
0.054 0.049 0.664
481.367 0 466
0.055 0.050 0.723
481.25 0 489.3
0.053 0.049 0.659
504.167 0 489.3
0.053 0.048 0.608
481.6 0 419.4
0.056 0.052 0.852
458.667 0 419.4
0.056 0.051 0.927
458.556 0 442.7
0.054 0.050 0.853
481.483 0 442.7
0.055 0.050 0.787
458.667 0 419.4
0.056 0.051 0.927
435.733 0 419.4
0.055 0.051 1.000
435.628 0 442.7
0.054 0.050 0.918
458.556 0 442.7
0.054 0.050 0.853
435.733 0 419.4
0.055 0.051 1.000
412.8 0 419.4
0.053 0.049 1.067
412.7 0 442.7
0.052 0.048 0.976
435.628 0 442.7
0.054 0.050 0.918
481.483 0 442.7
0.055 0.050 0.787
458.556 0 442.7
0.054 0.050 0.853
458.444 0 466
0.054 0.050 0.780
481.367 0 466
0.055 0.050 0.723
458.556 0 442.7
0.054 0.050 0.853
435.628 0 442.7
0.054 0.050 0.918
435.522 0 466
0.053 0.049 0.836
458.444 0 466
0.054 0.050 0.780
435.628 0 442.7
0.054 0.050 0.918
412.7 0 442.7
0.052 0.048 0.976
412.6 0 466
0.050 0.046 0.885
435.522 0 466
0.053 0.049 0.836
481.367 0 466
0.055 0.050 0.723
458.444 0 466
0.054 0.050 0.780
458.333 0 489.3
0.054 0.049 0.709
481.25 0 489.3
0.053 0.049 0.659
458.444 0 466
0.054 0.050 0.780
435.522 0 466
0.053 0.049 0.836
435.417 0 489.3
0.053 0.049 0.757
458.333 0 489.3
0.054 0.049 0.709
435.522 0 466
0.053 0.049 0.836
412.6 0 466
0.050 0.046 0.885
412.5 0 489.3
0.050 0.046 0.798
435.417 0 489.3
0.053 0.049 0.757
412.8 0 419.4
0.053 0.049 1.067
389.867 0 419.4
0.050 0.046 1.126
389.772 0 442.7
0.049 0.045 1.027
412.7 0 442.7
0.052 0.048 0.976
389.867 0 419.4
0.050 0.046 1.126
366.933 0 419.4
0.047 0.043 1.173
366.844 0 442.7
0.047 0.043 1.070
389.772 0 442.7
0.049 0.045 1.027
366.933 0 419.4
0.047 0.043 1.173
344 0 419.4
0.045 0.041 1.208
343.917 0 442.7
0.046 0.041 1.100
366.844 0 442.7
0.047 0.043 1.070
412.7 0 442.7
0.052 0.048 0.976
389.772 0 442.7
0.049 0.045 1.027
389.678 0 466
0.047 0.043 0.928
412.6 0 466
0.050 0.046 0.885
389.772 0 442.7
0.049 0.045 1.027
366.844 0 442.7
0.047 0.043 1.070
366.756 0 466
0.046 0.042 0.965
389.678 0 466
0.047 0.043 0.928
366.844 0 442.7
0.047 0.043 1.070
343.917 0 442.7
0.046 0.041 1.100
343.833 0 466
0.046 0.041 0.992
366.756 0 466
0.046 0.042 0.965
412.6 0 466
0.050 0.046 0.885
389.678 0 466
0.047 0.043 0.928
389.583 0 489.3
0.047 0.043 0.834
412.5 0 489.3
0.050 0.046 0.798
389.678 0 466
0.047 0.043 0.928
366.756 0 466
0.046 0.042 0.965
366.667 0 489.3
0.046 0.042 0.865
389.583 0 489.3
0.047 0.043 0.834
366.756 0 466
0.046 0.042 0.965
343.833 0 466
0.046 0.041 0.992
343.75 0 489.3
0.046 0.042 0.888
366.667 0 489.3
0.046 0.042 0.865
344 0 419.4
0.045 0.041 1.208
321.067 0 419.4
0.045 0.040 1.227
320.989 0 442.7
0.045 0.041 1.117
343.917 0 442.7
0.046 0.041 1.100
321.067 0 419.4
0.045 0.040 1.227
298.133 0 419.4
0.046 0.042 1.231
298.061 0 442.7
0.047 0.043 1.120
320.989 0 442.7
0.045 0.041 1.117
298.133 0 419.4
0.046 0.042 1.231
275.2 0 419.4
0.050 0.045 1.218
275.133 0 442.7
0.051 0.047 1.110
298.061 0 442.7
0.047 0.043 1.120
343.917 0 442.7
0.046 0.041 1.100
320.989 0 442.7
0.045 0.041 1.117
320.911 0 466
0.046 0.042 1.007
343.833 0 466
0.046 0.041 0.992
320.989 0 442.7
0.045 0.041 1.117
298.061 0 442.7
0.047 0.043 1.120
297.989 0 466
0.049 0.044 1.011
320.911 0 466
0.046 0.042 1.007
298.061 0 442.7
0.047 0.043 1.120
275.133 0 442.7
0.051 0.047 1.110
275.067 0 466
0.053 0.048 1.003
297.989 0 466
0.049 0.044 1.011
343.833 0 466
0.046 0.041 0.992
320.911 0 466
0.046 0.042 1.007
320.833 0 489.3
0.047 0.043 0.902
343.75 0 489.3
0.046 0.042 0.888
320.911 0 466
0.046 0.042 1.007
297.989 0 466
0.049 0.044 1.011
297.917 0 489.3
0.049 0.045 0.905
320.833 0 489.3
0.047 0.043 0.902
297.989 0 466
0.049 0.044 1.011
275.067 0 466
0.053 0.048 1.003
275 0 489.3
0.052 0.048 0.899
297.917 0 489.3
0.049 0.045 0.905
275.2 0 419.4
0.050 0.045 1.218
252.267 0 419.4
0.055 0.049 1.187
252.206 0 442.7
0.055 0.050 1.084
275.133 0 442.7
0.051 0.047 1.110
252.267 0 419.4
0.055 0.049 1.187
229.333 0 419.4
0.054 0.049 1.135
229.278 0 442.7
0.055 0.050 1.040
252.206 0 442.7
0.055 0.050 1.084
229.333 0 419.4
0.054 0.049 1.135
206.4 0 419.4
0.053 0.048 1.070
206.35 0 442.7
0.055 0.050 0.984
229.278 0 442.7
0.055 0.050 1.040
275.133 0 442.7
0.051 0.047 1.110
252.206 0 442.7
0.055 0.050 1.084
252.144 0 466
0.055 0.050 0.980
275.067 0 466
0.053 0.048 1.003
252.206 0 442.7
0.055 0.050 1.084
229.278 0 442.7
0.055 0.050 1.040
229.222 0 466
0.055 0.050 0.943
252.144 0 466
0.055 0.050 0.980
229.278 0 442.7
0.055 0.050 1.040
206.35 0 442.7
0.055 0.050 0.984
206.3 0 466
0.054 0.050 0.894
229.222 0 466
0.055 0.050 0.943
275.067 0 466
0.053 0.048 1.003
252.144 0 466
0.055 0.050 0.980
252.083 0 489.3
0.054 0.050 0.879
275 0 489.3
0.052 0.048 0.899
252.144 0 466
0.055 0.050 0.980
229.222 0 466
0.055 0.050 0.943
229.167 0 489.3
0.055 0.050 0.848
252.083 0 489.3
0.054 0.050 0.879
229.222 0 466
0.055 0.050 0.943
206.3 0 466
0.054 0.050 0.894
206.25 0 489.3
0.054 0.050 0.807
229.167 0 489.3
0.055 0.050 0.848
206.4 0 419.4
0.053 0.048 1.070
183.467 0 419.4
0.054 0.049 1.003
183.422 0 442.7
0.054 0.049 0.923
206.35 0 442.7
0.055 0.050 0.984
183.467 0 419.4
0.054 0.049 1.003
160.533 0 419.4
0.052 0.047 0.915
160.494 0 442.7
0.052 0.048 0.858
183.422 0 442.7
0.054 0.049 0.923
160.533 0 419.4
0.052 0.047 0.915
137.6 0 419.4
0.049 0.045 0.798
137.567 0 442.7
0.050 0.046 0.767
160.494 0 442.7
0.052 0.048 0.858
206.35 0 442.7
0.055 0.050 0.984
183.422 0 442.7
0.054 0.049 0.923
183.378 0 466
0.053 0.049 0.840
206.3 0 466
0.054 0.050 0.894
183.422 0 442.7
0.054 0.049 0.923
160.494 0 442.7
0.052 0.048 0.858
160.456 0 466
0.052 0.048 0.784
183.378 0 466
0.053 0.049 0.840
160.494 0 442.7
0.052 0.048 0.858
137.567 0 442.7
0.050 0.046 0.767
137.533 0 466
0.050 0.047 0.721
160.456 0 466
0.052 0.048 0.784
206.3 0 466
0.054 0.050 0.894
183.378 0 466
0.053 0.049 0.840
183.333 0 489.3
0.052 0.048 0.760
206.25 0 489.3
0.054 0.050 0.807
183.378 0 466
0.053 0.049 0.840
160.456 0 466
0.052 0.048 0.784
160.417 0 489.3
0.051 0.047 0.711
183.333 0 489.3
0.052 0.048 0.760
160.456 0 466
0.052 0.048 0.784
137.533 0 466
0.050 0.047 0.721
137.5 0 489.3
0.049 0.046 0.661
160.417 0 489.3
0.051 0.047 0.711
137.6 0 419.4
0.049 0.045 0.798
114.667 0 419.4
0.047 0.043 0.698
114.639 0 442.7
0.048 0.045 0.665
137.567 0 442.7
0.050 0.046 0.767
114.667 0 419.4
0.047 0.043 0.698
91.7333 0 419.4
0.044 0.041 0.627
91.7111 0 442.7
0.045 0.043 0.589
114.639 0 442.7
0.048 0.045 0.665
91.7333 0 419.4
0.044 0.041 0.627
68.8 0 419.4
0.041 0.040 0.554
68.7833 0 442.7
0.042 0.041 0.530
91.7111 0 442.7
0.045 0.043 0.589
137.567 0 442.7
0.050 0.046 0.767
114.639 0 442.7
0.048 0.045 0.665
114.611 0 466
0.048 0.045 0.636
137.533 0 466
0.050 0.047 0.721
114.639 0 442.7
0.048 0.045 0.665
91.7111 0 442.7
0.045 0.043 0.589
91.6889 0 466
0.045 0.043 0.552
114.611 0 466
0.048 0.045 0.636
91.7111 0 442.7
0.045 0.043 0.589
68.7833 0 442.7
0.042 0.041 0.530
68.7667 0 466
0.042 0.041 0.494
91.6889 0 466
0.045 0.043 0.552
137.533 0 466
0.050 0.047 0.721
114.611 0 466
0.048 0.045 0.636
114.583 0 489.3
0.047 0.044 0.599
137.5 0 489.3
0.049 0.046 0.661
114.611 0 466
0.048 0.045 0.636
91.6889 0 466
0.045 0.043 0.552
91.6667 0 489.3
0.044 0.042 0.522
114.583 0 489.3
0.047 0.044 0.599
91.6889 0 466
0.045 0.043 0.552
68.7667 0 466
0.042 0.041 0.494
68.75 0 489.3
0.041 0.041 0.458
91.6667 0 489.3
0.044 0.042 0.522
68.8 0 419.4
0.041 0.040 0.554
45.8667 0 419.4
0.040 0.040 0.480
45.8555 0 442.7
0.040 0.040 0.471
68.7833 0 442.7
0.042 0.041 0.530
45.8667 0 419.4
0.040 0.040 0.480
22.9333 0 419.4
0.038 0.040 0.418
22.9278 0 442.7
0.039 0.040 0.411
45.8555 0 442.7
0.040 0.040 0.471
22.9333 0 419.4
0.038 0.040 0.418
0 0 419.4
0.038 0.040 0.391
0 0 442.7
0.038 0.040 0.382
22.9278 0 442.7
0.039 0.040 0.411
68.7833 0 442.7
0.042 0.041 0.530
45.8555 0 442.7
0.040 0.040 0.471
45.8444 0 466
0.040 0.041 0.447
68.7667 0 466
0.042 0.041 0.494
45.8555 0 442.7
0.040 0.040 0.471
22.9278 0 442.7
0.039 0.040 0.411
22.9222 0 466
0.039 0.041 0.400
45.8444 0 466
0.040 0.041 0.447
22.9278 0 442.7
0.039 0.040 0.411
0 0 442.7
0.038 0.040 0.382
0 0 466
0.038 0.040 0.375
22.9222 0 466
0.039 0.041 0.400
68.7667 0 466
0.042 0.041 0.494
45.8444 0 466
0.040 0.041 0.447
45.8333 0 489.3
0.040 0.041 0.415
68.75 0 489.3
0.041 0.041 0.458
45.8444 0 466
0.040 0.041 0.447
22.9222 0 466
0.039 0.041 0.400
22.9167 0 489.3
0.039 0.040 0.375
45.8333 0 489.3
0.040 0.041 0.415
22.9222 0 466
0.039 0.041 0.400
0 0 466
0.038 0.040 0.375
0 0 489.3
0.037 0.039 0.356
22.9167 0 489.3
0.039 0.040 0.375
550 0 489.3
0.052 0.047 0.534
527.083 0 489.3
0.052 0.047 0.558
526.955 0 512.6
0.050 0.045 0.510
549.867 0 512.6
0.050 0.044 0.489
527.083 0 489.3
0.052 0.047 0.558
504.167 0 489.3
0.053 0.048 0.608
504.044 0 512.6
0.051 0.046 0.553
526.955 0 512.6
0.050 0.045 0.510
504.167 0 489.3
0.053 0.048 0.608
481.25 0 489.3
0.053 0.049 0.659
481.133 0 512.6
0.052 0.048 0.597
504.044 0 512.6
0.051 0.046 0.553
549.867 0 512.6
0.050 0.044 0.489
526.955 0 512.6
0.050 0.045 0.510
526.828 0 535.9
0.048 0.043 0.463
549.733 0 535.9
0.047 0.042 0.444
526.955 0 512.6
0.050 0.045 0.510
504.044 0 512.6
0.051 0.046 0.553
503.922 0 535.9
0.049 0.044 0.501
526.828 0 535.9
0.048 0.043 0.463
504.044 0 512.6
0.051 0.046 0.553
481.133 0 512.6
0.052 0.048 0.597
481.017 0 535.9
0.049 0.045 0.538
503.922 0 535.9
0.049 0.044 0.501
549.733 0 535.9
0.047 0.042 0.444
526.828 0 535.9
0.048 0.043 0.463
526.7 0 559.2
0.047 0.042 0.440
549.6 0 559.2
0.046 0.041 0.423
526.828 0 535.9
0.048 0.043 0.463
503.922 0 535.9
0.049 0.044 0.501
503.8 0 559.2
0.047 0.043 0.475
526.7 0 559.2
0.047 0.042 0.440
503.922 0 535.9
0.049 0.044 0.501
481.017 0 535.9
0.049 0.045 0.538
480.9 0 559.2
0.048 0.043 0.509
503.8 0 559.2
0.047 0.043 0.475
481.25 0 489.3
0.053 0.049 0.659
458.333 0 489.3
0.054 0.049 0.709
458.222 0 512.6
0.052 0.048 0.640
481.133 0 512.6
0.052 0.048 0.597
458.333 0 489.3
0.054 0.049 0.709
435.417 0 489.3
0.053 0.049 0.757
435.311 0 512.6
0.051 0.047 0.680
458.222 0 512.6
0.052 0.048 0.640
435.417 0 489.3
0.053 0.049 0.757
412.5 0 489.3
0.050 0.046 0.798
412.4 0 512.6
0.049 0.045 0.715
435.311 0 512.6
0.051 0.047 0.680
481.133 0 512.6
0.052 0.048 0.597
458.222 0 512.6
0.052 0.048 0.640
458.111 0 535.9
0.050 0.046 0.575
481.017 0 535.9
0.049 0.045 0.538
458.222 0 512.6
0.052 0.048 0.640
435.311 0 512.6
0.051 0.047 0.680
435.206 0 535.9
0.049 0.045 0.608
458.111 0 535.9
0.050 0.046 0.575
435.311 0 512.6
0.051 0.047 0.680
412.4 0 512.6
0.049 0.045 0.715
412.3 0 535.9
0.047 0.043 0.637
435.206 0 535.9
0.049 0.045 0.608
481.017 0 535.9
0.049 0.045 0.538
458.111 0 535.9
0.050 0.046 0.575
458 0 559.2
0.048 0.044 0.542
480.9 0 559.2
0.048 0.043 0.509
458.111 0 535.9
0.050 0.046 0.575
435.206 0 535.9
0.049 0.045 0.608
435.1 0 559.2
0.048 0.044 0.573
458 0 559.2
0.048 0.044 0.542
435.206 0 535.9
0.049 0.045 0.608
412.3 0 535.9
0.047 0.043 0.637
412.2 0 559.2
0.047 0.043 0.600
435.1 0 559.2
0.048 0.044 0.573
412.5 0 489.3
0.050 0.046 0.798
389.583 0 489.3
0.047 0.043 0.834
389.489 0 512.6
0.046 0.043 0.746
412.4 0 512.6
0.049 0.045 0.715
389.583 0 489.3
0.047 0.043 0.834
366.667 0 489.3
0.046 0.042 0.865
366.578 0 512.6
0.047 0.043 0.772
389.489 0 512.6
0.046 0.043 0.746
366.667 0 489.3
0.046 0.042 0.865
343.75 0 489.3
0.046 0.042 0.888
343.667 0 512.6
0.047 0.043 0.792
366.578 0 512.6
0.047 0.043 0.772
412.4 0 512.6
0.049 0.045 0.715
389.489 0 512.6
0.046 0.043 0.746
389.394 0 535.9
0.046 0.042 0.664
412.3 0 535.9
0.047 0.043 0.637
389.489 0 512.6
0.046 0.043 0.746
366.578 0 512.6
0.047 0.043 0.772
366.489 0 535.9
0.047 0.043 0.687
389.394 0 535.9
0.046 0.042 0.664
366.578 0 512.6
0.047 0.043 0.772
343.667 0 512.6
0.047 0.043 0.792
343.583 0 535.9
0.048 0.044 0.703
366.489 0 535.9
0.047 0.043 0.687
412.3 0 535.9
0.047 0.043 0.637
389.394 0 535.9
0.046 0.042 0.664
389.3 0 559.2
0.046 0.042 0.625
412.2 0 559.2
0.047 0.043 0.600
389.394 0 535.9
0.046 0.042 0.664
366.489 0 535.9
0.047 0.043 0.687
366.4 0 559.2
0.047 0.043 0.646
389.3 0 559.2
0.046 0.042 0.625
366.489 0 535.9
0.047 0.043 0.687
343.583 0 535.9
0.048 0.044 0.703
343.5 0 559.2
0.048 0.044 0.661
366.4 0 559.2
0.047 0.043 0.646
343.75 0 489.3
0.046 0.042 0.888
320.833 0 489.3
0.047 0.043 0.902
320.756 0 512.6
0.048 0.045 0.804
343.667 0 512.6
0.047 0.043 0.792
320.833 0 489.3
0.047 0.043 0.902
297.917 0 489.3
0.049 0.045 0.905
297.844 0 512.6
0.050 0.046 0.807
320.756 0 512.6
0.048 0.045 0.804
297.917 0 489.3
0.049 0.045 0.905
275 0 489.3
0.052 0.048 0.899
274.933 0 512.6
0.052 0.048 0.800
297.844 0 512.6
0.050 0.046 0.807
343.667 0 512.6
0.047 0.043 0.792
320.756 0 512.6
0.048 0.045 0.804
320.678 0 535.9
0.049 0.045 0.713
343.583 0 535.9
0.048 0.044 0.703
320.756 0 512.6
0.048 0.045 0.804
297.844 0 512.6
0.050 0.046 0.807
297.772 0 535.9
0.051 0.047 0.716
320.678 0 535.9
0.049 0.045 0.713
297.844 0 512.6
0.050 0.046 0.807
274.933 0 512.6
0.052 0.048 0.800
274.867 0 535.9
0.052 0.048 0.710
297.772 0 535.9
0.051 0.047 0.716
343.583 0 535.9
0.048 0.044 0.703
320.678 0 535.9
0.049 0.045 0.713
320.6 0 559.2
0.049 0.045 0.669
343.5 0 559.2
0.048 0.044 0.661
320.678 0 535.9
0.049 0.045 0.713
297.772 0 535.9
0.051 0.047 0.716
297.7 0 559.2
0.051 0.047 0.672
320.6 0 559.2
0.049 0.045 0.669
297.772 0 535.9
0.051 0.047 0.716
274.867 0 535.9
0.052 0.048 0.710
274.8 0 559.2
0.051 0.048 0.667
297.7 0 559.2
0.051 0.047 0.672
275 0 489.3
0.052 0.048 0.899
252.083 0 489.3
0.054 0.050 0.879
252.022 0 512.6
0.053 0.049 0.783
274.933 0 512.6
0.052 0.048 0.800
252.083 0 489.3
0.054 0.050 0.879
229.167 0 489.3
0.055 0.050 0.848
229.111 0 512.6
0.053 0.049 0.757
252.022 0 512.6
0.053 0.049 0.783
229.167 0 489.3
0.055 0.050 0.848
206.25 0 489.3
0.054 0.050 0.807
206.2 0 512.6
0.052 0.048 0.723
229.111 0 512.6
0.053 0.049 0.757
274.933 0 512.6
0.052 0.048 0.800
252.022 0 512.6
0.053 0.049 0.783
251.961 0 535.9
0.052 0.048 0.696
274.867 0 535.9
0.052 0.048 0.710
252.022 0 512.6
0.053 0.049 0.783
229.111 0 512.6
0.053 0.049 0.757
229.056 0 535.9
0.052 0.049 0.674
251.961 0 535.9
0.052 0.048 0.696
229.111 0 512.6
0.053 0.049 0.757
206.2 0 512.6
0.052 0.048 0.723
206.15 0 535.9
0.051 0.048 0.644
229.056 0 535.9
0.052 0.049 0.674
274.867 0 535.9
0.052 0.048 0.710
251.961 0 535.9
0.052 0.048 0.696
251.9 0 559.2
0.052 0.048 0.654
274.8 0 559.2
0.051 0.048 0.667
251.961 0 535.9
0.052 0.048 0.696
229.056 0 535.9
0.052 0.049 0.674
229 0 559.2
0.052 0.049 0.635
251.9 0 559.2
0.052 0.048 0.654
229.056 0 535.9
0.052 0.049 0.674
206.15 0 535.9
0.051 0.048 0.644
206.1 0 559.2
0.051 0.048 0.608
229 0 559.2
0.052 0.049 0.635
206.25 0 489.3
0.054 0.050 0.807
183.333 0 489.3
0.052 0.048 0.760
183.289 0 512.6
0.051 0.047 0.682
206.2 0 512.6
0.052 0.048 0.723
183.333 0 489.3
0.052 0.048 0.760
160.417 0 489.3
0.051 0.047 0.711
160.378 0 512.6
0.050 0.046 0.640
183.289 0 512.6
0.051 0.047 0.682
160.417 0 489.3
0.051 0.047 0.711
137.5 0 489.3
0.049 0.046 0.661
137.467 0 512.6
0.048 0.046 0.598
160.378 0 512.6
0.050 0.046 0.640
206.2 0 512.6
0.052 0.048 0.723
183.289 0 512.6
0.051 0.047 0.682
183.244 0 535.9
0.049 0.046 0.609
206.15 0 535.9
0.051 0.048 0.644
183.289 0 512.6
0.051 0.047 0.682
160.378 0 512.6
0.050 0.046 0.640
160.339 0 535.9
0.048 0.045 0.573
183.244 0 535.9
0.049 0.046 0.609
160.378 0 512.6
0.050 0.046 0.640
137.467 0 512.6
0.048 0.046 0.598
137.433 0 535.9
0.047 0.044 0.537
160.339 0 535.9
0.048 0.045 0.573
206.15 0 535.9
0.051 0.048 0.644
183.244 0 535.9
0.049 0.046 0.609
183.2 0 559.2
0.049 0.046 0.575
206.1 0 559.2
0.051 0.048 0.608
183.244 0 535.9
0.049 0.046 0.609
160.339 0 535.9
0.048 0.045 0.573
160.3 0 559.2
0.047 0.044 0.541
183.2 0 559.2
0.049 0.046 0.575
160.339 0 535.9
0.048 0.045 0.573
137.433 0 535.9
0.047 0.044 0.537
137.4 0 559.2
0.045 0.043 0.507
160.3 0 559.2
0.047 0.044 0.541
137.5 0 489.3
0.049 0.046 0.661
114.583 0 489.3
0.047 0.044 0.599
114.556 0 512.6
0.046 0.044 0.552
137.467 0 512.6
0.048 0.046 0.598
114.583 0 489.3
0.047 0.044 0.599
91.6667 0 489.3
0.044 0.042 0.522
91.6444 0 512.6
0.043 0.041 0.492
114.556 0 512.6
0.046 0.044 0.552
91.6667 0 489.3
0.044 0.042 0.522
68.75 0 489.3
0.041 0.041 0.458
68.7333 0 512.6
0.041 0.040 0.428
91.6444 0 512.6
0.043 0.041 0.492
137.467 0 512.6
0.048 0.046 0.598
114.556 0 512.6
0.046 0.044 0.552
114.528 0 535.9
0.044 0.043 0.499
137.433 0 535.9
0.047 0.044 0.537
114.556 0 512.6
0.046 0.044 0.552
91.6444 0 512.6
0.043 0.041 0.492
91.6222 0 535.9
0.042 0.040 0.457
114.528 0 535.9
0.044 0.043 0.499
91.6444 0 512.6
0.043 0.041 0.492
68.7333 0 512.6
0.041 0.040 0.428
68.7167 0 535.9
0.040 0.040 0.404
91.6222 0 535.9
0.042 0.040 0.457
137.433 0 535.9
0.047 0.044 0.537
114.528 0 535.9
0.044 0.043 0.499
114.5 0 559.2
0.043 0.042 0.473
137.4 0 559.2
0.045 0.043 0.507
114.528 0 535.9
0.044 0.043 0.499
91.6222 0 535.9
0.042 0.040 0.457
91.6 0 559.2
0.041 0.040 0.437
114.5 0 559.2
0.043 0.042 0.473
91.6222 0 535.9
0.042 0.040 0.457
68.7167 0 535.9
0.040 0.040 0.404
68.7 0 559.2
0.039 0.039 0.391
91.6 0 559.2
0.041 0.040 0.437
68.75 0 489.3
0.041 0.041 0.458
45.8333 0 489.3
0.040 0.041 0.415
45.8222 0 512.6
0.040 0.040 0.383
68.7333 0 512.6
0.041 0.040 0.428
45.8333 0 489.3
0.040 0.041 0.415
22.9167 0 489.3
0.039 0.040 0.375
22.9111 0 512.6
0.038 0.040 0.347
45.8222 0 512.6
0.040 0.040 0.383
22.9167 0 489.3
0.039 0.040 0.375
0 0 489.3
0.037 0.039 0.356
0 0 512.6
0.036 0.038 0.330
22.9111 0 512.6
0.038 0.040 0.347
68.7333 0 512.6
0.041 0.040 0.428
45.8222 0 512.6
0.040 0.040 0.383
45.8111 0 535.9
0.039 0.040 0.355
68.7167 0 535.9
0.040 0.040 0.404
45.8222 0 512.6
0.040 0.040 0.383
22.9111 0 512.6
0.038 0.040 0.347
22.9056 0 535.9
0.037 0.039 0.320
45.8111 0 535.9
0.039 0.040 0.355
22.9111 0 512.6
0.038 0.040 0.347
0 0 512.6
0.036 0.038 0.330
0 0 535.9
0.035 0.037 0.305
22.9056 0 535.9
0.037 0.039 0.320
68.7167 0 535.9
0.040 0.040 0.404
45.8111 0 535.9
0.039 0.040 0.355
45.8 0 559.2
0.039 0.040 0.343
68.7 0 559.2
0.039 0.039 0.391
45.8111 0 535.9
0.039 0.040 0.355
22.9056 0 535.9
0.037 0.039 0.320
22.9 0 559.2
0.037 0.038 0.307
45.8 0 559.2
0.039 0.040 0.343
22.9056 0 535.9
0.037 0.039 0.320
0 0 535.9
0.035 0.037 0.305
0 0 559.2
0.035 0.037 0.292
22.9 0 559.2
0.037 0.038 0.307
556 548.8 0
0.033 0.033 0.121
547.125 548.8 9.45833
0.040 0.040 0.131
524.698 548.8 9.45833
0.042 0.042 0.131
532.833 548.8 0
0.033 0.033 0.120
547.125 548.8 9.45833
0.040 0.040 0.131
538.25 548.8 18.9167
0.055 0.056 0.151
516.562 548.8 18.9167
0.061 0.063 0.156
524.698 548.8 9.45833
0.042 0.042 0.131
538.25 548.8 18.9167
0.055 0.056 0.151
529.375 548.8 28.375
0.071 0.073 0.173
508.427 548.8 28.375
0.082 0.085 0.183
516.562 548.8 18.9167
0.061 0.063 0.156
532.833 548.8 0
0.033 0.033 0.120
524.698 548.8 9.45833
0.042 0.042 0.131
502.271 548.8 9.45833
0.055 0.058 0.148
509.667 548.8 0
0.041 0.043 0.131
524.698 548.8 9.45833
0.042 0.042 0.131
516.562 548.8 18.9167
0.061 0.063 0.156
494.875 548.8 18.9167
0.084 0.088 0.183
502.271 548.8 9.45833
0.055 0.058 0.148
516.562 548.8 18.9167
0.061 0.063 0.156
508.427 548.8 28.375
0.082 0.085 0.183
487.479 548.8 28.375
0.113 0.118 0.218
494.875 548.8 18.9167
0.084 0.088 0.183
509.667 548.8 0
0.041 0.043 0.131
502.271 548.8 9.45833
0.055 0.058 0.148
479.844 548.8 9.45833
0.082 0.086 0.178
486.5 548.8 0
0.058 0.061 0.149
502.271 548.8 9.45833
0.055 0.058 0.148
494.875 548.8 18.9167
0.084 0.088 0.183
473.188 548.8 18.9167
0.126 0.131 0.229
479.844 548.8 9.45833
0.082 0.086 0.178
494.875 548.8 18.9167
0.084 0.088 0.183
487.479 548.8 28.375
0.113 0.118 0.218
466.531 548.8 28.375
0.156 0.162 0.265
473.188 548.8 18.9167
0.126 0.131 0.229
529.375 548.8 28.375
0.071 0.073 0.173
520.5 548.8 37.8333
0.088 0.093 0.195
500.292 548.8 37.8333
0.103 0.108 0.210
508.427 548.8 28.375
0.082 0.085 0.183
520.5 548.8 37.8333
0.088 0.093 0.195
511.625 548.8 47.2917
0.104 0.111 0.216
492.156 548.8 47.2917
0.121 0.129 0.233
500.292 548.8 37.8333
0.103 0.108 0.210
511.625 548.8 47.2917
0.104 0.111 0.216
502.75 548.8 56.75
0.121 0.130 0.237
484.021 548.8 56.75
0.138 0.147 0.255
492.156 548.8 47.2917
0.121 0.129 0.233
508.427 548.8 28.375
0.082 0.085 0.183
500.292 548.8 37.8333
0.103 0.108 0.210
480.083 548.8 37.8333
0.135 0.142 0.246
487.479 548.8 28.375
0.113 0.118 0.218
500.292 548.8 37.8333
0.103 0.108 0.210
492.156 548.8 47.2917
0.121 0.129 0.233
472.688 548.8 47.2917
0.152 0.160 0.266
480.083 548.8 37.8333
0.135 0.142 0.246
492.156 548.8 47.2917
0.121 0.129 0.233
484.021 548.8 56.75
0.138 0.147 0.255
465.292 548.8 56.75
0.165 0.175 0.283
472.688 548.8 47.2917
0.152 0.160 0.266
487.479 548.8 28.375
0.113 0.118 0.218
480.083 548.8 37.8333
0.135 0.142 0.246
459.875 548.8 37.8333
0.172 0.179 0.285
466.531 548.8 28.375
0.156 0.162 0.265
480.083 548.8 37.8333
0.135 0.142 0.246
472.688 548.8 47.2917
0.152 0.160 0.266
453.219 548.8 47.2917
0.182 0.191 0.296
459.875 548.8 37.8333
0.172 0.179 0.285
472.688 548.8 47.2917
0.152 0.160 0.266
465.292 548.8 56.75
0.165 0.175 0.283
446.562 548.8 56.75
0.192 0.202 0.308
453.219 548.8 47.2917
0.182 0.191 0.296
502.75 548.8 56.75
0.121 0.130 0.237
493.875 548.8 66.2083
0.136 0.148 0.256
475.885 548.8 66.2083
0.153 0.165 0.273
484.021 548.8 56.75
0.138 0.147 0.255
493.875 548.8 66.2083
0.136 0.148 0.256
485 548.8 75.6667
0.150 0.166 0.273
467.75 548.8 75.6667
0.167 0.182 0.289
475.885 548.8 66.2083
0.153 0.165 0.273
485 548.8 75.6667
0.150 0.166 0.273
476.125 548.8 85.125
0.167 0.186 0.293
459.615 548.8 85.125
0.184 0.202 0.308
467.75 548.8 75.6667
0.167 0.182 0.289
484.021 548.8 56.75
0.138 0.147 0.255
475.885 548.8 66.2083
0.153 0.165 0.273
457.896 548.8 66.2083
0.179 0.191 0.299
465.292 548.8 56.75
0.165 0.175 0.283
475.885 548.8 66.2083
0.153 0.165 0.273
467.75 548.8 75.6667
0.167 0.182 0.289
450.5 548.8 75.6667
0.193 0.207 0.315
457.896 548.8 66.2083
0.179 0.191 0.299
467.75 548.8 75.6667
0.167 0.182 0.289
459.615 548.8 85.125
0.184 0.202 0.308
443.104 548.8 85.125
0.212 0.228 0.335
450.5 548.8 75.6667
0.193 0.207 0.315
465.292 548.8 56.75
0.165 0.175 0.283
457.896 548.8 66.2083
0.179 0.191 0.299
439.906 548.8 66.2083
0.204 0.215 0.323
446.562 548.8 56.75
0.192 0.202 0.308
457.896 548.8 66.2083
0.179 0.191 0.299
450.5 548.8 75.6667
0.193 0.207 0.315
433.25 548.8 75.6667
0.220 0.233 0.341
439.906 548.8 66.2083
0.204 0.215 0.323
450.5 548.8 75.6667
0.193 0.207 0.315
443.104 548.8 85.125
0.212 0.228 0.335
426.594 548.8 85.125
0.242 0.256 0.363
433.25 548.8 75.6667
0.220 0.233 0.341
476.125 548.8 85.125
0.167 0.186 0.293
467.25 548.8 94.5833
0.187 0.209 0.315
451.479 548.8 94.5833
0.205 0.225 0.332
459.615 548.8 85.125
0.184 0.202 0.308
467.25 548.8 94.5833
0.187 0.209 0.315
458.375 548.8 104.042
0.212 0.236 0.342
443.344 548.8 104.042
0.232 0.253 0.359
451.479 548.8 94.5833
0.205 0.225 0.332
458.375 548.8 104.042
0.212 0.236 0.342
449.5 548.8 113.5
0.245 0.271 0.375
435.208 548.8 113.5
0.268 0.291 0.394
443.344 548.8 104.042
0.232 0.253 0.359
459.615 548.8 85.125
0.184 0.202 0.308
451.479 548.8 94.5833
0.205 0.225 0.332
435.708 548.8 94.5833
0.236 0.254 0.360
443.104 548.8 85.125
0.212 0.228 0.335
451.479 548.8 94.5833
0.205 0.225 0.332
443.344 548.8 104.042
0.232 0.253 0.359
428.312 548.8 104.042
0.268 0.287 0.392
435.708 548.8 94.5833
0.236 0.254 0.360
443.344 548.8 104.042
0.232 0.253 0.359
435.208 548.8 113.5
0.268 0.291 0.394
420.917 548.8 113.5
0.311 0.331 0.434
428.312 548.8 104.042
0.268 0.287 0.392
443.104 548.8 85.125
0.212 0.228 0.335
435.708 548.8 94.5833
0.236 0.254 0.360
419.938 548.8 94.5833
0.271 0.285 0.391
426.594 548.8 85.125
0.242 0.256 0.363
435.708 548.8 94.5833
0.236 0.254 0.360
428.312 548.8 104.042
0.268 0.287 0.392
413.281 548.8 104.042
0.309 0.325 0.429
419.938 548.8 94.5833
0.271 0.285 0.391
428.312 548.8 104.042
0.268 0.287 0.392
420.917 548.8 113.5
0.311 0.331 0.434
406.625 548.8 113.5
0.361 0.379 0.481
413.281 548.8 104.042
0.309 0.325 0.429
449.5 548.8 113.5
0.245 0.271 0.375
440.625 548.8 122.958
0.288 0.315 0.419
427.073 548.8 122.958
0.317 0.341 0.444
435.208 548.8 113.5
0.268 0.291 0.394
440.625 548.8 122.958
0.288 0.315 0.419
431.75 548.8 132.417
0.350 0.377 0.479
418.938 548.8 132.417
0.386 0.410 0.513
427.073 548.8 122.958
0.317 0.341 0.444
431.75 548.8 132.417
0.350 0.377 0.479
422.875 548.8 141.875
0.438 0.464 0.561
410.802 548.8 141.875
0.484 0.507 0.610
418.938 548.8 132.417
0.386 0.410 0.513
435.208 548.8 113.5
0.268 0.291 0.394
427.073 548.8 122.958
0.317 0.341 0.444
413.521 548.8 122.958
0.371 0.392 0.494
420.917 548.8 113.5
0.311 0.331 0.434
427.073 548.8 122.958
0.317 0.341 0.444
418.938 548.8 132.417
0.386 0.410 0.513
406.125 548.8 132.417
0.456 0.477 0.580
413.521 548.8 122.958
0.371 0.392 0.494
418.938 548.8 132.417
0.386 0.410 0.513
410.802 548.8 141.875
0.484 0.507 0.610
398.729 548.8 141.875
0.577 0.597 0.699
406.125 548.8 132.417
0.456 0.477 0.580
420.917 548.8 113.5
0.311 0.331 0.434
413.521 548.8 122.958
0.371 0.392 0.494
399.969 548.8 122.958
0.435 0.452 0.554
406.625 548.8 113.5
0.361 0.379 0.481
413.521 548.8 122.958
0.371 0.392 0.494
406.125 548.8 132.417
0.456 0.477 0.580
393.312 548.8 132.417
0.539 0.557 0.658
399.969 548.8 122.958
0.435 0.452 0.554
406.125 548.8 132.417
0.456 0.477 0.580
398.729 548.8 141.875
0.577 0.597 0.699
386.656 548.8 141.875
0.689 0.706 0.806
393.312 548.8 132.417
0.539 0.557 0.658
422.875 548.8 141.875
0.438 0.464 0.561
414 548.8 151.333
0.561 0.587 0.677
402.667 548.8 151.333
0.625 0.648 0.744
410.802 548.8 141.875
0.484 0.507 0.610
414 548.8 151.333
0.561 0.587 0.677
405.125 548.8 160.792
0.746 0.771 0.855
394.531 548.8 160.792
0.835 0.857 0.942
402.667 548.8 151.333
0.625 0.648 0.744
405.125 548.8 160.792
0.746 0.771 0.855
396.25 548.8 170.25
1.020 1.044 1.122
386.396 548.8 170.25
1.149 1.170 1.247
394.531 548.8 160.792
0.835 0.857 0.942
410.802 548.8 141.875
0.484 0.507 0.610
402.667 548.8 151.333
0.625 0.648 0.744
391.333 548.8 151.333
0.754 0.774 0.871
398.729 548.8 141.875
0.577 0.597 0.699
402.667 548.8 151.333
0.625 0.648 0.744
394.531 548.8 160.792
0.835 0.857 0.942
383.938 548.8 160.792
1.013 1.031 1.118
391.333 548.8 151.333
0.754 0.774 0.871
394.531 548.8 160.792
0.835 0.857 0.942
386.396 548.8 170.25
1.149 1.170 1.247
376.542 548.8 170.25
1.399 1.417 1.489
383.938 548.8 160.792
1.013 1.031 1.118
398.729 548.8 141.875
0.577 0.597 0.699
391.333 548.8 151.333
0.754 0.774 0.871
380 548.8 151.333
0.907 0.924 1.020
386.656 548.8 141.875
0.689 0.706 0.806
391.333 548.8 151.333
0.754 0.774 0.871
383.938 548.8 160.792
1.013 1.031 1.118
373.344 548.8 160.792
1.227 1.243 1.329
380 548.8 151.333
0.907 0.924 1.020
383.938 548.8 160.792
1.013 1.031 1.118
376.542 548.8 170.25
1.399 1.417 1.489
366.688 548.8 170.25
1.700 1.715 1.785
373.344 548.8 160.792
1.227 1.243 1.329
396.25 548.8 170.25
1.020 1.044 1.122
387.375 548.8 179.708
1.432 1.455 1.524
378.26 548.8 179.708
1.617 1.638 1.705
386.396 548.8 170.25
1.149 1.170 1.247
387.375 548.8 179.708
1.432 1.455 1.524
378.5 548.8 189.167
2.048 2.069 2.132
370.125 548.8 189.167
2.305 2.324 2.385
378.26 548.8 179.708
1.617 1.638 1.705
378.5 548.8 189.167
2.048 2.069 2.132
369.625 548.8 198.625
2.931 2.952 3.009
361.99 548.8 198.625
3.266 3.284 3.339
370.125 548.8 189.167
2.305 2.324 2.385
386.396 548.8 170.25
1.149 1.170 1.247
378.26 548.8 179.708
1.617 1.638 1.705
369.146 548.8 179.708
1.969 1.987 2.050
376.542 548.8 170.25
1.399 1.417 1.489
378.26 548.8 179.708
1.617 1.638 1.705
370.125 548.8 189.167
2.305 2.324 2.385
361.75 548.8 189.167
2.779 2.797 2.854
369.146 548.8 179.708
1.969 1.987 2.050
370.125 548.8 189.167
2.305 2.324 2.385
361.99 548.8 198.625
3.266 3.284 3.339
354.354 548.8 198.625
3.850 3.866 3.912
361.75 548.8 189.167
2.779 2.797 2.854
376.542 548.8 170.25
1.399 1.417 1.489
369.146 548.8 179.708
1.969 1.987 2.050
360.031 548.8 179.708
2.381 2.397 2.457
366.688 548.8 170.25
1.700 1.715 1.785
369.146 548.8 179.708
1.969 1.987 2.050
361.75 548.8 189.167
2.779 2.797 2.854
353.375 548.8 189.167
3.310 3.326 3.376
360.031 548.8 179.708
2.381 2.397 2.457
361.75 548.8 189.167
2.779 2.797 2.854
354.354 548.8 198.625
3.850 3.866 3.912
346.719 548.8 198.625
4.461 4.475 4.505
353.375 548.8 189.167
3.310 3.326 3.376
369.625 548.8 198.625
2.931 2.952 3.009
360.75 548.8 208.083
4.118 4.137 4.182
353.854 548.8 208.083
4.495 4.512 4.549
361.99 548.8 198.625
3.266 3.284 3.339
360.75 548.8 208.083
4.118 4.137 4.182
351.875 548.8 217.542
5.561 5.577 5.596
345.719 548.8 217.542
5.909 5.924 5.934
353.854 548.8 208.083
4.495 4.512 4.549
351.875 548.8 217.542
5.561 5.577 5.596
343 548.8 227
6.333 6.349 6.349
337.583 548.8 227
6.648 6.663 6.657
345.719 548.8 217.542
5.909 5.924 5.934
361.99 548.8 198.625
3.266 3.284 3.339
353.854 548.8 208.083
4.495 4.512 4.549
346.958 548.8 208.083
5.119 5.134 5.155
354.354 548.8 198.625
3.850 3.866 3.912
353.854 548.8 208.083
4.495 4.512 4.549
345.719 548.8 217.542
5.909 5.924 5.934
339.562 548.8 217.542
6.465 6.479 6.476
346.958 548.8 208.083
5.119 5.134 5.155
345.719 548.8 217.542
5.909 5.924 5.934
337.583 548.8 227
6.648 6.663 6.657
332.167 548.8 227
7.139 7.153 7.141
339.562 548.8 217.542
6.465 6.479 6.476
354.354 548.8 198.625
3.850 3.866 3.912
346.958 548.8 208.083
5.119 5.134 5.155
340.062 548.8 208.083
5.720 5.733 5.739
346.719 548.8 198.625
4.461 4.475 4.505
346.958 548.8 208.083
5.119 5.134 5.155
339.562 548.8 217.542
6.465 6.479 6.476
333.406 548.8 217.542
6.958 6.970 6.961
340.062 548.8 208.083
5.720 5.733 5.739
339.562 548.8 217.542
6.465 6.479 6.476
332.167 548.8 227
7.139 7.153 7.141
326.75 548.8 227
7.559 7.570 7.557
333.406 548.8 217.542
6.958 6.970 6.961
486.5 548.8 0
0.058 0.061 0.149
479.844 548.8 9.45833
0.082 0.086 0.178
457.417 548.8 9.45833
0.111 0.116 0.210
463.333 548.8 0
0.078 0.082 0.172
479.844 548.8 9.45833
0.082 0.086 0.178
473.188 548.8 18.9167
0.126 0.131 0.229
451.5 548.8 18.9167
0.162 0.167 0.268
457.417 548.8 9.45833
0.111 0.116 0.210
473.188 548.8 18.9167
0.126 0.131 0.229
466.531 548.8 28.375
0.156 0.162 0.265
445.583 548.8 28.375
0.185 0.192 0.296
451.5 548.8 18.9167
0.162 0.167 0.268
463.333 548.8 0
0.078 0.082 0.172
457.417 548.8 9.45833
0.111 0.116 0.210
434.99 548.8 9.45833
0.119 0.123 0.215
440.167 548.8 0
0.087 0.090 0.179
457.417 548.8 9.45833
0.111 0.116 0.210
451.5 548.8 18.9167
0.162 0.167 0.268
429.812 548.8 18.9167
0.169 0.174 0.272
434.99 548.8 9.45833
0.119 0.123 0.215
451.5 548.8 18.9167
0.162 0.167 0.268
445.583 548.8 28.375
0.185 0.192 0.296
424.635 548.8 28.375
0.197 0.203 0.303
429.812 548.8 18.9167
0.169 0.174 0.272
440.167 548.8 0
0.087 0.090 0.179
434.99 548.8 9.45833
0.119 0.123 0.215
412.562 548.8 9.45833
0.130 0.133 0.222
417 548.8 0
0.094 0.096 0.181
434.99 548.8 9.45833
0.119 0.123 0.215
429.812 548.8 18.9167
0.169 0.174 0.272
408.125 548.8 18.9167
0.190 0.194 0.289
412.562 548.8 9.45833
0.130 0.133 0.222
429.812 548.8 18.9167
0.169 0.174 0.272
424.635 548.8 28.375
0.197 0.203 0.303
403.688 548.8 28.375
0.227 0.231 0.329
408.125 548.8 18.9167
0.190 0.194 0.289
466.531 548.8 28.375
0.156 0.162 0.265
459.875 548.8 37.8333
0.172 0.179 0.285
439.667 548.8 37.8333
0.196 0.203 0.308
445.583 548.8 28.375
0.185 0.192 0.296
459.875 548.8 37.8333
0.172 0.179 0.285
453.219 548.8 47.2917
0.182 0.191 0.296
433.75 548.8 47.2917
0.205 0.213 0.317
439.667 548.8 37.8333
0.196 0.203 0.308
453.219 548.8 47.2917
0.182 0.191 0.296
446.562 548.8 56.75
0.192 0.202 0.308
427.833 548.8 56.75
0.215 0.225 0.330
433.75 548.8 47.2917
0.205 0.213 0.317
445.583 548.8 28.375
0.185 0.192 0.296
439.667 548.8 37.8333
0.196 0.203 0.308
419.458 548.8 37.8333
0.214 0.221 0.322
424.635 548.8 28.375
0.197 0.203 0.303
439.667 548.8 37.8333
0.196 0.203 0.308
433.75 548.8 47.2917
0.205 0.213 0.317
414.281 548.8 47.2917
0.228 0.235 0.336
419.458 548.8 37.8333
0.214 0.221 0.322
433.75 548.8 47.2917
0.205 0.213 0.317
427.833 548.8 56.75
0.215 0.225 0.330
409.104 548.8 56.75
0.242 0.249 0.352
414.281 548.8 47.2917
0.228 0.235 0.336
424.635 548.8 28.375
0.197 0.203 0.303
419.458 548.8 37.8333
0.214 0.221 0.322
399.25 548.8 37.8333
0.246 0.251 0.350
403.688 548.8 28.375
0.227 0.231 0.329
419.458 548.8 37.8333
0.214 0.221 0.322
414.281 548.8 47.2917
0.228 0.235 0.336
394.812 548.8 47.2917
0.258 0.263 0.361
399.25 548.8 37.8333
0.246 0.251 0.350
414.281 548.8 47.2917
0.228 0.235 0.336
409.104 548.8 56.75
0.242 0.249 0.352
390.375 548.8 56.75
0.270 0.277 0.375
394.812 548.8 47.2917
0.258 0.263 0.361
446.562 548.8 56.75
0.192 0.202 0.308
439.906 548.8 66.2083
0.204 0.215 0.323
421.917 548.8 66.2083
0.230 0.240 0.347
427.833 548.8 56.75
0.215 0.225 0.330
439.906 548.8 66.2083
0.204 0.215 0.323
433.25 548.8 75.6667
0.220 0.233 0.341
416 548.8 75.6667
0.250 0.261 0.367
421.917 548.8 66.2083
0.230 0.240 0.347
433.25 548.8 75.6667
0.220 0.233 0.341
426.594 548.8 85.125
0.242 0.256 0.363
410.083 548.8 85.125
0.275 0.287 0.392
416 548.8 75.6667
0.250 0.261 0.367
427.833 548.8 56.75
0.215 0.225 0.330
421.917 548.8 66.2083
0.230 0.240 0.347
403.927 548.8 66.2083
0.259 0.267 0.372
409.104 548.8 56.75
0.242 0.249 0.352
421.917 548.8 66.2083
0.230 0.240 0.347
416 548.8 75.6667
0.250 0.261 0.367
398.75 548.8 75.6667
0.281 0.290 0.393
403.927 548.8 66.2083
0.259 0.267 0.372
416 548.8 75.6667
0.250 0.261 0.367
410.083 548.8 85.125
0.275 0.287 0.392
393.573 548.8 85.125
0.310 0.320 0.422
398.75 548.8 75.6667
0.281 0.290 0.393
409.104 548.8 56.75
0.242 0.249 0.352
403.927 548.8 66.2083
0.259 0.267 0.372
385.937 548.8 66.2083
0.288 0.295 0.396
390.375 548.8 56.75
0.270 0.277 0.375
403.927 548.8 66.2083
0.259 0.267 0.372
398.75 548.8 75.6667
0.281 0.290 0.393
381.5 548.8 75.6667
0.312 0.319 0.420
385.937 548.8 66.2083
0.288 0.295 0.396
398.75 548.8 75.6667
0.281 0.290 0.393
393.573 548.8 85.125
0.310 0.320 0.422
377.062 548.8 85.125
0.347 0.354 0.453
381.5 548.8 75.6667
0.312 0.319 0.420
426.594 548.8 85.125
0.242 0.256 0.363
419.938 548.8 94.5833
0.271 0.285 0.391
404.167 548.8 94.5833
0.310 0.322 0.425
410.083 548.8 85.125
0.275 0.287 0.392
419.938 548.8 94.5833
0.271 0.285 0.391
413.281 548.8 104.042
0.309 0.325 0.429
398.25 548.8 104.042
0.356 0.369 0.471
404.167 548.8 94.5833
0.310 0.322 0.425
413.281 548.8 104.042
0.309 0.325 0.429
406.625 548.8 113.5
0.361 0.379 0.481
392.333 548.8 113.5
0.420 0.434 0.534
398.25 548.8 104.042
0.356 0.369 0.471
410.083 548.8 85.125
0.275 0.287 0.392
404.167 548.8 94.5833
0.310 0.322 0.425
388.396 548.8 94.5833
0.351 0.361 0.462
393.573 548.8 85.125
0.310 0.320 0.422
404.167 548.8 94.5833
0.310 0.322 0.425
398.25 548.8 104.042
0.356 0.369 0.471
383.219 548.8 104.042
0.407 0.417 0.516
388.396 548.8 94.5833
0.351 0.361 0.462
398.25 548.8 104.042
0.356 0.369 0.471
392.333 548.8 113.5
0.420 0.434 0.534
378.042 548.8 113.5
0.483 0.494 0.591
383.219 548.8 104.042
0.407 0.417 0.516
393.573 548.8 85.125
0.310 0.320 0.422
388.396 548.8 94.5833
0.351 0.361 0.462
372.625 548.8 94.5833
0.395 0.403 0.499
377.062 548.8 85.125
0.347 0.354 0.453
388.396 548.8 94.5833
0.351 0.361 0.462
383.219 548.8 104.042
0.407 0.417 0.516
368.188 548.8 104.042
0.460 0.468 0.563
372.625 548.8 94.5833
0.395 0.403 0.499
383.219 548.8 104.042
0.407 0.417 0.516
378.042 548.8 113.5
0.483 0.494 0.591
363.75 548.8 113.5
0.550 0.558 0.651
368.188 548.8 104.042
0.460 0.468 0.563
406.625 548.8 113.5
0.361 0.379 0.481
399.969 548.8 122.958
0.435 0.452 0.554
386.417 548.8 122.958
0.508 0.523 0.622
392.333 548.8 113.5
0.420 0.434 0.534
399.969 548.8 122.958
0.435 0.452 0.554
393.312 548.8 132.417
0.539 0.557 0.658
380.5 548.8 132.417
0.637 0.651 0.749
386.417 548.8 122.958
0.508 0.523 0.622
393.312 548.8 132.417
0.539 0.557 0.658
386.656 548.8 141.875
0.689 0.706 0.806
374.583 548.8 141.875
0.819 0.833 0.928
380.5 548.8 132.417
0.637 0.651 0.749
392.333 548.8 113.5
0.420 0.434 0.534
386.417 548.8 122.958
0.508 0.523 0.622
372.865 548.8 122.958
0.590 0.601 0.696
378.042 548.8 113.5
0.483 0.494 0.591
386.417 548.8 122.958
0.508 0.523 0.622
380.5 548.8 132.417
0.637 0.651 0.749
367.688 548.8 132.417
0.744 0.756 0.848
372.865 548.8 122.958
0.590 0.601 0.696
380.5 548.8 132.417
0.637 0.651 0.749
374.583 548.8 141.875
0.819 0.833 0.928
362.51 548.8 141.875
0.963 0.975 1.065
367.688 548.8 132.417
0.744 0.756 0.848
378.042 548.8 113.5
0.483 0.494 0.591
372.865 548.8 122.958
0.590 0.601 0.696
359.312 548.8 122.958
0.676 0.684 0.774
363.75 548.8 113.5
0.550 0.558 0.651
372.865 548.8 122.958
0.590 0.601 0.696
367.688 548.8 132.417
0.744 0.756 0.848
354.875 548.8 132.417
0.856 0.864 0.952
359.312 548.8 122.958
0.676 0.684 0.774
367.688 548.8 132.417
0.744 0.756 0.848
362.51 548.8 141.875
0.963 0.975 1.065
350.438 548.8 141.875
1.111 1.120 1.206
354.875 548.8 132.417
0.856 0.864 0.952
386.656 548.8 141.875
0.689 0.706 0.806
380 548.8 151.333
0.907 0.924 1.020
368.667 548.8 151.333
1.084 1.098 1.191
374.583 548.8 141.875
0.819 0.833 0.928
380 548.8 151.333
0.907 0.924 1.020
373.344 548.8 160.792
1.227 1.243 1.329
362.75 548.8 160.792
1.475 1.488 1.575
368.667 548.8 151.333
1.084 1.098 1.191
373.344 548.8 160.792
1.227 1.243 1.329
366.688 548.8 170.25
1.700 1.715 1.785
356.833 548.8 170.25
2.043 2.055 2.126
362.75 548.8 160.792
1.475 1.488 1.575
374.583 548.8 141.875
0.819 0.833 0.928
368.667 548.8 151.333
1.084 1.098 1.191
357.333 548.8 151.333
1.281 1.292 1.381
362.51 548.8 141.875
0.963 0.975 1.065
368.667 548.8 151.333
1.084 1.098 1.191
362.75 548.8 160.792
1.475 1.488 1.575
352.156 548.8 160.792
1.741 1.753 1.838
357.333 548.8 151.333
1.281 1.292 1.381
362.75 548.8 160.792
1.475 1.488 1.575
356.833 548.8 170.25
2.043 2.055 2.126
346.979 548.8 170.25
2.397 2.408 2.476
352.156 548.8 160.792
1.741 1.753 1.838
362.51 548.8 141.875
0.963 0.975 1.065
357.333 548.8 151.333
1.281 1.292 1.381
346 548.8 151.333
1.478 1.487 1.570
350.438 548.8 141.875
1.111 1.120 1.206
357.333 548.8 151.333
1.281 1.292 1.381
352.156 548.8 160.792
1.741 1.753 1.838
341.562 548.8 160.792
2.001 2.010 2.088
346 548.8 151.333
1.478 1.487 1.570
352.156 548.8 160.792
1.741 1.753 1.838
346.979 548.8 170.25
2.397 2.408 2.476
337.125 548.8 170.25
2.724 2.732 2.791
341.562 548.8 160.792
2.001 2.010 2.088
366.688 548.8 170.25
1.700 1.715 1.785
360.031 548.8 179.708
2.381 2.397 2.457
350.917 548.8 179.708
2.835 2.848 2.901
356.833 548.8 170.25
2.043 2.055 2.126
360.031 548.8 179.708
2.381 2.397 2.457
353.375 548.8 189.167
3.310 3.326 3.376
345 548.8 189.167
3.861 3.874 3.909
350.917 548.8 179.708
2.835 2.848 2.901
353.375 548.8 189.167
3.310 3.326 3.376
346.719 548.8 198.625
4.461 4.475 4.505
339.083 548.8 198.625
5.051 5.063 5.077
345 548.8 189.167
3.861 3.874 3.909
356.833 548.8 170.25
2.043 2.055 2.126
350.917 548.8 179.708
2.835 2.848 2.901
341.802 548.8 179.708
3.281 3.291 3.332
346.979 548.8 170.25
2.397 2.408 2.476
350.917 548.8 179.708
2.835 2.848 2.901
345 548.8 189.167
3.861 3.874 3.909
336.625 548.8 189.167
4.369 4.380 4.400
341.802 548.8 179.708
3.281 3.291 3.332
345 548.8 189.167
3.861 3.874 3.909
339.083 548.8 198.625
5.051 5.063 5.077
331.448 548.8 198.625
5.553 5.564 5.567
336.625 548.8 189.167
4.369 4.380 4.400
346.979 548.8 170.25
2.397 2.408 2.476
341.802 548.8 179.708
3.281 3.291 3.332
332.688 548.8 179.708
3.664 3.672 3.703
337.125 548.8 170.25
2.724 2.732 2.791
341.802 548.8 179.708
3.281 3.291 3.332
336.625 548.8 189.167
4.369 4.380 4.400
328.25 548.8 189.167
4.773 4.782 4.793
332.688 548.8 179.708
3.664 3.672 3.703
336.625 548.8 189.167
4.369 4.380 4.400
331.448 548.8 198.625
5.553 5.564 5.567
323.812 548.8 198.625
5.922 5.931 5.933
328.25 548.8 189.167
4.773 4.782 4.793
346.719 548.8 198.625
4.461 4.475 4.505
340.062 548.8 208.083
5.720 5.733 5.739
333.167 548.8 208.083
6.255 6.267 6.263
339.083 548.8 198.625
5.051 5.063 5.077
340.062 548.8 208.083
5.720 5.733 5.739
333.406 548.8 217.542
6.958 6.970 6.961
327.25 548.8 217.542
7.377 7.387 7.376
333.167 548.8 208.083
6.255 6.267 6.263
333.406 548.8 217.542
6.958 6.970 6.961
326.75 548.8 227
7.559 7.570 7.557
321.333 548.8 227
7.914 7.924 7.911
327.25 548.8 217.542
7.377 7.387 7.376
339.083 548.8 198.625
5.051 5.063 5.077
333.167 548.8 208.083
6.255 6.267 6.263
326.271 548.8 208.083
6.683 6.693 6.687
331.448 548.8 198.625
5.553 5.564 5.567
333.167 548.8 208.083
6.255 6.267 6.263
327.25 548.8 217.542
7.377 7.387 7.376
321.094 548.8 217.542
7.717 7.726 7.715
326.271 548.8 208.083
6.683 6.693 6.687
327.25 548.8 217.542
7.377 7.387 7.376
321.333 548.8 227
7.914 7.924 7.911
315.917 548.8 227
8.214 8.223 8.210
321.094 548.8 217.542
7.717 7.726 7.715
331.448 548.8 198.625
5.553 5.564 5.567
326.271 548.8 208.083
6.683 6.693 6.687
319.375 548.8 208.083
6.999 7.007 7.002
323.812 548.8 198.625
5.922 5.931 5.933
326.271 548.8 208.083
6.683 6.693 6.687
321.094 548.8 217.542
7.717 7.726 7.715
314.938 548.8 217.542
7.996 8.004 7.993
319.375 548.8 208.083
6.999 7.007 7.002
321.094 548.8 217.542
7.717 7.726 7.715
315.917 548.8 227
8.214 8.223 8.210
310.5 548.8 227
8.481 8.489 8.477
314.938 548.8 217.542
7.996 8.004 7.993
417 548.8 0
0.094 0.096 0.181
412.562 548.8 9.45833
0.130 0.133 0.222
390.135 548.8 9.45833
0.161 0.163 0.248
393.833 548.8 0
0.115 0.117 0.199
412.562 548.8 9.45833
0.130 0.133 0.222
408.125 548.8 18.9167
0.190 0.194 0.289
386.438 548.8 18.9167
0.230 0.233 0.324
390.135 548.8 9.45833
0.161 0.163 0.248
408.125 548.8 18.9167
0.190 0.194 0.289
403.688 548.8 28.375
0.227 0.231 0.329
382.74 548.8 28.375
0.262 0.265 0.360
386.438 548.8 18.9167
0.230 0.233 0.324
393.833 548.8 0
0.115 0.117 0.199
390.135 548.8 9.45833
0.161 0.163 0.248
367.708 548.8 9.45833
0.166 0.168 0.248
370.667 548.8 0
0.123 0.124 0.201
390.135 548.8 9.45833
0.161 0.163 0.248
386.438 548.8 18.9167
0.230 0.233 0.324
364.75 548.8 18.9167
0.234 0.235 0.321
367.708 548.8 9.45833
0.166 0.168 0.248
386.438 548.8 18.9167
0.230 0.233 0.324
382.74 548.8 28.375
0.262 0.265 0.360
361.792 548.8 28.375
0.268 0.270 0.357
364.75 548.8 18.9167
0.234 0.235 0.321
370.667 548.8 0
0.123 0.124 0.201
367.708 548.8 9.45833
0.166 0.168 0.248
345.281 548.8 9.45833
0.167 0.167 0.240
347.5 548.8 0
0.123 0.123 0.194
367.708 548.8 9.45833
0.166 0.168 0.248
364.75 548.8 18.9167
0.234 0.235 0.321
343.062 548.8 18.9167
0.239 0.239 0.317
345.281 548.8 9.45833
0.167 0.167 0.240
364.75 548.8 18.9167
0.234 0.235 0.321
361.792 548.8 28.375
0.268 0.270 0.357
340.844 548.8 28.375
0.281 0.281 0.361
343.062 548.8 18.9167
0.239 0.239 0.317
403.688 548.8 28.375
0.227 0.231 0.329
399.25 548.8 37.8333
0.246 0.251 0.350
379.042 548.8 37.8333
0.274 0.277 0.372
382.74 548.8 28.375
0.262 0.265 0.360
399.25 548.8 37.8333
0.246 0.251 0.350
394.812 548.8 47.2917
0.258 0.263 0.361
375.344 548.8 47.2917
0.283 0.287 0.380
379.042 548.8 37.8333
0.274 0.277 0.372
394.812 548.8 47.2917
0.258 0.263 0.361
390.375 548.8 56.75
0.270 0.277 0.375
371.646 548.8 56.75
0.296 0.301 0.394
375.344 548.8 47.2917
0.283 0.287 0.380
382.74 548.8 28.375
0.262 0.265 0.360
379.042 548.8 37.8333
0.274 0.277 0.372
358.833 548.8 37.8333
0.286 0.287 0.376
361.792 548.8 28.375
0.268 0.270 0.357
379.042 548.8 37.8333
0.274 0.277 0.372
375.344 548.8 47.2917
0.283 0.287 0.380
355.875 548.8 47.2917
0.300 0.302 0.389
358.833 548.8 37.8333
0.286 0.287 0.376
375.344 548.8 47.2917
0.283 0.287 0.380
371.646 548.8 56.75
0.296 0.301 0.394
352.917 548.8 56.75
0.318 0.320 0.407
355.875 548.8 47.2917
0.300 0.302 0.389
361.792 548.8 28.375
0.268 0.270 0.357
358.833 548.8 37.8333
0.286 0.287 0.376
338.625 548.8 37.8333
0.304 0.304 0.385
340.844 548.8 28.375
0.281 0.281 0.361
358.833 548.8 37.8333
0.286 0.287 0.376
355.875 548.8 47.2917
0.300 0.302 0.389
336.406 548.8 47.2917
0.320 0.321 0.401
338.625 548.8 37.8333
0.304 0.304 0.385
355.875 548.8 47.2917
0.300 0.302 0.389
352.917 548.8 56.75
0.318 0.320 0.407
334.188 548.8 56.75
0.339 0.339 0.420
336.406 548.8 47.2917
0.320 0.321 0.401
390.375 548.8 56.75
0.270 0.277 0.375
385.937 548.8 66.2083
0.288 0.295 0.396
367.948 548.8 66.2083
0.315 0.320 0.416
371.646 548.8 56.75
0.296 0.301 0.394
385.937 548.8 66.2083
0.288 0.295 0.396
381.5 548.8 75.6667
0.312 0.319 0.420
364.25 548.8 75.6667
0.343 0.349 0.444
367.948 548.8 66.2083
0.315 0.320 0.416
381.5 548.8 75.6667
0.312 0.319 0.420
377.062 548.8 85.125
0.347 0.354 0.453
360.552 548.8 85.125
0.384 0.389 0.483
364.25 548.8 75.6667
0.343 0.349 0.444
371.646 548.8 56.75
0.296 0.301 0.394
367.948 548.8 66.2083
0.315 0.320 0.416
349.958 548.8 66.2083
0.340 0.343 0.433
352.917 548.8 56.75
0.318 0.320 0.407
367.948 548.8 66.2083
0.315 0.320 0.416
364.25 548.8 75.6667
0.343 0.349 0.444
347 548.8 75.6667
0.373 0.376 0.466
349.958 548.8 66.2083
0.340 0.343 0.433
364.25 548.8 75.6667
0.343 0.349 0.444
360.552 548.8 85.125
0.384 0.389 0.483
344.042 548.8 85.125
0.417 0.421 0.509
347 548.8 75.6667
0.373 0.376 0.466
352.917 548.8 56.75
0.318 0.320 0.407
349.958 548.8 66.2083
0.340 0.343 0.433
331.969 548.8 66.2083
0.364 0.365 0.447
334.188 548.8 56.75
0.339 0.339 0.420
349.958 548.8 66.2083
0.340 0.343 0.433
347 548.8 75.6667
0.373 0.376 0.466
329.75 548.8 75.6667
0.398 0.398 0.482
331.969 548.8 66.2083
0.364 0.365 0.447
347 548.8 75.6667
0.373 0.376 0.466
344.042 548.8 85.125
0.417 0.421 0.509
327.531 548.8 85.125
0.445 0.446 0.527
329.75 548.8 75.6667
0.398 0.398 0.482
377.062 548.8 85.125
0.347 0.354 0.453
372.625 548.8 94.5833
0.395 0.403 0.499
356.854 548.8 94.5833
0.438 0.444 0.536
360.552 548.8 85.125
0.384 0.389 0.483
372.625 548.8 94.5833
0.395 0.403 0.499
368.188 548.8 104.042
0.460 0.468 0.563
353.156 548.8 104.042
0.513 0.518 0.609
356.854 548.8 94.5833
0.438 0.444 0.536
368.188 548.8 104.042
0.460 0.468 0.563
363.75 548.8 113.5
0.550 0.558 0.651
349.458 548.8 113.5
0.615 0.621 0.709
353.156 548.8 104.042
0.513 0.518 0.609
360.552 548.8 85.125
0.384 0.389 0.483
356.854 548.8 94.5833
0.438 0.444 0.536
341.083 548.8 94.5833
0.477 0.480 0.567
344.042 548.8 85.125
0.417 0.421 0.509
356.854 548.8 94.5833
0.438 0.444 0.536
353.156 548.8 104.042
0.513 0.518 0.609
338.125 548.8 104.042
0.559 0.563 0.647
341.083 548.8 94.5833
0.477 0.480 0.567
353.156 548.8 104.042
0.513 0.518 0.609
349.458 548.8 113.5
0.615 0.621 0.709
335.167 548.8 113.5
0.672 0.676 0.758
338.125 548.8 104.042
0.559 0.563 0.647
344.042 548.8 85.125
0.417 0.421 0.509
341.083 548.8 94.5833
0.477 0.480 0.567
325.312 548.8 94.5833
0.509 0.510 0.589
327.531 548.8 85.125
0.445 0.446 0.527
341.083 548.8 94.5833
0.477 0.480 0.567
338.125 548.8 104.042
0.559 0.563 0.647
323.094 548.8 104.042
0.596 0.598 0.675
325.312 548.8 94.5833
0.509 0.510 0.589
338.125 548.8 104.042
0.559 0.563 0.647
335.167 548.8 113.5
0.672 0.676 0.758
320.875 548.8 113.5
0.717 0.718 0.792
323.094 548.8 104.042
0.596 0.598 0.675
363.75 548.8 113.5
0.550 0.558 0.651
359.312 548.8 122.958
0.676 0.684 0.774
345.76 548.8 122.958
0.759 0.764 0.850
349.458 548.8 113.5
0.615 0.621 0.709
359.312 548.8 122.958
0.676 0.684 0.774
354.875 548.8 132.417
0.856 0.864 0.952
342.062 548.8 132.417
0.961 0.967 1.049
345.76 548.8 122.958
0.759 0.764 0.850
354.875 548.8 132.417
0.856 0.864 0.952
350.438 548.8 141.875
1.111 1.120 1.206
338.365 548.8 141.875
1.246 1.253 1.331
342.062 548.8 132.417
0.961 0.967 1.049
349.458 548.8 113.5
0.615 0.621 0.709
345.76 548.8 122.958
0.759 0.764 0.850
332.208 548.8 122.958
0.830 0.834 0.913
335.167 548.8 113.5
0.672 0.676 0.758
345.76 548.8 122.958
0.759 0.764 0.850
342.062 548.8 132.417
0.961 0.967 1.049
329.25 548.8 132.417
1.049 1.052 1.126
332.208 548.8 122.958
0.830 0.834 0.913
342.062 548.8 132.417
0.961 0.967 1.049
338.365 548.8 141.875
1.246 1.253 1.331
326.292 548.8 141.875
1.355 1.359 1.425
329.25 548.8 132.417
1.049 1.052 1.126
335.167 548.8 113.5
0.672 0.676 0.758
332.208 548.8 122.958
0.830 0.834 0.913
318.656 548.8 122.958
0.883 0.884 0.955
320.875 548.8 113.5
0.717 0.718 0.792
332.208 548.8 122.958
0.830 0.834 0.913
329.25 548.8 132.417
1.049 1.052 1.126
316.438 548.8 132.417
1.110 1.111 1.176
318.656 548.8 122.958
0.883 0.884 0.955
329.25 548.8 132.417
1.049 1.052 1.126
326.292 548.8 141.875
1.355 1.359 1.425
314.219 548.8 141.875
1.425 1.427 1.484
316.438 548.8 132.417
1.110 1.111 1.176
350.438 548.8 141.875
1.111 1.120 1.206
346 548.8 151.333
1.478 1.487 1.570
334.667 548.8 151.333
1.651 1.658 1.731
338.365 548.8 141.875
1.246 1.253 1.331
346 548.8 151.333
1.478 1.487 1.570
341.562 548.8 160.792
2.001 2.010 2.088
330.969 548.8 160.792
2.217 2.224 2.289
334.667 548.8 151.333
1.651 1.658 1.731
341.562 548.8 160.792
2.001 2.010 2.088
337.125 548.8 170.25
2.724 2.732 2.791
327.271 548.8 170.25
2.977 2.984 3.034
330.969 548.8 160.792
2.217 2.224 2.289
338.365 548.8 141.875
1.246 1.253 1.331
334.667 548.8 151.333
1.651 1.658 1.731
323.333 548.8 151.333
1.781 1.785 1.846
326.292 548.8 141.875
1.355 1.359 1.425
334.667 548.8 151.333
1.651 1.658 1.731
330.969 548.8 160.792
2.217 2.224 2.289
320.375 548.8 160.792
2.363 2.368 2.424
323.333 548.8 151.333
1.781 1.785 1.846
330.969 548.8 160.792
2.217 2.224 2.289
327.271 548.8 170.25
2.977 2.984 3.034
317.417 548.8 170.25
3.134 3.138 3.185
320.375 548.8 160.792
2.363 2.368 2.424
326.292 548.8 141.875
1.355 1.359 1.425
323.333 548.8 151.333
1.781 1.785 1.846
312 548.8 151.333
1.858 1.859 1.913
314.219 548.8 141.875
1.425 1.427 1.484
323.333 548.8 151.333
1.781 1.785 1.846
320.375 548.8 160.792
2.363 2.368 2.424
309.781 548.8 160.792
2.440 2.442 2.494
312 548.8 151.333
1.858 1.859 1.913
320.375 548.8 160.792
2.363 2.368 2.424
317.417 548.8 170.25
3.134 3.138 3.185
307.562 548.8 170.25
3.202 3.204 3.250
309.781 548.8 160.792
2.440 2.442 2.494
337.125 548.8 170.25
2.724 2.732 2.791
332.688 548.8 179.708
3.664 3.672 3.703
323.573 548.8 179.708
3.938 3.944 3.972
327.271 548.8 170.25
2.977 2.984 3.034
332.688 548.8 179.708
3.664 3.672 3.703
328.25 548.8 189.167
4.773 4.782 4.793
319.875 548.8 189.167
5.036 5.043 5.055
323.573 548.8 179.708
3.938 3.944 3.972
328.25 548.8 189.167
4.773 4.782 4.793
323.812 548.8 198.625
5.922 5.931 5.933
316.177 548.8 198.625
6.164 6.171 6.174
319.875 548.8 189.167
5.036 5.043 5.055
327.271 548.8 170.25
2.977 2.984 3.034
323.573 548.8 179.708
3.938 3.944 3.972
314.458 548.8 179.708
4.087 4.091 4.123
317.417 548.8 170.25
3.134 3.138 3.185
323.573 548.8 179.708
3.938 3.944 3.972
319.875 548.8 189.167
5.036 5.043 5.055
311.5 548.8 189.167
5.178 5.182 5.198
314.458 548.8 179.708
4.087 4.091 4.123
319.875 548.8 189.167
5.036 5.043 5.055
316.177 548.8 198.625
6.164 6.171 6.174
308.542 548.8 198.625
6.317 6.322 6.329
311.5 548.8 189.167
5.178 5.182 5.198
317.417 548.8 170.25
3.134 3.138 3.185
314.458 548.8 179.708
4.087 4.091 4.123
305.344 548.8 179.708
4.149 4.151 4.185
307.562 548.8 170.25
3.202 3.204 3.250
314.458 548.8 179.708
4.087 4.091 4.123
311.5 548.8 189.167
5.178 5.182 5.198
303.125 548.8 189.167
5.252 5.254 5.275
305.344 548.8 179.708
4.149 4.151 4.185
311.5 548.8 189.167
5.178 5.182 5.198
308.542 548.8 198.625
6.317 6.322 6.329
300.906 548.8 198.625
6.443 6.447 6.456
303.125 548.8 189.167
5.252 5.254 5.275
323.812 548.8 198.625
5.922 5.931 5.933
319.375 548.8 208.083
6.999 7.007 7.002
312.479 548.8 208.083
7.236 7.243 7.240
316.177 548.8 198.625
6.164 6.171 6.174
319.375 548.8 208.083
6.999 7.007 7.002
314.938 548.8 217.542
7.996 8.004 7.993
308.781 548.8 217.542
8.255 8.261 8.252
312.479 548.8 208.083
7.236 7.243 7.240
314.938 548.8 217.542
7.996 8.004 7.993
310.5 548.8 227
8.481 8.489 8.477
305.083 548.8 227
8.758 8.763 8.753
308.781 548.8 217.542
8.255 8.261 8.252
316.177 548.8 198.625
6.164 6.171 6.174
312.479 548.8 208.083
7.236 7.243 7.240
305.583 548.8 208.083
7.438 7.443 7.442
308.542 548.8 198.625
6.317 6.322 6.329
312.479 548.8 208.083
7.236 7.243 7.240
308.781 548.8 217.542
8.255 8.261 8.252
302.625 548.8 217.542
8.523 8.528 8.521
305.583 548.8 208.083
7.438 7.443 7.442
308.781 548.8 217.542
8.255 8.261 8.252
305.083 548.8 227
8.758 8.763 8.753
299.667 548.8 227
9.057 9.061 9.052
302.625 548.8 217.542
8.523 8.528 8.521
308.542 548.8 198.625
6.317 6.322 6.329
305.583 548.8 208.083
7.438 7.443 7.442
298.688 548.8 208.083
7.650 7.654 7.655
300.906 548.8 198.625
6.443 6.447 6.456
305.583 548.8 208.083
7.438 7.443 7.442
302.625 548.8 217.542
8.523 8.528 8.521
296.469 548.8 217.542
8.810 8.813 8.807
298.688 548.8 208.083
7.650 7.654 7.655
302.625 548.8 217.542
8.523 8.528 8.521
299.667 548.8 227
9.057 9.061 9.052
294.25 548.8 227
9.370 9.373 9.364
296.469 548.8 217.542
8.810 8.813 8.807
347.5 548.8 0
0.123 0.123 0.194
345.281 548.8 9.45833
0.167 0.167 0.240
322.854 548.8 9.45833
0.196 0.195 0.262
324.333 548.8 0
0.141 0.141 0.206
345.281 548.8 9.45833
0.167 0.167 0.240
343.062 548.8 18.9167
0.239 0.239 0.317
321.375 548.8 18.9167
0.278 0.277 0.348
322.854 548.8 9.45833
0.196 0.195 0.262
343.062 548.8 18.9167
0.239 0.239 0.317
340.844 548.8 28.375
0.281 0.281 0.361
319.896 548.8 28.375
0.315 0.314 0.387
321.375 548.8 18.9167
0.278 0.277 0.348
324.333 548.8 0
0.141 0.141 0.206
322.854 548.8 9.45833
0.196 0.195 0.262
300.427 548.8 9.45833
0.199 0.197 0.258
301.167 548.8 0
0.146 0.144 0.204
322.854 548.8 9.45833
0.196 0.195 0.262
321.375 548.8 18.9167
0.278 0.277 0.348
299.688 548.8 18.9167
0.279 0.277 0.341
300.427 548.8 9.45833
0.199 0.197 0.258
321.375 548.8 18.9167
0.278 0.277 0.348
319.896 548.8 28.375
0.315 0.314 0.387
298.948 548.8 28.375
0.317 0.315 0.381
299.688 548.8 18.9167
0.279 0.277 0.341
301.167 548.8 0
0.146 0.144 0.204
300.427 548.8 9.45833
0.199 0.197 0.258
278 548.8 9.45833
0.182 0.179 0.234
278 548.8 0
0.136 0.133 0.187
300.427 548.8 9.45833
0.199 0.197 0.258
299.688 548.8 18.9167
0.279 0.277 0.341
278 548.8 18.9167
0.258 0.254 0.311
278 548.8 9.45833
0.182 0.179 0.234
299.688 548.8 18.9167
0.279 0.277 0.341
298.948 548.8 28.375
0.317 0.315 0.381
278 548.8 28.375
0.301 0.298 0.357
278 548.8 18.9167
0.258 0.254 0.311
340.844 548.8 28.375
0.281 0.281 0.361
338.625 548.8 37.8333
0.304 0.304 0.385
318.417 548.8 37.8333
0.330 0.329 0.403
319.896 548.8 28.375
0.315 0.314 0.387
338.625 548.8 37.8333
0.304 0.304 0.385
336.406 548.8 47.2917
0.320 0.321 0.401
316.938 548.8 47.2917
0.342 0.340 0.414
318.417 548.8 37.8333
0.330 0.329 0.403
336.406 548.8 47.2917
0.320 0.321 0.401
334.188 548.8 56.75
0.339 0.339 0.420
315.458 548.8 56.75
0.357 0.356 0.429
316.938 548.8 47.2917
0.342 0.340 0.414
319.896 548.8 28.375
0.315 0.314 0.387
318.417 548.8 37.8333
0.330 0.329 0.403
298.208 548.8 37.8333
0.334 0.332 0.399
298.948 548.8 28.375
0.317 0.315 0.381
318.417 548.8 37.8333
0.330 0.329 0.403
316.938 548.8 47.2917
0.342 0.340 0.414
297.469 548.8 47.2917
0.347 0.345 0.411
298.208 548.8 37.8333
0.334 0.332 0.399
316.938 548.8 47.2917
0.342 0.340 0.414
315.458 548.8 56.75
0.357 0.356 0.429
296.729 548.8 56.75
0.363 0.361 0.428
297.469 548.8 47.2917
0.347 0.345 0.411
298.948 548.8 28.375
0.317 0.315 0.381
298.208 548.8 37.8333
0.334 0.332 0.399
278 548.8 37.8333
0.326 0.322 0.382
278 548.8 28.375
0.301 0.298 0.357
298.208 548.8 37.8333
0.334 0.332 0.399
297.469 548.8 47.2917
0.347 0.345 0.411
278 548.8 47.2917
0.343 0.339 0.399
278 548.8 37.8333
0.326 0.322 0.382
297.469 548.8 47.2917
0.347 0.345 0.411
296.729 548.8 56.75
0.363 0.361 0.428
278 548.8 56.75
0.362 0.358 0.418
278 548.8 47.2917
0.343 0.339 0.399
334.188 548.8 56.75
0.339 0.339 0.420
331.969 548.8 66.2083
0.364 0.365 0.447
313.979 548.8 66.2083
0.381 0.380 0.455
315.458 548.8 56.75
0.357 0.356 0.429
331.969 548.8 66.2083
0.364 0.365 0.447
329.75 548.8 75.6667
0.398 0.398 0.482
312.5 548.8 75.6667
0.415 0.414 0.490
313.979 548.8 66.2083
0.381 0.380 0.455
329.75 548.8 75.6667
0.398 0.398 0.482
327.531 548.8 85.125
0.445 0.446 0.527
311.021 548.8 85.125
0.464 0.463 0.537
312.5 548.8 75.6667
0.415 0.414 0.490
315.458 548.8 56.75
0.357 0.356 0.429
313.979 548.8 66.2083
0.381 0.380 0.455
295.99 548.8 66.2083
0.388 0.386 0.455
296.729 548.8 56.75
0.363 0.361 0.428
313.979 548.8 66.2083
0.381 0.380 0.455
312.5 548.8 75.6667
0.415 0.414 0.490
295.25 548.8 75.6667
0.424 0.422 0.490
295.99 548.8 66.2083
0.388 0.386 0.455
312.5 548.8 75.6667
0.415 0.414 0.490
311.021 548.8 85.125
0.464 0.463 0.537
294.51 548.8 85.125
0.474 0.471 0.538
295.25 548.8 75.6667
0.424 0.422 0.490
296.729 548.8 56.75
0.363 0.361 0.428
295.99 548.8 66.2083
0.388 0.386 0.455
278 548.8 66.2083
0.389 0.385 0.446
278 548.8 56.75
0.362 0.358 0.418
295.99 548.8 66.2083
0.388 0.386 0.455
295.25 548.8 75.6667
0.424 0.422 0.490
278 548.8 75.6667
0.425 0.420 0.482
278 548.8 66.2083
0.389 0.385 0.446
295.25 548.8 75.6667
0.424 0.422 0.490
294.51 548.8 85.125
0.474 0.471 0.538
278 548.8 85.125
0.473 0.468 0.528
278 548.8 75.6667
0.425 0.420 0.482
327.531 548.8 85.125
0.445 0.446 0.527
325.312 548.8 94.5833
0.509 0.510 0.589
309.542 548.8 94.5833
0.531 0.530 0.602
311.021 548.8 85.125
0.464 0.463 0.537
325.312 548.8 94.5833
0.509 0.510 0.589
323.094 548.8 104.042
0.596 0.598 0.675
308.062 548.8 104.042
0.621 0.620 0.690
309.542 548.8 94.5833
0.531 0.530 0.602
323.094 548.8 104.042
0.596 0.598 0.675
320.875 548.8 113.5
0.717 0.718 0.792
306.583 548.8 113.5
0.744 0.743 0.809
308.062 548.8 104.042
0.621 0.620 0.690
311.021 548.8 85.125
0.464 0.463 0.537
309.542 548.8 94.5833
0.531 0.530 0.602
293.771 548.8 94.5833
0.541 0.538 0.602
294.51 548.8 85.125
0.474 0.471 0.538
309.542 548.8 94.5833
0.531 0.530 0.602
308.062 548.8 104.042
0.621 0.620 0.690
293.031 548.8 104.042
0.632 0.629 0.692
293.771 548.8 94.5833
0.541 0.538 0.602
308.062 548.8 104.042
0.621 0.620 0.690
306.583 548.8 113.5
0.744 0.743 0.809
292.292 548.8 113.5
0.754 0.751 0.811
293.031 548.8 104.042
0.632 0.629 0.692
294.51 548.8 85.125
0.474 0.471 0.538
293.771 548.8 94.5833
0.541 0.538 0.602
278 548.8 94.5833
0.539 0.534 0.592
278 548.8 85.125
0.473 0.468 0.528
293.771 548.8 94.5833
0.541 0.538 0.602
293.031 548.8 104.042
0.632 0.629 0.692
278 548.8 104.042
0.628 0.622 0.680
278 548.8 94.5833
0.539 0.534 0.592
293.031 548.8 104.042
0.632 0.629 0.692
292.292 548.8 113.5
0.754 0.751 0.811
278 548.8 113.5
0.747 0.741 0.796
278 548.8 104.042
0.628 0.622 0.680
320.875 548.8 113.5
0.717 0.718 0.792
318.656 548.8 122.958
0.883 0.884 0.955
305.104 548.8 122.958
0.912 0.911 0.974
306.583 548.8 113.5
0.744 0.743 0.809
318.656 548.8 122.958
0.883 0.884 0.955
316.438 548.8 132.417
1.110 1.111 1.176
303.625 548.8 132.417
1.142 1.141 1.199
305.104 548.8 122.958
0.912 0.911 0.974
316.438 548.8 132.417
1.110 1.111 1.176
314.219 548.8 141.875
1.425 1.427 1.484
302.146 548.8 141.875
1.457 1.456 1.508
303.625 548.8 132.417
1.142 1.141 1.199
306.583 548.8 113.5
0.744 0.743 0.809
305.104 548.8 122.958
0.912 0.911 0.974
291.552 548.8 122.958
0.920 0.917 0.974
292.292 548.8 113.5
0.754 0.751 0.811
305.104 548.8 122.958
0.912 0.911 0.974
303.625 548.8 132.417
1.142 1.141 1.199
290.812 548.8 132.417
1.147 1.144 1.197
291.552 548.8 122.958
0.920 0.917 0.974
303.625 548.8 132.417
1.142 1.141 1.199
302.146 548.8 141.875
1.457 1.456 1.508
290.073 548.8 141.875
1.456 1.454 1.501
290.812 548.8 132.417
1.147 1.144 1.197
292.292 548.8 113.5
0.754 0.751 0.811
291.552 548.8 122.958
0.920 0.917 0.974
278 548.8 122.958
0.908 0.903 0.955
278 548.8 113.5
0.747 0.741 0.796
291.552 548.8 122.958
0.920 0.917 0.974
290.812 548.8 132.417
1.147 1.144 1.197
278 548.8 132.417
1.128 1.122 1.170
278 548.8 122.958
0.908 0.903 0.955
290.812 548.8 132.417
1.147 1.144 1.197
290.073 548.8 141.875
1.456 1.454 1.501
278 548.8 141.875
1.426 1.420 1.465
278 548.8 132.417
1.128 1.122 1.170
314.219 548.8 141.875
1.425 1.427 1.484
312 548.8 151.333
1.858 1.859 1.913
300.667 548.8 151.333
1.887 1.886 1.935
302.146 548.8 141.875
1.457 1.456 1.508
312 548.8 151.333
1.858 1.859 1.913
309.781 548.8 160.792
2.440 2.442 2.494
299.188 548.8 160.792
2.460 2.459 2.508
300.667 548.8 151.333
1.887 1.886 1.935
309.781 548.8 160.792
2.440 2.442 2.494
307.562 548.8 170.25
3.202 3.204 3.250
297.708 548.8 170.25
3.212 3.213 3.256
299.188 548.8 160.792
2.460 2.459 2.508
302.146 548.8 141.875
1.457 1.456 1.508
300.667 548.8 151.333
1.887 1.886 1.935
289.333 548.8 151.333
1.875 1.873 1.918
290.073 548.8 141.875
1.456 1.454 1.501
300.667 548.8 151.333
1.887 1.886 1.935
299.188 548.8 160.792
2.460 2.459 2.508
288.594 548.8 160.792
2.439 2.437 2.481
289.333 548.8 151.333
1.875 1.873 1.918
299.188 548.8 160.792
2.460 2.459 2.508
297.708 548.8 170.25
3.212 3.213 3.256
287.854 548.8 170.25
3.188 3.187 3.227
288.594 548.8 160.792
2.439 2.437 2.481
290.073 548.8 141.875
1.456 1.454 1.501
289.333 548.8 151.333
1.875 1.873 1.918
278 548.8 151.333
1.833 1.827 1.870
278 548.8 141.875
1.426 1.420 1.465
289.333 548.8 151.333
1.875 1.873 1.918
288.594 548.8 160.792
2.439 2.437 2.481
278 548.8 160.792
2.387 2.382 2.423
278 548.8 151.333
1.833 1.827 1.870
288.594 548.8 160.792
2.439 2.437 2.481
287.854 548.8 170.25
3.188 3.187 3.227
278 548.8 170.25
3.128 3.122 3.160
278 548.8 160.792
2.387 2.382 2.423
307.562 548.8 170.25
3.202 3.204 3.250
305.344 548.8 179.708
4.149 4.151 4.185
296.229 548.8 179.708
4.166 4.166 4.201
297.708 548.8 170.25
3.212 3.213 3.256
305.344 548.8 179.708
4.149 4.151 4.185
303.125 548.8 189.167
5.252 5.254 5.275
294.75 548.8 189.167
5.302 5.302 5.327
296.229 548.8 179.708
4.166 4.166 4.201
303.125 548.8 189.167
5.252 5.254 5.275
300.906 548.8 198.625
6.443 6.447 6.456
293.271 548.8 198.625
6.571 6.572 6.584
294.75 548.8 189.167
5.302 5.302 5.327
297.708 548.8 170.25
3.212 3.213 3.256
296.229 548.8 179.708
4.166 4.166 4.201
287.115 548.8 179.708
4.152 4.151 4.186
287.854 548.8 170.25
3.188 3.187 3.227
296.229 548.8 179.708
4.166 4.166 4.201
294.75 548.8 189.167
5.302 5.302 5.327
286.375 548.8 189.167
5.331 5.330 5.356
287.115 548.8 179.708
4.152 4.151 4.186
294.75 548.8 189.167
5.302 5.302 5.327
293.271 548.8 198.625
6.571 6.572 6.584
285.635 548.8 198.625
6.677 6.676 6.691
286.375 548.8 189.167
5.331 5.330 5.356
287.854 548.8 170.25
3.188 3.187 3.227
287.115 548.8 179.708
4.152 4.151 4.186
278 548.8 179.708
4.097 4.091 4.124
278 548.8 170.25
3.128 3.122 3.160
287.115 548.8 179.708
4.152 4.151 4.186
286.375 548.8 189.167
5.331 5.330 5.356
278 548.8 189.167
5.307 5.302 5.329
278 548.8 179.708
4.097 4.091 4.124
286.375 548.8 189.167
5.331 5.330 5.356
285.635 548.8 198.625
6.677 6.676 6.691
278 548.8 198.625
6.711 6.704 6.722
278 548.8 189.167
5.307 5.302 5.329
300.906 548.8 198.625
6.443 6.447 6.456
298.688 548.8 208.083
7.650 7.654 7.655
291.792 548.8 208.083
7.875 7.877 7.880
293.271 548.8 198.625
6.571 6.572 6.584
298.688 548.8 208.083
7.650 7.654 7.655
296.469 548.8 217.542
8.810 8.813 8.807
290.312 548.8 217.542
9.096 9.096 9.093
291.792 548.8 208.083
7.875 7.877 7.880
296.469 548.8 217.542
8.810 8.813 8.807
294.25 548.8 227
9.370 9.373 9.364
288.833 548.8 227
9.671 9.670 9.664
290.312 548.8 217.542
9.096 9.096 9.093
293.271 548.8 198.625
6.571 6.572 6.584
291.792 548.8 208.083
7.875 7.877 7.880
284.896 548.8 208.083
8.068 8.067 8.072
285.635 548.8 198.625
6.677 6.676 6.691
291.792 548.8 208.083
7.875 7.877 7.880
290.312 548.8 217.542
9.096 9.096 9.093
284.156 548.8 217.542
9.338 9.337 9.334
284.896 548.8 208.083
8.068 8.067 8.072
290.312 548.8 217.542
9.096 9.096 9.093
288.833 548.8 227
9.671 9.670 9.664
283.417 548.8 227
9.921 9.919 9.913
284.156 548.8 217.542
9.338 9.337 9.334
285.635 548.8 198.625
6.677 6.676 6.691
284.896 548.8 208.083
8.068 8.067 8.072
278 548.8 208.083
8.162 8.155 8.164
278 548.8 198.625
6.711 6.704 6.722
284.896 548.8 208.083
8.068 8.067 8.072
284.156 548.8 217.542
9.338 9.337 9.334
278 548.8 217.542
9.467 9.461 9.461
278 548.8 208.083
8.162 8.155 8.164
284.156 548.8 217.542
9.338 9.337 9.334
283.417 548.8 227
9.921 9.919 9.913
278 548.8 227
10.058 10.054 10.049
278 548.8 217.542
9.467 9.461 9.461
278 548.8 0
0.136 0.133 0.187
278 548.8 9.45833
0.182 0.179 0.234
255.573 548.8 9.45833
0.197 0.193 0.239
254.833 548.8 0
0.145 0.141 0.186
278 548.8 9.45833
0.182 0.179 0.234
278 548.8 18.9167
0.258 0.254 0.311
256.312 548.8 18.9167
0.278 0.273 0.320
255.573 548.8 9.45833
0.197 0.193 0.239
278 548.8 18.9167
0.258 0.254 0.311
278 548.8 28.375
0.301 0.298 0.357
257.052 548.8 28.375
0.315 0.310 0.360
256.312 548.8 18.9167
0.278 0.273 0.320
254.833 548.8 0
0.145 0.141 0.186
255.573 548.8 9.45833
0.197 0.193 0.239
233.146 548.8 9.45833
0.195 0.190 0.228
231.667 548.8 0
0.142 0.137 0.174
255.573 548.8 9.45833
0.197 0.193 0.239
256.312 548.8 18.9167
0.278 0.273 0.320
234.625 548.8 18.9167
0.276 0.270 0.310
233.146 548.8 9.45833
0.195 0.190 0.228
256.312 548.8 18.9167
0.278 0.273 0.320
257.052 548.8 28.375
0.315 0.310 0.360
236.104 548.8 28.375
0.313 0.307 0.349
234.625 548.8 18.9167
0.276 0.270 0.310
231.667 548.8 0
0.142 0.137 0.174
233.146 548.8 9.45833
0.195 0.190 0.228
210.719 548.8 9.45833
0.166 0.160 0.193
208.5 548.8 0
0.122 0.116 0.148
233.146 548.8 9.45833
0.195 0.190 0.228
234.625 548.8 18.9167
0.276 0.270 0.310
212.938 548.8 18.9167
0.238 0.231 0.265
210.719 548.8 9.45833
0.166 0.160 0.193
234.625 548.8 18.9167
0.276 0.270 0.310
236.104 548.8 28.375
0.313 0.307 0.349
215.156 548.8 28.375
0.279 0.272 0.308
212.938 548.8 18.9167
0.238 0.231 0.265
278 548.8 28.375
0.301 0.298 0.357
278 548.8 37.8333
0.326 0.322 0.382
257.792 548.8 37.8333
0.332 0.326 0.378
257.052 548.8 28.375
0.315 0.310 0.360
278 548.8 37.8333
0.326 0.322 0.382
278 548.8 47.2917
0.343 0.339 0.399
258.531 548.8 47.2917
0.344 0.338 0.389
257.792 548.8 37.8333
0.332 0.326 0.378
278 548.8 47.2917
0.343 0.339 0.399
278 548.8 56.75
0.362 0.358 0.418
259.271 548.8 56.75
0.360 0.354 0.406
258.531 548.8 47.2917
0.344 0.338 0.389
257.052 548.8 28.375
0.315 0.310 0.360
257.792 548.8 37.8333
0.332 0.326 0.378
237.583 548.8 37.8333
0.328 0.321 0.365
236.104 548.8 28.375
0.313 0.307 0.349
257.792 548.8 37.8333
0.332 0.326 0.378
258.531 548.8 47.2917
0.344 0.338 0.389
239.062 548.8 47.2917
0.338 0.331 0.375
237.583 548.8 37.8333
0.328 0.321 0.365
258.531 548.8 47.2917
0.344 0.338 0.389
259.271 548.8 56.75
0.360 0.354 0.406
240.542 548.8 56.75
0.352 0.345 0.390
239.062 548.8 47.2917
0.338 0.331 0.375
236.104 548.8 28.375
0.313 0.307 0.349
237.583 548.8 37.8333
0.328 0.321 0.365
217.375 548.8 37.8333
0.302 0.294 0.332
215.156 548.8 28.375
0.279 0.272 0.308
237.583 548.8 37.8333
0.328 0.321 0.365
239.062 548.8 47.2917
0.338 0.331 0.375
219.594 548.8 47.2917
0.318 0.309 0.348
217.375 548.8 37.8333
0.302 0.294 0.332
239.062 548.8 47.2917
0.338 0.331 0.375
240.542 548.8 56.75
0.352 0.345 0.390
221.812 548.8 56.75
0.334 0.325 0.365
219.594 548.8 47.2917
0.318 0.309 0.348
278 548.8 56.75
0.362 0.358 0.418
278 548.8 66.2083
0.389 0.385 0.446
260.01 548.8 66.2083
0.385 0.379 0.432
259.271 548.8 56.75
0.360 0.354 0.406
278 548.8 66.2083
0.389 0.385 0.446
278 548.8 75.6667
0.425 0.420 0.482
260.75 548.8 75.6667
0.418 0.412 0.465
260.01 548.8 66.2083
0.385 0.379 0.432
278 548.8 75.6667
0.425 0.420 0.482
278 548.8 85.125
0.473 0.468 0.528
261.49 548.8 85.125
0.464 0.457 0.511
260.75 548.8 75.6667
0.418 0.412 0.465
259.271 548.8 56.75
0.360 0.354 0.406
260.01 548.8 66.2083
0.385 0.379 0.432
242.021 548.8 66.2083
0.374 0.366 0.413
240.542 548.8 56.75
0.352 0.345 0.390
260.01 548.8 66.2083
0.385 0.379 0.432
260.75 548.8 75.6667
0.418 0.412 0.465
243.5 548.8 75.6667
0.405 0.396 0.443
242.021 548.8 66.2083
0.374 0.366 0.413
260.75 548.8 75.6667
0.418 0.412 0.465
261.49 548.8 85.125
0.464 0.457 0.511
244.979 548.8 85.125
0.448 0.439 0.487
243.5 548.8 75.6667
0.405 0.396 0.443
240.542 548.8 56.75
0.352 0.345 0.390
242.021 548.8 66.2083
0.374 0.366 0.413
224.031 548.8 66.2083
0.355 0.346 0.386
221.812 548.8 56.75
0.334 0.325 0.365
242.021 548.8 66.2083
0.374 0.366 0.413
243.5 548.8 75.6667
0.405 0.396 0.443
226.25 548.8 75.6667
0.384 0.374 0.415
224.031 548.8 66.2083
0.355 0.346 0.386
243.5 548.8 75.6667
0.405 0.396 0.443
244.979 548.8 85.125
0.448 0.439 0.487
228.469 548.8 85.125
0.424 0.414 0.456
226.25 548.8 75.6667
0.384 0.374 0.415
278 548.8 85.125
0.473 0.468 0.528
278 548.8 94.5833
0.539 0.534 0.592
262.229 548.8 94.5833
0.527 0.520 0.573
261.49 548.8 85.125
0.464 0.457 0.511
278 548.8 94.5833
0.539 0.534 0.592
278 548.8 104.042
0.628 0.622 0.680
262.969 548.8 104.042
0.611 0.603 0.656
262.229 548.8 94.5833
0.527 0.520 0.573
278 548.8 104.042
0.628 0.622 0.680
278 548.8 113.5
0.747 0.741 0.796
263.708 548.8 113.5
0.725 0.717 0.767
262.969 548.8 104.042
0.611 0.603 0.656
261.49 548.8 85.125
0.464 0.457 0.511
262.229 548.8 94.5833
0.527 0.520 0.573
246.458 548.8 94.5833
0.506 0.497 0.544
244.979 548.8 85.125
0.448 0.439 0.487
262.229 548.8 94.5833
0.527 0.520 0.573
262.969 548.8 104.042
0.611 0.603 0.656
247.938 548.8 104.042
0.585 0.576 0.622
246.458 548.8 94.5833
0.506 0.497 0.544
262.969 548.8 104.042
0.611 0.603 0.656
263.708 548.8 113.5
0.725 0.717 0.767
249.417 548.8 113.5
0.691 0.681 0.725
247.938 548.8 104.042
0.585 0.576 0.622
244.979 548.8 85.125
0.448 0.439 0.487
246.458 548.8 94.5833
0.506 0.497 0.544
230.687 548.8 94.5833
0.478 0.467 0.510
228.469 548.8 85.125
0.424 0.414 0.456
246.458 548.8 94.5833
0.506 0.497 0.544
247.938 548.8 104.042
0.585 0.576 0.622
232.906 548.8 104.042
0.551 0.539 0.581
230.687 548.8 94.5833
0.478 0.467 0.510
247.938 548.8 104.042
0.585 0.576 0.622
249.417 548.8 113.5
0.691 0.681 0.725
235.125 548.8 113.5
0.648 0.636 0.675
232.906 548.8 104.042
0.551 0.539 0.581
278 548.8 113.5
0.747 0.741 0.796
278 548.8 122.958
0.908 0.903 0.955
264.448 548.8 122.958
0.878 0.870 0.918
263.708 548.8 113.5
0.725 0.717 0.767
278 548.8 122.958
0.908 0.903 0.955
278 548.8 132.417
1.128 1.122 1.170
265.188 548.8 132.417
1.087 1.078 1.124
264.448 548.8 122.958
0.878 0.870 0.918
278 548.8 132.417
1.128 1.122 1.170
278 548.8 141.875
1.426 1.420 1.465
265.927 548.8 141.875
1.372 1.363 1.406
265.188 548.8 132.417
1.087 1.078 1.124
263.708 548.8 113.5
0.725 0.717 0.767
264.448 548.8 122.958
0.878 0.870 0.918
250.896 548.8 122.958
0.834 0.824 0.867
249.417 548.8 113.5
0.691 0.681 0.725
264.448 548.8 122.958
0.878 0.870 0.918
265.188 548.8 132.417
1.087 1.078 1.124
252.375 548.8 132.417
1.030 1.019 1.061
250.896 548.8 122.958
0.834 0.824 0.867
265.188 548.8 132.417
1.087 1.078 1.124
265.927 548.8 141.875
1.372 1.363 1.406
253.854 548.8 141.875
1.297 1.286 1.326
252.375 548.8 132.417
1.030 1.019 1.061
249.417 548.8 113.5
0.691 0.681 0.725
250.896 548.8 122.958
0.834 0.824 0.867
237.344 548.8 122.958
0.780 0.767 0.805
235.125 548.8 113.5
0.648 0.636 0.675
250.896 548.8 122.958
0.834 0.824 0.867
252.375 548.8 132.417
1.030 1.019 1.061
239.562 548.8 132.417
0.959 0.947 0.984
237.344 548.8 122.958
0.780 0.767 0.805
252.375 548.8 132.417
1.030 1.019 1.061
253.854 548.8 141.875
1.297 1.286 1.326
241.781 548.8 141.875
1.205 1.192 1.228
239.562 548.8 132.417
0.959 0.947 0.984
278 548.8 141.875
1.426 1.420 1.465
278 548.8 151.333
1.833 1.827 1.870
266.667 548.8 151.333
1.762 1.753 1.795
265.927 548.8 141.875
1.372 1.363 1.406
278 548.8 151.333
1.833 1.827 1.870
278 548.8 160.792
2.387 2.382 2.423
267.406 548.8 160.792
2.297 2.287 2.327
266.667 548.8 151.333
1.762 1.753 1.795
278 548.8 160.792
2.387 2.382 2.423
278 548.8 170.25
3.128 3.122 3.160
268.146 548.8 170.25
3.018 3.008 3.044
267.406 548.8 160.792
2.297 2.287 2.327
265.927 548.8 141.875
1.372 1.363 1.406
266.667 548.8 151.333
1.762 1.753 1.795
255.333 548.8 151.333
1.664 1.653 1.691
253.854 548.8 141.875
1.297 1.286 1.326
266.667 548.8 151.333
1.762 1.753 1.795
267.406 548.8 160.792
2.297 2.287 2.327
256.812 548.8 160.792
2.168 2.157 2.193
255.333 548.8 151.333
1.664 1.653 1.691
267.406 548.8 160.792
2.297 2.287 2.327
268.146 548.8 170.25
3.018 3.008 3.044
258.292 548.8 170.25
2.855 2.844 2.876
256.812 548.8 160.792
2.168 2.157 2.193
253.854 548.8 141.875
1.297 1.286 1.326
255.333 548.8 151.333
1.664 1.653 1.691
244 548.8 151.333
1.543 1.530 1.565
241.781 548.8 141.875
1.205 1.192 1.228
255.333 548.8 151.333
1.664 1.653 1.691
256.812 548.8 160.792
2.168 2.157 2.193
246.219 548.8 160.792
2.011 1.997 2.031
244 548.8 151.333
1.543 1.530 1.565
256.812 548.8 160.792
2.168 2.157 2.193
258.292 548.8 170.25
2.855 2.844 2.876
248.438 548.8 170.25
2.653 2.639 2.669
246.219 548.8 160.792
2.011 1.997 2.031
278 548.8 170.25
3.128 3.122 3.160
278 548.8 179.708
4.097 4.091 4.124
268.885 548.8 179.708
3.973 3.963 3.995
268.146 548.8 170.25
3.018 3.008 3.044
278 548.8 179.708
4.097 4.091 4.124
278 548.8 189.167
5.307 5.302 5.329
269.625 548.8 189.167
5.185 5.175 5.202
268.885 548.8 179.708
3.973 3.963 3.995
278 548.8 189.167
5.307 5.302 5.329
278 548.8 198.625
6.711 6.704 6.722
270.365 548.8 198.625
6.611 6.600 6.621
269.625 548.8 189.167
5.185 5.175 5.202
268.146 548.8 170.25
3.018 3.008 3.044
268.885 548.8 179.708
3.973 3.963 3.995
259.771 548.8 179.708
3.774 3.763 3.792
258.292 548.8 170.25
2.855 2.844 2.876
268.885 548.8 179.708
3.973 3.963 3.995
269.625 548.8 189.167
5.185 5.175 5.202
261.25 548.8 189.167
4.955 4.943 4.970
259.771 548.8 179.708
3.774 3.763 3.792
269.625 548.8 189.167
5.185 5.175 5.202
270.365 548.8 198.625
6.611 6.600 6.621
262.729 548.8 198.625
6.366 6.354 6.374
261.25 548.8 189.167
4.955 4.943 4.970
258.292 548.8 170.25
2.855 2.844 2.876
259.771 548.8 179.708
3.774 3.763 3.792
250.656 548.8 179.708
3.520 3.506 3.534
248.438 548.8 170.25
2.653 2.639 2.669
259.771 548.8 179.708
3.774 3.763 3.792
261.25 548.8 189.167
4.955 4.943 4.970
252.875 548.8 189.167
4.643 4.629 4.656
250.656 548.8 179.708
3.520 3.506 3.534
261.25 548.8 189.167
4.955 4.943 4.970
262.729 548.8 198.625
6.366 6.354 6.374
255.094 548.8 198.625
6.011 5.998 6.019
252.875 548.8 189.167
4.643 4.629 4.656
278 548.8 198.625
6.711 6.704 6.722
278 548.8 208.083
8.162 8.155 8.164
271.104 548.8 208.083
8.099 8.089 8.100
270.365 548.8 198.625
6.611 6.600 6.621
278 548.8 208.083
8.162 8.155 8.164
278 548.8 217.542
9.467 9.461 9.461
271.844 548.8 217.542
9.435 9.424 9.427
271.104 548.8 208.083
8.099 8.089 8.100
278 548.8 217.542
9.467 9.461 9.461
278 548.8 227
10.058 10.054 10.049
272.583 548.8 227
10.039 10.027 10.026
271.844 548.8 217.542
9.435 9.424 9.427
270.365 548.8 198.625
6.611 6.600 6.621
271.104 548.8 208.083
8.099 8.089 8.100
264.208 548.8 208.083
7.867 7.856 7.866
262.729 548.8 198.625
6.366 6.354 6.374
271.104 548.8 208.083
8.099 8.089 8.100
271.844 548.8 217.542
9.435 9.424 9.427
265.688 548.8 217.542
9.238 9.225 9.229
264.208 548.8 208.083
7.867 7.856 7.866
271.844 548.8 217.542
9.435 9.424 9.427
272.583 548.8 227
10.039 10.027 10.026
267.167 548.8 227
9.861 9.848 9.849
265.688 548.8 217.542
9.238 9.225 9.229
262.729 548.8 198.625
6.366 6.354 6.374
264.208 548.8 208.083
7.867 7.856 7.866
257.312 548.8 208.083
7.513 7.499 7.512
255.094 548.8 198.625
6.011 5.998 6.019
264.208 548.8 208.083
7.867 7.856 7.866
265.688 548.8 217.542
9.238 9.225 9.229
259.531 548.8 217.542
8.916 8.902 8.907
257.312 548.8 208.083
7.513 7.499 7.512
265.688 548.8 217.542
9.238 9.225 9.229
267.167 548.8 227
9.861 9.848 9.849
261.75 548.8 227
9.559 9.545 9.547
259.531 548.8 217.542
8.916 8.902 8.907
208.5 548.8 0
0.122 0.116 0.148
210.719 548.8 9.45833
0.166 0.160 0.193
188.292 548.8 9.45833
0.165 0.158 0.186
185.333 548.8 0
0.121 0.115 0.142
210.719 548.8 9.45833
0.166 0.160 0.193
212.938 548.8 18.9167
0.238 0.231 0.265
191.25 548.8 18.9167
0.233 0.225 0.254
188.292 548.8 9.45833
0.165 0.158 0.186
212.938 548.8 18.9167
0.238 0.231 0.265
215.156 548.8 28.375
0.279 0.272 0.308
194.208 548.8 28.375
0.267 0.258 0.290
191.25 548.8 18.9167
0.233 0.225 0.254
185.333 548.8 0
0.121 0.115 0.142
188.292 548.8 9.45833
0.165 0.158 0.186
165.865 548.8 9.45833
0.160 0.152 0.177
162.167 548.8 0
0.115 0.107 0.132
188.292 548.8 9.45833
0.165 0.158 0.186
191.25 548.8 18.9167
0.233 0.225 0.254
169.562 548.8 18.9167
0.230 0.221 0.246
165.865 548.8 9.45833
0.160 0.152 0.177
191.25 548.8 18.9167
0.233 0.225 0.254
194.208 548.8 28.375
0.267 0.258 0.290
173.26 548.8 28.375
0.262 0.252 0.278
169.562 548.8 18.9167
0.230 0.221 0.246
162.167 548.8 0
0.115 0.107 0.132
165.865 548.8 9.45833
0.160 0.152 0.177
143.438 548.8 9.45833
0.131 0.122 0.142
139 548.8 0
0.094 0.086 0.106
165.865 548.8 9.45833
0.160 0.152 0.177
169.562 548.8 18.9167
0.230 0.221 0.246
147.875 548.8 18.9167
0.192 0.183 0.203
143.438 548.8 9.45833
0.131 0.122 0.142
169.562 548.8 18.9167
0.230 0.221 0.246
173.26 548.8 28.375
0.262 0.252 0.278
152.312 548.8 28.375
0.229 0.218 0.240
147.875 548.8 18.9167
0.192 0.183 0.203
215.156 548.8 28.375
0.279 0.272 0.308
217.375 548.8 37.8333
0.302 0.294 0.332
197.167 548.8 37.8333
0.285 0.275 0.309
194.208 548.8 28.375
0.267 0.258 0.290
217.375 548.8 37.8333
0.302 0.294 0.332
219.594 548.8 47.2917
0.318 0.309 0.348
200.125 548.8 47.2917
0.298 0.289 0.322
197.167 548.8 37.8333
0.285 0.275 0.309
219.594 548.8 47.2917
0.318 0.309 0.348
221.812 548.8 56.75
0.334 0.325 0.365
203.083 548.8 56.75
0.313 0.303 0.336
200.125 548.8 47.2917
0.298 0.289 0.322
194.208 548.8 28.375
0.267 0.258 0.290
197.167 548.8 37.8333
0.285 0.275 0.309
176.958 548.8 37.8333
0.275 0.264 0.292
173.26 548.8 28.375
0.262 0.252 0.278
197.167 548.8 37.8333
0.285 0.275 0.309
200.125 548.8 47.2917
0.298 0.289 0.322
180.656 548.8 47.2917
0.283 0.272 0.300
176.958 548.8 37.8333
0.275 0.264 0.292
200.125 548.8 47.2917
0.298 0.289 0.322
203.083 548.8 56.75
0.313 0.303 0.336
184.354 548.8 56.75
0.294 0.282 0.311
180.656 548.8 47.2917
0.283 0.272 0.300
173.26 548.8 28.375
0.262 0.252 0.278
176.958 548.8 37.8333
0.275 0.264 0.292
156.75 548.8 37.8333
0.249 0.237 0.260
152.312 548.8 28.375
0.229 0.218 0.240
176.958 548.8 37.8333
0.275 0.264 0.292
180.656 548.8 47.2917
0.283 0.272 0.300
161.188 548.8 47.2917
0.261 0.248 0.272
156.75 548.8 37.8333
0.249 0.237 0.260
180.656 548.8 47.2917
0.283 0.272 0.300
184.354 548.8 56.75
0.294 0.282 0.311
165.625 548.8 56.75
0.272 0.259 0.284
161.188 548.8 47.2917
0.261 0.248 0.272
221.812 548.8 56.75
0.334 0.325 0.365
224.031 548.8 66.2083
0.355 0.346 0.386
206.042 548.8 66.2083
0.333 0.322 0.356
203.083 548.8 56.75
0.313 0.303 0.336
224.031 548.8 66.2083
0.355 0.346 0.386
226.25 548.8 75.6667
0.384 0.374 0.415
209 548.8 75.6667
0.360 0.348 0.384
206.042 548.8 66.2083
0.333 0.322 0.356
226.25 548.8 75.6667
0.384 0.374 0.415
228.469 548.8 85.125
0.424 0.414 0.456
211.958 548.8 85.125
0.397 0.385 0.422
209 548.8 75.6667
0.360 0.348 0.384
203.083 548.8 56.75
0.313 0.303 0.336
206.042 548.8 66.2083
0.333 0.322 0.356
188.052 548.8 66.2083
0.312 0.299 0.329
184.354 548.8 56.75
0.294 0.282 0.311
206.042 548.8 66.2083
0.333 0.322 0.356
209 548.8 75.6667
0.360 0.348 0.384
191.75 548.8 75.6667
0.336 0.322 0.353
188.052 548.8 66.2083
0.312 0.299 0.329
209 548.8 75.6667
0.360 0.348 0.384
211.958 548.8 85.125
0.397 0.385 0.422
195.448 548.8 85.125
0.368 0.353 0.386
191.75 548.8 75.6667
0.336 0.322 0.353
184.354 548.8 56.75
0.294 0.282 0.311
188.052 548.8 66.2083
0.312 0.299 0.329
170.062 548.8 66.2083
0.288 0.274 0.300
165.625 548.8 56.75
0.272 0.259 0.284
188.052 548.8 66.2083
0.312 0.299 0.329
191.75 548.8 75.6667
0.336 0.322 0.353
174.5 548.8 75.6667
0.308 0.293 0.320
170.062 548.8 66.2083
0.288 0.274 0.300
191.75 548.8 75.6667
0.336 0.322 0.353
195.448 548.8 85.125
0.368 0.353 0.386
178.938 548.8 85.125
0.336 0.319 0.348
174.5 548.8 75.6667
0.308 0.293 0.320
228.469 548.8 85.125
0.424 0.414 0.456
230.687 548.8 94.5833
0.478 0.467 0.510
214.917 548.8 94.5833
0.445 0.432 0.470
211.958 548.8 85.125
0.397 0.385 0.422
230.687 548.8 94.5833
0.478 0.467 0.510
232.906 548.8 104.042
0.551 0.539 0.581
217.875 548.8 104.042
0.510 0.496 0.533
214.917 548.8 94.5833
0.445 0.432 0.470
232.906 548.8 104.042
0.551 0.539 0.581
235.125 548.8 113.5
0.648 0.636 0.675
220.833 548.8 113.5
0.598 0.584 0.619
217.875 548.8 104.042
0.510 0.496 0.533
211.958 548.8 85.125
0.397 0.385 0.422
214.917 548.8 94.5833
0.445 0.432 0.470
199.146 548.8 94.5833
0.410 0.394 0.427
195.448 548.8 85.125
0.368 0.353 0.386
214.917 548.8 94.5833
0.445 0.432 0.470
217.875 548.8 104.042
0.510 0.496 0.533
202.844 548.8 104.042
0.467 0.451 0.483
199.146 548.8 94.5833
0.410 0.394 0.427
217.875 548.8 104.042
0.510 0.496 0.533
220.833 548.8 113.5
0.598 0.584 0.619
206.542 548.8 113.5
0.545 0.528 0.559
202.844 548.8 104.042
0.467 0.451 0.483
195.448 548.8 85.125
0.368 0.353 0.386
199.146 548.8 94.5833
0.410 0.394 0.427
183.375 548.8 94.5833
0.374 0.357 0.386
178.938 548.8 85.125
0.336 0.319 0.348
199.146 548.8 94.5833
0.410 0.394 0.427
202.844 548.8 104.042
0.467 0.451 0.483
187.812 548.8 104.042
0.425 0.407 0.435
183.375 548.8 94.5833
0.374 0.357 0.386
202.844 548.8 104.042
0.467 0.451 0.483
206.542 548.8 113.5
0.545 0.528 0.559
192.25 548.8 113.5
0.493 0.474 0.501
187.812 548.8 104.042
0.425 0.407 0.435
235.125 548.8 113.5
0.648 0.636 0.675
237.344 548.8 122.958
0.780 0.767 0.805
223.792 548.8 122.958
0.717 0.702 0.737
220.833 548.8 113.5
0.598 0.584 0.619
237.344 548.8 122.958
0.780 0.767 0.805
239.562 548.8 132.417
0.959 0.947 0.984
226.75 548.8 132.417
0.880 0.865 0.898
223.792 548.8 122.958
0.717 0.702 0.737
239.562 548.8 132.417
0.959 0.947 0.984
241.781 548.8 141.875
1.205 1.192 1.228
229.708 548.8 141.875
1.104 1.088 1.121
226.75 548.8 132.417
0.880 0.865 0.898
220.833 548.8 113.5
0.598 0.584 0.619
223.792 548.8 122.958
0.717 0.702 0.737
210.24 548.8 122.958
0.650 0.633 0.664
206.542 548.8 113.5
0.545 0.528 0.559
223.792 548.8 122.958
0.717 0.702 0.737
226.75 548.8 132.417
0.880 0.865 0.898
213.938 548.8 132.417
0.796 0.779 0.810
210.24 548.8 122.958
0.650 0.633 0.664
226.75 548.8 132.417
0.880 0.865 0.898
229.708 548.8 141.875
1.104 1.088 1.121
217.635 548.8 141.875
0.996 0.978 1.009
213.938 548.8 132.417
0.796 0.779 0.810
206.542 548.8 113.5
0.545 0.528 0.559
210.24 548.8 122.958
0.650 0.633 0.664
196.688 548.8 122.958
0.585 0.566 0.593
192.25 548.8 113.5
0.493 0.474 0.501
210.24 548.8 122.958
0.650 0.633 0.664
213.938 548.8 132.417
0.796 0.779 0.810
201.125 548.8 132.417
0.712 0.692 0.721
196.688 548.8 122.958
0.585 0.566 0.593
213.938 548.8 132.417
0.796 0.779 0.810
217.635 548.8 141.875
0.996 0.978 1.009
205.562 548.8 141.875
0.887 0.867 0.895
201.125 548.8 132.417
0.712 0.692 0.721
241.781 548.8 141.875
1.205 1.192 1.228
244 548.8 151.333
1.543 1.530 1.565
232.667 548.8 151.333
1.412 1.396 1.428
229.708 548.8 141.875
1.104 1.088 1.121
244 548.8 151.333
1.543 1.530 1.565
246.219 548.8 160.792
2.011 1.997 2.031
235.625 548.8 160.792
1.840 1.824 1.854
232.667 548.8 151.333
1.412 1.396 1.428
246.219 548.8 160.792
2.011 1.997 2.031
248.438 548.8 170.25
2.653 2.639 2.669
238.583 548.8 170.25
2.431 2.415 2.443
235.625 548.8 160.792
1.840 1.824 1.854
229.708 548.8 141.875
1.104 1.088 1.121
232.667 548.8 151.333
1.412 1.396 1.428
221.333 548.8 151.333
1.274 1.256 1.285
217.635 548.8 141.875
0.996 0.978 1.009
232.667 548.8 151.333
1.412 1.396 1.428
235.625 548.8 160.792
1.840 1.824 1.854
225.031 548.8 160.792
1.663 1.644 1.672
221.333 548.8 151.333
1.274 1.256 1.285
235.625 548.8 160.792
1.840 1.824 1.854
238.583 548.8 170.25
2.431 2.415 2.443
228.729 548.8 170.25
2.202 2.184 2.210
225.031 548.8 160.792
1.663 1.644 1.672
217.635 548.8 141.875
0.996 0.978 1.009
221.333 548.8 151.333
1.274 1.256 1.285
210 548.8 151.333
1.135 1.114 1.141
205.562 548.8 141.875
0.887 0.867 0.895
221.333 548.8 151.333
1.274 1.256 1.285
225.031 548.8 160.792
1.663 1.644 1.672
214.438 548.8 160.792
1.482 1.461 1.487
210 548.8 151.333
1.135 1.114 1.141
225.031 548.8 160.792
1.663 1.644 1.672
228.729 548.8 170.25
2.202 2.184 2.210
218.875 548.8 170.25
1.974 1.953 1.977
214.438 548.8 160.792
1.482 1.461 1.487
248.438 548.8 170.25
2.653 2.639 2.669
250.656 548.8 179.708
3.520 3.506 3.534
241.542 548.8 179.708
3.237 3.221 3.247
238.583 548.8 170.25
2.431 2.415 2.443
250.656 548.8 179.708
3.520 3.506 3.534
252.875 548.8 189.167
4.643 4.629 4.656
244.5 548.8 189.167
4.298 4.282 4.307
241.542 548.8 179.708
3.237 3.221 3.247
252.875 548.8 189.167
4.643 4.629 4.656
255.094 548.8 198.625
6.011 5.998 6.019
247.458 548.8 198.625
5.608 5.592 5.614
244.5 548.8 189.167
4.298 4.282 4.307
238.583 548.8 170.25
2.431 2.415 2.443
241.542 548.8 179.708
3.237 3.221 3.247
232.427 548.8 179.708
2.950 2.931 2.956
228.729 548.8 170.25
2.202 2.184 2.210
241.542 548.8 179.708
3.237 3.221 3.247
244.5 548.8 189.167
4.298 4.282 4.307
236.125 548.8 189.167
3.948 3.930 3.953
232.427 548.8 179.708
2.950 2.931 2.956
244.5 548.8 189.167
4.298 4.282 4.307
247.458 548.8 198.625
5.608 5.592 5.614
239.823 548.8 198.625
5.201 5.183 5.205
236.125 548.8 189.167
3.948 3.930 3.953
228.729 548.8 170.25
2.202 2.184 2.210
232.427 548.8 179.708
2.950 2.931 2.956
223.312 548.8 179.708
2.664 2.643 2.666
218.875 548.8 170.25
1.974 1.953 1.977
232.427 548.8 179.708
2.950 2.931 2.956
236.125 548.8 189.167
3.948 3.930 3.953
227.75 548.8 189.167
3.601 3.580 3.602
223.312 548.8 179.708
2.664 2.643 2.666
236.125 548.8 189.167
3.948 3.930 3.953
239.823 548.8 198.625
5.201 5.183 5.205
232.188 548.8 198.625
4.810 4.790 4.810
227.75 548.8 189.167
3.601 3.580 3.602
255.094 548.8 198.625
6.011 5.998 6.019
257.312 548.8 208.083
7.513 7.499 7.512
250.417 548.8 208.083
7.076 7.060 7.074
247.458 548.8 198.625
5.608 5.592 5.614
257.312 548.8 208.083
7.513 7.499 7.512
259.531 548.8 217.542
8.916 8.902 8.907
253.375 548.8 217.542
8.513 8.498 8.504
250.417 548.8 208.083
7.076 7.060 7.074
259.531 548.8 217.542
8.916 8.902 8.907
261.75 548.8 227
9.559 9.545 9.547
256.333 548.8 227
9.195 9.180 9.182
253.375 548.8 217.542
8.513 8.498 8.504
247.458 548.8 198.625
5.608 5.592 5.614
250.417 548.8 208.083
7.076 7.060 7.074
243.521 548.8 208.083
6.636 6.618 6.633
239.823 548.8 198.625
5.201 5.183 5.205
250.417 548.8 208.083
7.076 7.060 7.074
253.375 548.8 217.542
8.513 8.498 8.504
247.219 548.8 217.542
8.099 8.082 8.089
243.521 548.8 208.083
6.636 6.618 6.633
253.375 548.8 217.542
8.513 8.498 8.504
256.333 548.8 227
9.195 9.180 9.182
250.917 548.8 227
8.815 8.798 8.802
247.219 548.8 217.542
8.099 8.082 8.089
239.823 548.8 198.625
5.201 5.183 5.205
243.521 548.8 208.083
6.636 6.618 6.633
236.625 548.8 208.083
6.238 6.219 6.235
232.188 548.8 198.625
4.810 4.790 4.810
243.521 548.8 208.083
6.636 6.618 6.633
247.219 548.8 217.542
8.099 8.082 8.089
241.062 548.8 217.542
7.725 7.706 7.714
236.625 548.8 208.083
6.238 6.219 6.235
247.219 548.8 217.542
8.099 8.082 8.089
250.917 548.8 227
8.815 8.798 8.802
245.5 548.8 227
8.456 8.437 8.442
241.062 548.8 217.542
7.725 7.706 7.714
139 548.8 0
0.094 0.086 0.106
143.438 548.8 9.45833
0.131 0.122 0.142
121.01 548.8 9.45833
0.121 0.112 0.128
115.833 548.8 0
0.089 0.080 0.096
143.438 548.8 9.45833
0.131 0.122 0.142
147.875 548.8 18.9167
0.192 0.183 0.203
126.188 548.8 18.9167
0.172 0.161 0.178
121.01 548.8 9.45833
0.121 0.112 0.128
147.875 548.8 18.9167
0.192 0.183 0.203
152.312 548.8 28.375
0.229 0.218 0.240
131.365 548.8 28.375
0.201 0.190 0.208
126.188 548.8 18.9167
0.172 0.161 0.178
115.833 548.8 0
0.089 0.080 0.096
121.01 548.8 9.45833
0.121 0.112 0.128
98.5833 548.8 9.45833
0.114 0.105 0.118
92.6667 548.8 0
0.081 0.072 0.086
121.01 548.8 9.45833
0.121 0.112 0.128
126.188 548.8 18.9167
0.172 0.161 0.178
104.5 548.8 18.9167
0.165 0.154 0.169
98.5833 548.8 9.45833
0.114 0.105 0.118
126.188 548.8 18.9167
0.172 0.161 0.178
131.365 548.8 28.375
0.201 0.190 0.208
110.417 548.8 28.375
0.190 0.178 0.194
104.5 548.8 18.9167
0.165 0.154 0.169
92.6667 548.8 0
0.081 0.072 0.086
98.5833 548.8 9.45833
0.114 0.105 0.118
76.1562 548.8 9.45833
0.084 0.076 0.089
69.5 548.8 0
0.059 0.052 0.064
98.5833 548.8 9.45833
0.114 0.105 0.118
104.5 548.8 18.9167
0.165 0.154 0.169
82.8125 548.8 18.9167
0.130 0.120 0.133
76.1562 548.8 9.45833
0.084 0.076 0.089
104.5 548.8 18.9167
0.165 0.154 0.169
110.417 548.8 28.375
0.190 0.178 0.194
89.4688 548.8 28.375
0.161 0.149 0.164
82.8125 548.8 18.9167
0.130 0.120 0.133
152.312 548.8 28.375
0.229 0.218 0.240
156.75 548.8 37.8333
0.249 0.237 0.260
136.542 548.8 37.8333
0.220 0.207 0.227
131.365 548.8 28.375
0.201 0.190 0.208
156.75 548.8 37.8333
0.249 0.237 0.260
161.188 548.8 47.2917
0.261 0.248 0.272
141.719 548.8 47.2917
0.233 0.219 0.241
136.542 548.8 37.8333
0.220 0.207 0.227
161.188 548.8 47.2917
0.261 0.248 0.272
165.625 548.8 56.75
0.272 0.259 0.284
146.896 548.8 56.75
0.247 0.232 0.254
141.719 548.8 47.2917
0.233 0.219 0.241
131.365 548.8 28.375
0.201 0.190 0.208
136.542 548.8 37.8333
0.220 0.207 0.227
116.333 548.8 37.8333
0.203 0.189 0.207
110.417 548.8 28.375
0.190 0.178 0.194
136.542 548.8 37.8333
0.220 0.207 0.227
141.719 548.8 47.2917
0.233 0.219 0.241
122.25 548.8 47.2917
0.212 0.197 0.216
116.333 548.8 37.8333
0.203 0.189 0.207
141.719 548.8 47.2917
0.233 0.219 0.241
146.896 548.8 56.75
0.247 0.232 0.254
128.167 548.8 56.75
0.223 0.207 0.226
122.25 548.8 47.2917
0.212 0.197 0.216
110.417 548.8 28.375
0.190 0.178 0.194
116.333 548.8 37.8333
0.203 0.189 0.207
96.125 548.8 37.8333
0.179 0.165 0.181
89.4688 548.8 28.375
0.161 0.149 0.164
116.333 548.8 37.8333
0.203 0.189 0.207
122.25 548.8 47.2917
0.212 0.197 0.216
102.781 548.8 47.2917
0.191 0.176 0.192
96.125 548.8 37.8333
0.179 0.165 0.181
122.25 548.8 47.2917
0.212 0.197 0.216
128.167 548.8 56.75
0.223 0.207 0.226
109.438 548.8 56.75
0.201 0.184 0.201
102.781 548.8 47.2917
0.191 0.176 0.192
165.625 548.8 56.75
0.272 0.259 0.284
170.062 548.8 66.2083
0.288 0.274 0.300
152.073 548.8 66.2083
0.263 0.246 0.269
146.896 548.8 56.75
0.247 0.232 0.254
170.062 548.8 66.2083
0.288 0.274 0.300
174.5 548.8 75.6667
0.308 0.293 0.320
157.25 548.8 75.6667
0.281 0.263 0.287
152.073 548.8 66.2083
0.263 0.246 0.269
174.5 548.8 75.6667
0.308 0.293 0.320
178.938 548.8 85.125
0.336 0.319 0.348
162.427 548.8 85.125
0.305 0.286 0.311
157.25 548.8 75.6667
0.281 0.263 0.287
146.896 548.8 56.75
0.247 0.232 0.254
152.073 548.8 66.2083
0.263 0.246 0.269
134.083 548.8 66.2083
0.238 0.220 0.240
128.167 548.8 56.75
0.223 0.207 0.226
152.073 548.8 66.2083
0.263 0.246 0.269
157.25 548.8 75.6667
0.281 0.263 0.287
140 548.8 75.6667
0.255 0.236 0.256
134.083 548.8 66.2083
0.238 0.220 0.240
157.25 548.8 75.6667
0.281 0.263 0.287
162.427 548.8 85.125
0.305 0.286 0.311
145.917 548.8 85.125
0.277 0.256 0.278
140 548.8 75.6667
0.255 0.236 0.256
128.167 548.8 56.75
0.223 0.207 0.226
134.083 548.8 66.2083
0.238 0.220 0.240
116.094 548.8 66.2083
0.214 0.195 0.213
109.438 548.8 56.75
0.201 0.184 0.201
134.083 548.8 66.2083
0.238 0.220 0.240
140 548.8 75.6667
0.255 0.236 0.256
122.75 548.8 75.6667
0.230 0.209 0.227
116.094 548.8 66.2083
0.214 0.195 0.213
140 548.8 75.6667
0.255 0.236 0.256
145.917 548.8 85.125
0.277 0.256 0.278
129.406 548.8 85.125
0.250 0.227 0.247
122.75 548.8 75.6667
0.230 0.209 0.227
178.938 548.8 85.125
0.336 0.319 0.348
183.375 548.8 94.5833
0.374 0.357 0.386
167.604 548.8 94.5833
0.339 0.320 0.345
162.427 548.8 85.125
0.305 0.286 0.311
183.375 548.8 94.5833
0.374 0.357 0.386
187.812 548.8 104.042
0.425 0.407 0.435
172.781 548.8 104.042
0.384 0.364 0.389
167.604 548.8 94.5833
0.339 0.320 0.345
187.812 548.8 104.042
0.425 0.407 0.435
192.25 548.8 113.5
0.493 0.474 0.501
177.958 548.8 113.5
0.442 0.420 0.445
172.781 548.8 104.042
0.384 0.364 0.389
162.427 548.8 85.125
0.305 0.286 0.311
167.604 548.8 94.5833
0.339 0.320 0.345
151.833 548.8 94.5833
0.306 0.284 0.306
145.917 548.8 85.125
0.277 0.256 0.278
167.604 548.8 94.5833
0.339 0.320 0.345
172.781 548.8 104.042
0.384 0.364 0.389
157.75 548.8 104.042
0.344 0.320 0.343
151.833 548.8 94.5833
0.306 0.284 0.306
172.781 548.8 104.042
0.384 0.364 0.389
177.958 548.8 113.5
0.442 0.420 0.445
163.667 548.8 113.5
0.393 0.369 0.392
157.75 548.8 104.042
0.344 0.320 0.343
145.917 548.8 85.125
0.277 0.256 0.278
151.833 548.8 94.5833
0.306 0.284 0.306
136.062 548.8 94.5833
0.275 0.251 0.271
129.406 548.8 85.125
0.250 0.227 0.247
151.833 548.8 94.5833
0.306 0.284 0.306
157.75 548.8 104.042
0.344 0.320 0.343
142.719 548.8 104.042
0.307 0.281 0.302
136.062 548.8 94.5833
0.275 0.251 0.271
157.75 548.8 104.042
0.344 0.320 0.343
163.667 548.8 113.5
0.393 0.369 0.392
149.375 548.8 113.5
0.350 0.323 0.344
142.719 548.8 104.042
0.307 0.281 0.302
192.25 548.8 113.5
0.493 0.474 0.501
196.688 548.8 122.958
0.585 0.566 0.593
183.135 548.8 122.958
0.520 0.499 0.524
177.958 548.8 113.5
0.442 0.420 0.445
196.688 548.8 122.958
0.585 0.566 0.593
201.125 548.8 132.417
0.712 0.692 0.721
188.312 548.8 132.417
0.630 0.608 0.634
183.135 548.8 122.958
0.520 0.499 0.524
201.125 548.8 132.417
0.712 0.692 0.721
205.562 548.8 141.875
0.887 0.867 0.895
193.49 548.8 141.875
0.783 0.760 0.786
188.312 548.8 132.417
0.630 0.608 0.634
177.958 548.8 113.5
0.442 0.420 0.445
183.135 548.8 122.958
0.520 0.499 0.524
169.583 548.8 122.958
0.461 0.437 0.461
163.667 548.8 113.5
0.393 0.369 0.392
183.135 548.8 122.958
0.520 0.499 0.524
188.312 548.8 132.417
0.630 0.608 0.634
175.5 548.8 132.417
0.555 0.530 0.555
169.583 548.8 122.958
0.461 0.437 0.461
188.312 548.8 132.417
0.630 0.608 0.634
193.49 548.8 141.875
0.783 0.760 0.786
181.417 548.8 141.875
0.686 0.660 0.684
175.5 548.8 132.417
0.555 0.530 0.555
163.667 548.8 113.5
0.393 0.369 0.392
169.583 548.8 122.958
0.461 0.437 0.461
156.031 548.8 122.958
0.407 0.380 0.403
149.375 548.8 113.5
0.350 0.323 0.344
169.583 548.8 122.958
0.461 0.437 0.461
175.5 548.8 132.417
0.555 0.530 0.555
162.688 548.8 132.417
0.487 0.458 0.482
156.031 548.8 122.958
0.407 0.380 0.403
175.5 548.8 132.417
0.555 0.530 0.555
181.417 548.8 141.875
0.686 0.660 0.684
169.344 548.8 141.875
0.598 0.569 0.593
162.688 548.8 132.417
0.487 0.458 0.482
205.562 548.8 141.875
0.887 0.867 0.895
210 548.8 151.333
1.135 1.114 1.141
198.667 548.8 151.333
0.999 0.976 1.001
193.49 548.8 141.875
0.783 0.760 0.786
210 548.8 151.333
1.135 1.114 1.141
214.438 548.8 160.792
1.482 1.461 1.487
203.844 548.8 160.792
1.308 1.285 1.309
198.667 548.8 151.333
0.999 0.976 1.001
214.438 548.8 160.792
1.482 1.461 1.487
218.875 548.8 170.25
1.974 1.953 1.977
209.021 548.8 170.25
1.749 1.726 1.749
203.844 548.8 160.792
1.308 1.285 1.309
193.49 548.8 141.875
0.783 0.760 0.786
198.667 548.8 151.333
0.999 0.976 1.001
187.333 548.8 151.333
0.871 0.845 0.869
181.417 548.8 141.875
0.686 0.660 0.684
198.667 548.8 151.333
0.999 0.976 1.001
203.844 548.8 160.792
1.308 1.285 1.309
193.25 548.8 160.792
1.141 1.115 1.138
187.333 548.8 151.333
0.871 0.845 0.869
203.844 548.8 160.792
1.308 1.285 1.309
209.021 548.8 170.25
1.749 1.726 1.749
199.167 548.8 170.25
1.530 1.505 1.527
193.25 548.8 160.792
1.141 1.115 1.138
181.417 548.8 141.875
0.686 0.660 0.684
187.333 548.8 151.333
0.871 0.845 0.869
176 548.8 151.333
0.755 0.726 0.750
169.344 548.8 141.875
0.598 0.569 0.593
187.333 548.8 151.333
0.871 0.845 0.869
193.25 548.8 160.792
1.141 1.115 1.138
182.656 548.8 160.792
0.984 0.955 0.978
176 548.8 151.333
0.755 0.726 0.750
193.25 548.8 160.792
1.141 1.115 1.138
199.167 548.8 170.25
1.530 1.505 1.527
189.312 548.8 170.25
1.321 1.293 1.315
182.656 548.8 160.792
0.984 0.955 0.978
218.875 548.8 170.25
1.974 1.953 1.977
223.312 548.8 179.708
2.664 2.643 2.666
214.198 548.8 179.708
2.379 2.356 2.378
209.021 548.8 170.25
1.749 1.726 1.749
223.312 548.8 179.708
2.664 2.643 2.666
227.75 548.8 189.167
3.601 3.580 3.602
219.375 548.8 189.167
3.257 3.235 3.256
214.198 548.8 179.708
2.379 2.356 2.378
227.75 548.8 189.167
3.601 3.580 3.602
232.188 548.8 198.625
4.810 4.790 4.810
224.552 548.8 198.625
4.425 4.403 4.423
219.375 548.8 189.167
3.257 3.235 3.256
209.021 548.8 170.25
1.749 1.726 1.749
214.198 548.8 179.708
2.379 2.356 2.378
205.083 548.8 179.708
2.097 2.072 2.093
199.167 548.8 170.25
1.530 1.505 1.527
214.198 548.8 179.708
2.379 2.356 2.378
219.375 548.8 189.167
3.257 3.235 3.256
211 548.8 189.167
2.910 2.885 2.906
205.083 548.8 179.708
2.097 2.072 2.093
219.375 548.8 189.167
3.257 3.235 3.256
224.552 548.8 198.625
4.425 4.403 4.423
216.917 548.8 198.625
4.029 4.005 4.024
211 548.8 189.167
2.910 2.885 2.906
199.167 548.8 170.25
1.530 1.505 1.527
205.083 548.8 179.708
2.097 2.072 2.093
195.969 548.8 179.708
1.823 1.795 1.816
189.312 548.8 170.25
1.321 1.293 1.315
205.083 548.8 179.708
2.097 2.072 2.093
211 548.8 189.167
2.910 2.885 2.906
202.625 548.8 189.167
2.561 2.534 2.553
195.969 548.8 179.708
1.823 1.795 1.816
211 548.8 189.167
2.910 2.885 2.906
216.917 548.8 198.625
4.029 4.005 4.024
209.281 548.8 198.625
3.613 3.586 3.604
202.625 548.8 189.167
2.561 2.534 2.553
232.188 548.8 198.625
4.810 4.790 4.810
236.625 548.8 208.083
6.238 6.219 6.235
229.729 548.8 208.083
5.848 5.826 5.842
224.552 548.8 198.625
4.425 4.403 4.423
236.625 548.8 208.083
6.238 6.219 6.235
241.062 548.8 217.542
7.725 7.706 7.714
234.906 548.8 217.542
7.370 7.349 7.358
229.729 548.8 208.083
5.848 5.826 5.842
241.062 548.8 217.542
7.725 7.706 7.714
245.5 548.8 227
8.456 8.437 8.442
240.083 548.8 227
8.127 8.107 8.113
234.906 548.8 217.542
7.370 7.349 7.358
224.552 548.8 198.625
4.425 4.403 4.423
229.729 548.8 208.083
5.848 5.826 5.842
222.833 548.8 208.083
5.445 5.422 5.438
216.917 548.8 198.625
4.029 4.005 4.024
229.729 548.8 208.083
5.848 5.826 5.842
234.906 548.8 217.542
7.370 7.349 7.358
228.75 548.8 217.542
7.012 6.989 7.000
222.833 548.8 208.083
5.445 5.422 5.438
234.906 548.8 217.542
7.370 7.349 7.358
240.083 548.8 227
8.127 8.107 8.113
234.667 548.8 227
7.805 7.783 7.790
228.75 548.8 217.542
7.012 6.989 7.000
216.917 548.8 198.625
4.029 4.005 4.024
222.833 548.8 208.083
5.445 5.422 5.438
215.938 548.8 208.083
5.005 4.980 4.996
209.281 548.8 198.625
3.613 3.586 3.604
222.833 548.8 208.083
5.445 5.422 5.438
228.75 548.8 217.542
7.012 6.989 7.000
222.594 548.8 217.542
6.619 6.595 6.607
215.938 548.8 208.083
5.005 4.980 4.996
228.75 548.8 217.542
7.012 6.989 7.000
234.667 548.8 227
7.805 7.783 7.790
229.25 548.8 227
7.455 7.431 7.439
222.594 548.8 217.542
6.619 6.595 6.607
69.5 548.8 0
0.059 0.052 0.064
76.1562 548.8 9.45833
0.084 0.076 0.089
53.7292 548.8 9.45833
0.056 0.050 0.063
46.3333 548.8 0
0.041 0.036 0.049
76.1562 548.8 9.45833
0.084 0.076 0.089
82.8125 548.8 18.9167
0.130 0.120 0.133
61.125 548.8 18.9167
0.087 0.080 0.093
53.7292 548.8 9.45833
0.056 0.050 0.063
82.8125 548.8 18.9167
0.130 0.120 0.133
89.4688 548.8 28.375
0.161 0.149 0.164
68.5208 548.8 28.375
0.117 0.108 0.121
61.125 548.8 18.9167
0.087 0.080 0.093
46.3333 548.8 0
0.041 0.036 0.049
53.7292 548.8 9.45833
0.056 0.050 0.063
31.3021 548.8 9.45833
0.041 0.037 0.050
23.1667 548.8 0
0.031 0.028 0.041
53.7292 548.8 9.45833
0.056 0.050 0.063
61.125 548.8 18.9167
0.087 0.080 0.093
39.4375 548.8 18.9167
0.062 0.057 0.070
31.3021 548.8 9.45833
0.041 0.037 0.050
61.125 548.8 18.9167
0.087 0.080 0.093
68.5208 548.8 28.375
0.117 0.108 0.121
47.5729 548.8 28.375
0.084 0.077 0.091
39.4375 548.8 18.9167
0.062 0.057 0.070
23.1667 548.8 0
0.031 0.028 0.041
31.3021 548.8 9.45833
0.041 0.037 0.050
8.875 548.8 9.45833
0.038 0.037 0.050
0 548.8 0
0.031 0.030 0.043
31.3021 548.8 9.45833
0.041 0.037 0.050
39.4375 548.8 18.9167
0.062 0.057 0.070
17.75 548.8 18.9167
0.054 0.051 0.065
8.875 548.8 9.45833
0.038 0.037 0.050
39.4375 548.8 18.9167
0.062 0.057 0.070
47.5729 548.8 28.375
0.084 0.077 0.091
26.625 548.8 28.375
0.073 0.068 0.082
17.75 548.8 18.9167
0.054 0.051 0.065
89.4688 548.8 28.375
0.161 0.149 0.164
96.125 548.8 37.8333
0.179 0.165 0.181
75.9167 548.8 37.8333
0.142 0.130 0.145
68.5208 548.8 28.375
0.117 0.108 0.121
96.125 548.8 37.8333
0.179 0.165 0.181
102.781 548.8 47.2917
0.191 0.176 0.192
83.3125 548.8 47.2917
0.161 0.147 0.162
75.9167 548.8 37.8333
0.142 0.130 0.145
102.781 548.8 47.2917
0.191 0.176 0.192
109.438 548.8 56.75
0.201 0.184 0.201
90.7083 548.8 56.75
0.175 0.159 0.174
83.3125 548.8 47.2917
0.161 0.147 0.162
68.5208 548.8 28.375
0.117 0.108 0.121
75.9167 548.8 37.8333
0.142 0.130 0.145
55.7083 548.8 37.8333
0.108 0.098 0.113
47.5729 548.8 28.375
0.084 0.077 0.091
75.9167 548.8 37.8333
0.142 0.130 0.145
83.3125 548.8 47.2917
0.161 0.147 0.162
63.8438 548.8 47.2917
0.129 0.117 0.132
55.7083 548.8 37.8333
0.108 0.098 0.113
83.3125 548.8 47.2917
0.161 0.147 0.162
90.7083 548.8 56.75
0.175 0.159 0.174
71.9792 548.8 56.75
0.148 0.133 0.147
63.8438 548.8 47.2917
0.129 0.117 0.132
47.5729 548.8 28.375
0.084 0.077 0.091
55.7083 548.8 37.8333
0.108 0.098 0.113
35.5 548.8 37.8333
0.092 0.084 0.099
26.625 548.8 28.375
0.073 0.068 0.082
55.7083 548.8 37.8333
0.108 0.098 0.113
63.8438 548.8 47.2917
0.129 0.117 0.132
44.375 548.8 47.2917
0.112 0.101 0.116
35.5 548.8 37.8333
0.092 0.084 0.099
63.8438 548.8 47.2917
0.129 0.117 0.132
71.9792 548.8 56.75
0.148 0.133 0.147
53.25 548.8 56.75
0.131 0.117 0.131
44.375 548.8 47.2917
0.112 0.101 0.116
109.438 548.8 56.75
0.201 0.184 0.201
116.094 548.8 66.2083
0.214 0.195 0.213
98.1042 548.8 66.2083
0.190 0.171 0.187
90.7083 548.8 56.75
0.175 0.159 0.174
116.094 548.8 66.2083
0.214 0.195 0.213
122.75 548.8 75.6667
0.230 0.209 0.227
105.5 548.8 75.6667
0.206 0.185 0.200
98.1042 548.8 66.2083
0.190 0.171 0.187
122.75 548.8 75.6667
0.230 0.209 0.227
129.406 548.8 85.125
0.250 0.227 0.247
112.896 548.8 85.125
0.224 0.200 0.218
105.5 548.8 75.6667
0.206 0.185 0.200
90.7083 548.8 56.75
0.175 0.159 0.174
98.1042 548.8 66.2083
0.190 0.171 0.187
80.1146 548.8 66.2083
0.165 0.148 0.161
71.9792 548.8 56.75
0.148 0.133 0.147
98.1042 548.8 66.2083
0.190 0.171 0.187
105.5 548.8 75.6667
0.206 0.185 0.200
88.25 548.8 75.6667
0.182 0.160 0.174
80.1146 548.8 66.2083
0.165 0.148 0.161
105.5 548.8 75.6667
0.206 0.185 0.200
112.896 548.8 85.125
0.224 0.200 0.218
96.3854 548.8 85.125
0.200 0.175 0.191
88.25 548.8 75.6667
0.182 0.160 0.174
71.9792 548.8 56.75
0.148 0.133 0.147
80.1146 548.8 66.2083
0.165 0.148 0.161
62.125 548.8 66.2083
0.149 0.131 0.145
53.25 548.8 56.75
0.131 0.117 0.131
80.1146 548.8 66.2083
0.165 0.148 0.161
88.25 548.8 75.6667
0.182 0.160 0.174
71 548.8 75.6667
0.166 0.144 0.158
62.125 548.8 66.2083
0.149 0.131 0.145
88.25 548.8 75.6667
0.182 0.160 0.174
96.3854 548.8 85.125
0.200 0.175 0.191
79.875 548.8 85.125
0.185 0.159 0.175
71 548.8 75.6667
0.166 0.144 0.158
129.406 548.8 85.125
0.250 0.227 0.247
136.062 548.8 94.5833
0.275 0.251 0.271
120.292 548.8 94.5833
0.246 0.220 0.239
112.896 548.8 85.125
0.224 0.200 0.218
136.062 548.8 94.5833
0.275 0.251 0.271
142.719 548.8 104.042
0.307 0.281 0.302
127.688 548.8 104.042
0.275 0.247 0.266
120.292 548.8 94.5833
0.246 0.220 0.239
142.719 548.8 104.042
0.307 0.281 0.302
149.375 548.8 113.5
0.350 0.323 0.344
135.083 548.8 113.5
0.312 0.282 0.302
127.688 548.8 104.042
0.275 0.247 0.266
112.896 548.8 85.125
0.224 0.200 0.218
120.292 548.8 94.5833
0.246 0.220 0.239
104.521 548.8 94.5833
0.221 0.193 0.211
96.3854 548.8 85.125
0.200 0.175 0.191
120.292 548.8 94.5833
0.246 0.220 0.239
127.688 548.8 104.042
0.275 0.247 0.266
112.656 548.8 104.042
0.246 0.216 0.235
104.521 548.8 94.5833
0.221 0.193 0.211
127.688 548.8 104.042
0.275 0.247 0.266
135.083 548.8 113.5
0.312 0.282 0.302
120.792 548.8 113.5
0.277 0.245 0.265
112.656 548.8 104.042
0.246 0.216 0.235
96.3854 548.8 85.125
0.200 0.175 0.191
104.521 548.8 94.5833
0.221 0.193 0.211
88.75 548.8 94.5833
0.206 0.177 0.193
79.875 548.8 85.125
0.185 0.159 0.175
104.521 548.8 94.5833
0.221 0.193 0.211
112.656 548.8 104.042
0.246 0.216 0.235
97.625 548.8 104.042
0.231 0.198 0.215
88.75 548.8 94.5833
0.206 0.177 0.193
112.656 548.8 104.042
0.246 0.216 0.235
120.792 548.8 113.5
0.277 0.245 0.265
106.5 548.8 113.5
0.259 0.225 0.243
97.625 548.8 104.042
0.231 0.198 0.215
149.375 548.8 113.5
0.350 0.323 0.344
156.031 548.8 122.958
0.407 0.380 0.403
142.479 548.8 122.958
0.359 0.329 0.350
135.083 548.8 113.5
0.312 0.282 0.302
156.031 548.8 122.958
0.407 0.380 0.403
162.688 548.8 132.417
0.487 0.458 0.482
149.875 548.8 132.417
0.426 0.395 0.417
142.479 548.8 122.958
0.359 0.329 0.350
162.688 548.8 132.417
0.487 0.458 0.482
169.344 548.8 141.875
0.598 0.569 0.593
157.271 548.8 141.875
0.520 0.487 0.511
149.875 548.8 132.417
0.426 0.395 0.417
135.083 548.8 113.5
0.312 0.282 0.302
142.479 548.8 122.958
0.359 0.329 0.350
128.927 548.8 122.958
0.318 0.284 0.305
120.792 548.8 113.5
0.277 0.245 0.265
142.479 548.8 122.958
0.359 0.329 0.350
149.875 548.8 132.417
0.426 0.395 0.417
137.062 548.8 132.417
0.374 0.339 0.361
128.927 548.8 122.958
0.318 0.284 0.305
149.875 548.8 132.417
0.426 0.395 0.417
157.271 548.8 141.875
0.520 0.487 0.511
145.198 548.8 141.875
0.451 0.415 0.438
137.062 548.8 132.417
0.374 0.339 0.361
120.792 548.8 113.5
0.277 0.245 0.265
128.927 548.8 122.958
0.318 0.284 0.305
115.375 548.8 122.958
0.298 0.260 0.281
106.5 548.8 113.5
0.259 0.225 0.243
128.927 548.8 122.958
0.318 0.284 0.305
137.062 548.8 132.417
0.374 0.339 0.361
124.25 548.8 132.417
0.349 0.310 0.332
115.375 548.8 122.958
0.298 0.260 0.281
137.062 548.8 132.417
0.374 0.339 0.361
145.198 548.8 141.875
0.451 0.415 0.438
133.125 548.8 141.875
0.418 0.378 0.401
124.25 548.8 132.417
0.349 0.310 0.332
169.344 548.8 141.875
0.598 0.569 0.593
176 548.8 151.333
0.755 0.726 0.750
164.667 548.8 151.333
0.651 0.619 0.643
157.271 548.8 141.875
0.520 0.487 0.511
176 548.8 151.333
0.755 0.726 0.750
182.656 548.8 160.792
0.984 0.955 0.978
172.062 548.8 160.792
0.844 0.812 0.837
164.667 548.8 151.333
0.651 0.619 0.643
182.656 548.8 160.792
0.984 0.955 0.978
189.312 548.8 170.25
1.321 1.293 1.315
179.458 548.8 170.25
1.130 1.098 1.123
172.062 548.8 160.792
0.844 0.812 0.837
157.271 548.8 141.875
0.520 0.487 0.511
164.667 548.8 151.333
0.651 0.619 0.643
153.333 548.8 151.333
0.560 0.524 0.548
145.198 548.8 141.875
0.451 0.415 0.438
164.667 548.8 151.333
0.651 0.619 0.643
172.062 548.8 160.792
0.844 0.812 0.837
161.469 548.8 160.792
0.722 0.686 0.712
153.333 548.8 151.333
0.560 0.524 0.548
172.062 548.8 160.792
0.844 0.812 0.837
179.458 548.8 170.25
1.130 1.098 1.123
169.604 548.8 170.25
0.963 0.927 0.954
161.469 548.8 160.792
0.722 0.686 0.712
145.198 548.8 141.875
0.451 0.415 0.438
153.333 548.8 151.333
0.560 0.524 0.548
142 548.8 151.333
0.516 0.477 0.501
133.125 548.8 141.875
0.418 0.378 0.401
153.333 548.8 151.333
0.560 0.524 0.548
161.469 548.8 160.792
0.722 0.686 0.712
150.875 548.8 160.792
0.661 0.621 0.647
142 548.8 151.333
0.516 0.477 0.501
161.469 548.8 160.792
0.722 0.686 0.712
169.604 548.8 170.25
0.963 0.927 0.954
159.75 548.8 170.25
0.878 0.839 0.867
150.875 548.8 160.792
0.661 0.621 0.647
189.312 548.8 170.25
1.321 1.293 1.315
195.969 548.8 179.708
1.823 1.795 1.816
186.854 548.8 179.708
1.561 1.530 1.554
179.458 548.8 170.25
1.130 1.098 1.123
195.969 548.8 179.708
1.823 1.795 1.816
202.625 548.8 189.167
2.561 2.534 2.553
194.25 548.8 189.167
2.214 2.184 2.205
186.854 548.8 179.708
1.561 1.530 1.554
202.625 548.8 189.167
2.561 2.534 2.553
209.281 548.8 198.625
3.613 3.586 3.604
201.646 548.8 198.625
3.181 3.153 3.170
194.25 548.8 189.167
2.214 2.184 2.205
179.458 548.8 170.25
1.130 1.098 1.123
186.854 548.8 179.708
1.561 1.530 1.554
177.74 548.8 179.708
1.327 1.293 1.319
169.604 548.8 170.25
0.963 0.927 0.954
186.854 548.8 179.708
1.561 1.530 1.554
194.25 548.8 189.167
2.214 2.184 2.205
185.875 548.8 189.167
1.892 1.859 1.882
177.74 548.8 179.708
1.327 1.293 1.319
194.25 548.8 189.167
2.214 2.184 2.205
201.646 548.8 198.625
3.181 3.153 3.170
194.01 548.8 198.625
2.753 2.721 2.741
185.875 548.8 189.167
1.892 1.859 1.882
169.604 548.8 170.25
0.963 0.927 0.954
177.74 548.8 179.708
1.327 1.293 1.319
168.625 548.8 179.708
1.210 1.173 1.202
159.75 548.8 170.25
0.878 0.839 0.867
177.74 548.8 179.708
1.327 1.293 1.319
185.875 548.8 189.167
1.892 1.859 1.882
177.5 548.8 189.167
1.725 1.690 1.716
168.625 548.8 179.708
1.210 1.173 1.202
185.875 548.8 189.167
1.892 1.859 1.882
194.01 548.8 198.625
2.753 2.721 2.741
186.375 548.8 198.625
2.525 2.491 2.513
177.5 548.8 189.167
1.725 1.690 1.716
209.281 548.8 198.625
3.613 3.586 3.604
215.938 548.8 208.083
5.005 4.980 4.996
209.042 548.8 208.083
4.522 4.495 4.510
201.646 548.8 198.625
3.181 3.153 3.170
215.938 548.8 208.083
5.005 4.980 4.996
222.594 548.8 217.542
6.619 6.595 6.607
216.438 548.8 217.542
6.161 6.134 6.146
209.042 548.8 208.083
4.522 4.495 4.510
222.594 548.8 217.542
6.619 6.595 6.607
229.25 548.8 227
7.455 7.431 7.439
223.833 548.8 227
7.033 7.008 7.016
216.438 548.8 217.542
6.161 6.134 6.146
201.646 548.8 198.625
3.181 3.153 3.170
209.042 548.8 208.083
4.522 4.495 4.510
202.146 548.8 208.083
4.005 3.975 3.990
194.01 548.8 198.625
2.753 2.721 2.741
209.042 548.8 208.083
4.522 4.495 4.510
216.438 548.8 217.542
6.161 6.134 6.146
210.281 548.8 217.542
5.631 5.603 5.614
202.146 548.8 208.083
4.005 3.975 3.990
216.438 548.8 217.542
6.161 6.134 6.146
223.833 548.8 227
7.033 7.008 7.016
218.417 548.8 227
6.525 6.498 6.507
210.281 548.8 217.542
5.631 5.603 5.614
194.01 548.8 198.625
2.753 2.721 2.741
202.146 548.8 208.083
4.005 3.975 3.990
195.25 548.8 208.083
3.717 3.685 3.702
186.375 548.8 198.625
2.525 2.491 2.513
202.146 548.8 208.083
4.005 3.975 3.990
210.281 548.8 217.542
5.631 5.603 5.614
204.125 548.8 217.542
5.317 5.288 5.299
195.25 548.8 208.083
3.717 3.685 3.702
210.281 548.8 217.542
5.631 5.603 5.614
218.417 548.8 227
6.525 6.498 6.507
213 548.8 227
6.212 6.184 6.193
204.125 548.8 217.542
5.317 5.288 5.299
0 548.8 0
0.031 0.030 0.043
8.875 548.8 9.45833
0.038 0.037 0.050
8.875 548.8 31.9698
0.051 0.050 0.064
0 548.8 23.3
0.044 0.044 0.057
8.875 548.8 9.45833
0.038 0.037 0.050
17.75 548.8 18.9167
0.054 0.051 0.065
17.75 548.8 40.6396
0.066 0.063 0.077
8.875 548.8 31.9698
0.051 0.050 0.064
17.75 548.8 18.9167
0.054 0.051 0.065
26.625 548.8 28.375
0.073 0.068 0.082
26.625 548.8 49.3094
0.082 0.076 0.091
17.75 548.8 40.6396
0.066 0.063 0.077
0 548.8 23.3
0.044 0.044 0.057
8.875 548.8 31.9698
0.051 0.050 0.064
8.875 548.8 54.4813
0.068 0.066 0.080
0 548.8 46.6
0.061 0.060 0.074
8.875 548.8 31.9698
0.051 0.050 0.064
17.75 548.8 40.6396
0.066 0.063 0.077
17.75 548.8 62.3625
0.082 0.077 0.092
8.875 548.8 54.4813
0.068 0.066 0.080
17.75 548.8 40.6396
0.066 0.063 0.077
26.625 548.8 49.3094
0.082 0.076 0.091
26.625 548.8 70.2438
0.097 0.088 0.103
17.75 548.8 62.3625
0.082 0.077 0.092
0 548.8 46.6
0.061 0.060 0.074
8.875 548.8 54.4813
0.068 0.066 0.080
8.875 548.8 76.9927
0.079 0.075 0.091
0 548.8 69.9
0.072 0.071 0.086
8.875 548.8 54.4813
0.068 0.066 0.080
17.75 548.8 62.3625
0.082 0.077 0.092
17.75 548.8 84.0854
0.093 0.085 0.101
8.875 548.8 76.9927
0.079 0.075 0.091
17.75 548.8 62.3625
0.082 0.077 0.092
26.625 548.8 70.2438
0.097 0.088 0.103
26.625 548.8 91.1781
0.108 0.095 0.112
17.75 548.8 84.0854
0.093 0.085 0.101
26.625 548.8 28.375
0.073 0.068 0.082
35.5 548.8 37.8333
0.092 0.084 0.099
35.5 548.8 57.9792
0.099 0.089 0.104
26.625 548.8 49.3094
0.082 0.076 0.091
35.5 548.8 37.8333
0.092 0.084 0.099
44.375 548.8 47.2917
0.112 0.101 0.116
44.375 548.8 66.649
0.116 0.103 0.118
35.5 548.8 57.9792
0.099 0.089 0.104
44.375 548.8 47.2917
0.112 0.101 0.116
53.25 548.8 56.75
0.131 0.117 0.131
53.25 548.8 75.3188
0.134 0.116 0.131
44.375 548.8 66.649
0.116 0.103 0.118
26.625 548.8 49.3094
0.082 0.076 0.091
35.5 548.8 57.9792
0.099 0.089 0.104
35.5 548.8 78.125
0.113 0.099 0.115
26.625 548.8 70.2438
0.097 0.088 0.103
35.5 548.8 57.9792
0.099 0.089 0.104
44.375 548.8 66.649
0.116 0.103 0.118
44.375 548.8 86.0063
0.129 0.110 0.127
35.5 548.8 78.125
0.113 0.099 0.115
44.375 548.8 66.649
0.116 0.103 0.118
53.25 548.8 75.3188
0.134 0.116 0.131
53.25 548.8 93.8875
0.146 0.122 0.139
44.375 548.8 86.0063
0.129 0.110 0.127
26.625 548.8 70.2438
0.097 0.088 0.103
35.5 548.8 78.125
0.113 0.099 0.115
35.5 548.8 98.2708
0.123 0.105 0.122
26.625 548.8 91.1781
0.108 0.095 0.112
35.5 548.8 78.125
0.113 0.099 0.115
44.375 548.8 86.0063
0.129 0.110 0.127
44.375 548.8 105.364
0.141 0.116 0.134
35.5 548.8 98.2708
0.123 0.105 0.122
44.375 548.8 86.0063
0.129 0.110 0.127
53.25 548.8 93.8875
0.146 0.122 0.139
53.25 548.8 112.456
0.159 0.128 0.147
44.375 548.8 105.364
0.141 0.116 0.134
53.25 548.8 56.75
0.131 0.117 0.131
62.125 548.8 66.2083
0.149 0.131 0.145
62.125 548.8 83.9885
0.151 0.129 0.144
53.25 548.8 75.3188
0.134 0.116 0.131
62.125 548.8 66.2083
0.149 0.131 0.145
71 548.8 75.6667
0.166 0.144 0.158
71 548.8 92.6583
0.169 0.143 0.158
62.125 548.8 83.9885
0.151 0.129 0.144
71 548.8 75.6667
0.166 0.144 0.158
79.875 548.8 85.125
0.185 0.159 0.175
79.875 548.8 101.328
0.190 0.160 0.176
71 548.8 92.6583
0.169 0.143 0.158
53.25 548.8 75.3188
0.134 0.116 0.131
62.125 548.8 83.9885
0.151 0.129 0.144
62.125 548.8 101.769
0.164 0.135 0.152
53.25 548.8 93.8875
0.146 0.122 0.139
62.125 548.8 83.9885
0.151 0.129 0.144
71 548.8 92.6583
0.169 0.143 0.158
71 548.8 109.65
0.183 0.150 0.167
62.125 548.8 101.769
0.164 0.135 0.152
71 548.8 92.6583
0.169 0.143 0.158
79.875 548.8 101.328
0.190 0.160 0.176
79.875 548.8 117.531
0.205 0.168 0.186
71 548.8 109.65
0.183 0.150 0.167
53.25 548.8 93.8875
0.146 0.122 0.139
62.125 548.8 101.769
0.164 0.135 0.152
62.125 548.8 119.549
0.178 0.142 0.160
53.25 548.8 112.456
0.159 0.128 0.147
62.125 548.8 101.769
0.164 0.135 0.152
71 548.8 109.65
0.183 0.150 0.167
71 548.8 126.642
0.199 0.158 0.178
62.125 548.8 119.549
0.178 0.142 0.160
71 548.8 109.65
0.183 0.150 0.167
79.875 548.8 117.531
0.205 0.168 0.186
79.875 548.8 133.734
0.224 0.179 0.199
71 548.8 126.642
0.199 0.158 0.178
79.875 548.8 85.125
0.185 0.159 0.175
88.75 548.8 94.5833
0.206 0.177 0.193
88.75 548.8 109.998
0.212 0.179 0.195
79.875 548.8 101.328
0.190 0.160 0.176
88.75 548.8 94.5833
0.206 0.177 0.193
97.625 548.8 104.042
0.231 0.198 0.215
97.625 548.8 118.668
0.238 0.200 0.219
88.75 548.8 109.998
0.212 0.179 0.195
97.625 548.8 104.042
0.231 0.198 0.215
106.5 548.8 113.5
0.259 0.225 0.243
106.5 548.8 127.337
0.270 0.231 0.250
97.625 548.8 118.668
0.238 0.200 0.219
79.875 548.8 101.328
0.190 0.160 0.176
88.75 548.8 109.998
0.212 0.179 0.195
88.75 548.8 125.412
0.231 0.190 0.209
79.875 548.8 117.531
0.205 0.168 0.186
88.75 548.8 109.998
0.212 0.179 0.195
97.625 548.8 118.668
0.238 0.200 0.219
97.625 548.8 133.294
0.259 0.216 0.236
88.75 548.8 125.412
0.231 0.190 0.209
97.625 548.8 118.668
0.238 0.200 0.219
106.5 548.8 127.337
0.270 0.231 0.250
106.5 548.8 141.175
0.296 0.251 0.273
97.625 548.8 133.294
0.259 0.216 0.236
79.875 548.8 117.531
0.205 0.168 0.186
88.75 548.8 125.412
0.231 0.190 0.209
88.75 548.8 140.827
0.252 0.204 0.226
79.875 548.8 133.734
0.224 0.179 0.199
88.75 548.8 125.412
0.231 0.190 0.209
97.625 548.8 133.294
0.259 0.216 0.236
97.625 548.8 147.92
0.285 0.235 0.259
88.75 548.8 140.827
0.252 0.204 0.226
97.625 548.8 133.294
0.259 0.216 0.236
106.5 548.8 141.175
0.296 0.251 0.273
106.5 548.8 155.012
0.328 0.277 0.302
97.625 548.8 147.92
0.285 0.235 0.259
106.5 548.8 113.5
0.259 0.225 0.243
115.375 548.8 122.958
0.298 0.260 0.281
115.375 548.8 136.007
0.312 0.270 0.292
106.5 548.8 127.337
0.270 0.231 0.250
115.375 548.8 122.958
0.298 0.260 0.281
124.25 548.8 132.417
0.349 0.310 0.332
124.25 548.8 144.677
0.368 0.324 0.349
115.375 548.8 136.007
0.312 0.270 0.292
124.25 548.8 132.417
0.349 0.310 0.332
133.125 548.8 141.875
0.418 0.378 0.401
133.125 548.8 153.347
0.442 0.399 0.424
124.25 548.8 144.677
0.368 0.324 0.349
106.5 548.8 127.337
0.270 0.231 0.250
115.375 548.8 136.007
0.312 0.270 0.292
115.375 548.8 149.056
0.346 0.299 0.323
106.5 548.8 141.175
0.296 0.251 0.273
115.375 548.8 136.007
0.312 0.270 0.292
124.25 548.8 144.677
0.368 0.324 0.349
124.25 548.8 156.938
0.411 0.363 0.390
115.375 548.8 149.056
0.346 0.299 0.323
124.25 548.8 144.677
0.368 0.324 0.349
133.125 548.8 153.347
0.442 0.399 0.424
133.125 548.8 164.819
0.499 0.452 0.480
124.25 548.8 156.938
0.411 0.363 0.390
106.5 548.8 141.175
0.296 0.251 0.273
115.375 548.8 149.056
0.346 0.299 0.323
115.375 548.8 162.105
0.385 0.333 0.359
106.5 548.8 155.012
0.328 0.277 0.302
115.375 548.8 149.056
0.346 0.299 0.323
124.25 548.8 156.938
0.411 0.363 0.390
124.25 548.8 169.198
0.461 0.408 0.438
115.375 548.8 162.105
0.385 0.333 0.359
124.25 548.8 156.938
0.411 0.363 0.390
133.125 548.8 164.819
0.499 0.452 0.480
133.125 548.8 176.291
0.564 0.513 0.545
124.25 548.8 169.198
0.461 0.408 0.438
133.125 548.8 141.875
0.418 0.378 0.401
142 548.8 151.333
0.516 0.477 0.501
142 548.8 162.017
0.548 0.506 0.531
133.125 548.8 153.347
0.442 0.399 0.424
142 548.8 151.333
0.516 0.477 0.501
150.875 548.8 160.792
0.661 0.621 0.647
150.875 548.8 170.686
0.706 0.663 0.691
142 548.8 162.017
0.548 0.506 0.531
150.875 548.8 160.792
0.661 0.621 0.647
159.75 548.8 170.25
0.878 0.839 0.867
159.75 548.8 179.356
0.939 0.897 0.927
150.875 548.8 170.686
0.706 0.663 0.691
133.125 548.8 153.347
0.442 0.399 0.424
142 548.8 162.017
0.548 0.506 0.531
142 548.8 172.7
0.624 0.579 0.606
133.125 548.8 164.819
0.499 0.452 0.480
142 548.8 162.017
0.548 0.506 0.531
150.875 548.8 170.686
0.706 0.663 0.691
150.875 548.8 180.581
0.809 0.764 0.793
142 548.8 172.7
0.624 0.579 0.606
150.875 548.8 170.686
0.706 0.663 0.691
159.75 548.8 179.356
0.939 0.897 0.927
159.75 548.8 188.463
1.082 1.037 1.069
150.875 548.8 180.581
0.809 0.764 0.793
133.125 548.8 164.819
0.499 0.452 0.480
142 548.8 172.7
0.624 0.579 0.606
142 548.8 183.383
0.711 0.663 0.693
133.125 548.8 176.291
0.564 0.513 0.545
142 548.8 172.7
0.624 0.579 0.606
150.875 548.8 180.581
0.809 0.764 0.793
150.875 548.8 190.476
0.924 0.877 0.908
142 548.8 183.383
0.711 0.663 0.693
150.875 548.8 180.581
0.809 0.764 0.793
159.75 548.8 188.463
1.082 1.037 1.069
159.75 548.8 197.569
1.238 1.192 1.224
150.875 548.8 190.476
0.924 0.877 0.908
159.75 548.8 170.25
0.878 0.839 0.867
168.625 548.8 179.708
1.210 1.173 1.202
168.625 548.8 188.026
1.294 1.256 1.286
159.75 548.8 179.356
0.939 0.897 0.927
168.625 548.8 179.708
1.210 1.173 1.202
177.5 548.8 189.167
1.725 1.690 1.716
177.5 548.8 196.696
1.841 1.804 1.832
168.625 548.8 188.026
1.294 1.256 1.286
177.5 548.8 189.167
1.725 1.690 1.716
186.375 548.8 198.625
2.525 2.491 2.513
186.375 548.8 205.366
2.683 2.647 2.671
177.5 548.8 196.696
1.841 1.804 1.832
159.75 548.8 179.356
0.939 0.897 0.927
168.625 548.8 188.026
1.294 1.256 1.286
168.625 548.8 196.344
1.492 1.451 1.482
159.75 548.8 188.463
1.082 1.037 1.069
168.625 548.8 188.026
1.294 1.256 1.286
177.5 548.8 196.696
1.841 1.804 1.832
177.5 548.8 204.225
2.110 2.072 2.101
168.625 548.8 196.344
1.492 1.451 1.482
177.5 548.8 196.696
1.841 1.804 1.832
186.375 548.8 205.366
2.683 2.647 2.671
186.375 548.8 212.106
3.036 2.999 3.025
177.5 548.8 204.225
2.110 2.072 2.101
159.75 548.8 188.463
1.082 1.037 1.069
168.625 548.8 196.344
1.492 1.451 1.482
168.625 548.8 204.661
1.704 1.661 1.694
159.75 548.8 197.569
1.238 1.192 1.224
168.625 548.8 196.344
1.492 1.451 1.482
177.5 548.8 204.225
2.110 2.072 2.101
177.5 548.8 211.754
2.393 2.353 2.386
168.625 548.8 204.661
1.704 1.661 1.694
177.5 548.8 204.225
2.110 2.072 2.101
186.375 548.8 212.106
3.036 2.999 3.025
186.375 548.8 218.847
3.385 3.347 3.376
177.5 548.8 211.754
2.393 2.353 2.386
186.375 548.8 198.625
2.525 2.491 2.513
195.25 548.8 208.083
3.717 3.685 3.702
195.25 548.8 214.035
3.910 3.875 3.894
186.375 548.8 205.366
2.683 2.647 2.671
195.25 548.8 208.083
3.717 3.685 3.702
204.125 548.8 217.542
5.317 5.288 5.299
204.125 548.8 222.705
5.504 5.473 5.484
195.25 548.8 214.035
3.910 3.875 3.894
204.125 548.8 217.542
5.317 5.288 5.299
213 548.8 227
6.212 6.184 6.193
213 548.8 231.375
6.382 6.354 6.362
204.125 548.8 222.705
5.504 5.473 5.484
186.375 548.8 205.366
2.683 2.647 2.671
195.25 548.8 214.035
3.910 3.875 3.894
195.25 548.8 219.987
4.330 4.294 4.314
186.375 548.8 212.106
3.036 2.999 3.025
195.25 548.8 214.035
3.910 3.875 3.894
204.125 548.8 222.705
5.504 5.473 5.484
204.125 548.8 227.869
5.920 5.888 5.899
195.25 548.8 219.987
4.330 4.294 4.314
204.125 548.8 222.705
5.504 5.473 5.484
213 548.8 231.375
6.382 6.354 6.362
213 548.8 235.75
6.772 6.743 6.750
204.125 548.8 227.869
5.920 5.888 5.899
186.375 548.8 212.106
3.036 2.999 3.025
195.25 548.8 219.987
4.330 4.294 4.314
195.25 548.8 225.94
4.712 4.675 4.696
186.375 548.8 218.847
3.385 3.347 3.376
195.25 548.8 219.987
4.330 4.294 4.314
204.125 548.8 227.869
5.920 5.888 5.899
204.125 548.8 233.032
6.268 6.235 6.246
195.25 548.8 225.94
4.712 4.675 4.696
204.125 548.8 227.869
5.920 5.888 5.899
213 548.8 235.75
6.772 6.743 6.750
213 548.8 240.125
7.079 7.050 7.056
204.125 548.8 233.032
6.268 6.235 6.246
0 548.8 69.9
0.072 0.071 0.086
8.875 548.8 76.9927
0.079 0.075 0.091
8.875 548.8 99.5042
0.087 0.082 0.099
0 548.8 93.2
0.080 0.078 0.095
8.875 548.8 76.9927
0.079 0.075 0.091
17.75 548.8 84.0854
0.093 0.085 0.101
17.75 548.8 105.808
0.102 0.090 0.109
8.875 548.8 99.5042
0.087 0.082 0.099
17.75 548.8 84.0854
0.093 0.085 0.101
26.625 548.8 91.1781
0.108 0.095 0.112
26.625 548.8 112.113
0.118 0.100 0.119
17.75 548.8 105.808
0.102 0.090 0.109
0 548.8 93.2
0.080 0.078 0.095
8.875 548.8 99.5042
0.087 0.082 0.099
8.875 548.8 122.016
0.093 0.086 0.107
0 548.8 116.5
0.085 0.082 0.102
8.875 548.8 99.5042
0.087 0.082 0.099
17.75 548.8 105.808
0.102 0.090 0.109
17.75 548.8 127.531
0.111 0.094 0.117
8.875 548.8 122.016
0.093 0.086 0.107
17.75 548.8 105.808
0.102 0.090 0.109
26.625 548.8 112.113
0.118 0.100 0.119
26.625 548.8 133.047
0.129 0.104 0.127
17.75 548.8 127.531
0.111 0.094 0.117
0 548.8 116.5
0.085 0.082 0.102
8.875 548.8 122.016
0.093 0.086 0.107
8.875 548.8 144.527
0.099 0.089 0.115
0 548.8 139.8
0.090 0.085 0.111
8.875 548.8 122.016
0.093 0.086 0.107
17.75 548.8 127.531
0.111 0.094 0.117
17.75 548.8 149.254
0.119 0.098 0.125
8.875 548.8 144.527
0.099 0.089 0.115
17.75 548.8 127.531
0.111 0.094 0.117
26.625 548.8 133.047
0.129 0.104 0.127
26.625 548.8 153.981
0.140 0.108 0.137
17.75 548.8 149.254
0.119 0.098 0.125
26.625 548.8 91.1781
0.108 0.095 0.112
35.5 548.8 98.2708
0.123 0.105 0.122
35.5 548.8 118.417
0.135 0.110 0.130
26.625 548.8 112.113
0.118 0.100 0.119
35.5 548.8 98.2708
0.123 0.105 0.122
44.375 548.8 105.364
0.141 0.116 0.134
44.375 548.8 124.721
0.154 0.121 0.143
35.5 548.8 118.417
0.135 0.110 0.130
44.375 548.8 105.364
0.141 0.116 0.134
53.25 548.8 112.456
0.159 0.128 0.147
53.25 548.8 131.025
0.174 0.135 0.157
44.375 548.8 124.721
0.154 0.121 0.143
26.625 548.8 112.113
0.118 0.100 0.119
35.5 548.8 118.417
0.135 0.110 0.130
35.5 548.8 138.562
0.148 0.114 0.139
26.625 548.8 133.047
0.129 0.104 0.127
35.5 548.8 118.417
0.135 0.110 0.130
44.375 548.8 124.721
0.154 0.121 0.143
44.375 548.8 144.078
0.169 0.127 0.153
35.5 548.8 138.562
0.148 0.114 0.139
44.375 548.8 124.721
0.154 0.121 0.143
53.25 548.8 131.025
0.174 0.135 0.157
53.25 548.8 149.594
0.191 0.142 0.168
44.375 548.8 144.078
0.169 0.127 0.153
26.625 548.8 133.047
0.129 0.104 0.127
35.5 548.8 138.562
0.148 0.114 0.139
35.5 548.8 158.708
0.161 0.119 0.149
26.625 548.8 153.981
0.140 0.108 0.137
35.5 548.8 138.562
0.148 0.114 0.139
44.375 548.8 144.078
0.169 0.127 0.153
44.375 548.8 163.435
0.185 0.133 0.165
35.5 548.8 158.708
0.161 0.119 0.149
44.375 548.8 144.078
0.169 0.127 0.153
53.25 548.8 149.594
0.191 0.142 0.168
53.25 548.8 168.163
0.208 0.149 0.181
44.375 548.8 163.435
0.185 0.133 0.165
53.25 548.8 112.456
0.159 0.128 0.147
62.125 548.8 119.549
0.178 0.142 0.160
62.125 548.8 137.329
0.195 0.150 0.172
53.25 548.8 131.025
0.174 0.135 0.157
62.125 548.8 119.549
0.178 0.142 0.160
71 548.8 126.642
0.199 0.158 0.178
71 548.8 143.633
0.218 0.168 0.192
62.125 548.8 137.329
0.195 0.150 0.172
71 548.8 126.642
0.199 0.158 0.178
79.875 548.8 133.734
0.224 0.179 0.199
79.875 548.8 149.938
0.245 0.193 0.217
71 548.8 143.633
0.218 0.168 0.192
53.25 548.8 131.025
0.174 0.135 0.157
62.125 548.8 137.329
0.195 0.150 0.172
62.125 548.8 155.109
0.214 0.159 0.186
53.25 548.8 149.594
0.191 0.142 0.168
62.125 548.8 137.329
0.195 0.150 0.172
71 548.8 143.633
0.218 0.168 0.192
71 548.8 160.625
0.239 0.180 0.209
62.125 548.8 155.109
0.214 0.159 0.186
71 548.8 143.633
0.218 0.168 0.192
79.875 548.8 149.938
0.245 0.193 0.217
79.875 548.8 166.141
0.269 0.207 0.237
71 548.8 160.625
0.239 0.180 0.209
53.25 548.8 149.594
0.191 0.142 0.168
62.125 548.8 155.109
0.214 0.159 0.186
62.125 548.8 172.89
0.233 0.169 0.202
53.25 548.8 168.163
0.208 0.149 0.181
62.125 548.8 155.109
0.214 0.159 0.186
71 548.8 160.625
0.239 0.180 0.209
71 548.8 177.617
0.260 0.193 0.228
62.125 548.8 172.89
0.233 0.169 0.202
71 548.8 160.625
0.239 0.180 0.209
79.875 548.8 166.141
0.269 0.207 0.237
79.875 548.8 182.344
0.293 0.223 0.259
71 548.8 177.617
0.260 0.193 0.228
79.875 548.8 133.734
0.224 0.179 0.199
88.75 548.8 140.827
0.252 0.204 0.226
88.75 548.8 156.242
0.277 0.221 0.247
79.875 548.8 149.938
0.245 0.193 0.217
88.75 548.8 140.827
0.252 0.204 0.226
97.625 548.8 147.92
0.285 0.235 0.259
97.625 548.8 162.546
0.314 0.258 0.285
88.75 548.8 156.242
0.277 0.221 0.247
97.625 548.8 147.92
0.285 0.235 0.259
106.5 548.8 155.012
0.328 0.277 0.302
106.5 548.8 168.85
0.363 0.307 0.336
97.625 548.8 162.546
0.314 0.258 0.285
79.875 548.8 149.938
0.245 0.193 0.217
88.75 548.8 156.242
0.277 0.221 0.247
88.75 548.8 171.656
0.304 0.241 0.272
79.875 548.8 166.141
0.269 0.207 0.237
88.75 548.8 156.242
0.277 0.221 0.247
97.625 548.8 162.546
0.314 0.258 0.285
97.625 548.8 177.172
0.346 0.283 0.316
88.75 548.8 171.656
0.304 0.241 0.272
97.625 548.8 162.546
0.314 0.258 0.285
106.5 548.8 168.85
0.363 0.307 0.336
106.5 548.8 182.688
0.402 0.339 0.374
97.625 548.8 177.172
0.346 0.283 0.316
79.875 548.8 166.141
0.269 0.207 0.237
88.75 548.8 171.656
0.304 0.241 0.272
88.75 548.8 187.071
0.331 0.261 0.297
79.875 548.8 182.344
0.293 0.223 0.259
88.75 548.8 171.656
0.304 0.241 0.272
97.625 548.8 177.172
0.346 0.283 0.316
97.625 548.8 191.798
0.379 0.310 0.348
88.75 548.8 187.071
0.331 0.261 0.297
97.625 548.8 177.172
0.346 0.283 0.316
106.5 548.8 182.688
0.402 0.339 0.374
106.5 548.8 196.525
0.441 0.374 0.412
97.625 548.8 191.798
0.379 0.310 0.348
106.5 548.8 155.012
0.328 0.277 0.302
115.375 548.8 162.105
0.385 0.333 0.359
115.375 548.8 175.154
0.429 0.372 0.403
106.5 548.8 168.85
0.363 0.307 0.336
115.375 548.8 162.105
0.385 0.333 0.359
124.25 548.8 169.198
0.461 0.408 0.438
124.25 548.8 181.458
0.516 0.460 0.492
115.375 548.8 175.154
0.429 0.372 0.403
124.25 548.8 169.198
0.461 0.408 0.438
133.125 548.8 176.291
0.564 0.513 0.545
133.125 548.8 187.762
0.636 0.582 0.615
124.25 548.8 181.458
0.516 0.460 0.492
106.5 548.8 168.85
0.363 0.307 0.336
115.375 548.8 175.154
0.429 0.372 0.403
115.375 548.8 188.203
0.477 0.414 0.450
106.5 548.8 182.688
0.402 0.339 0.374
115.375 548.8 175.154
0.429 0.372 0.403
124.25 548.8 181.458
0.516 0.460 0.492
124.25 548.8 193.719
0.576 0.516 0.552
115.375 548.8 188.203
0.477 0.414 0.450
124.25 548.8 181.458
0.516 0.460 0.492
133.125 548.8 187.762
0.636 0.582 0.615
133.125 548.8 199.234
0.713 0.655 0.691
124.25 548.8 193.719
0.576 0.516 0.552
106.5 548.8 182.688
0.402 0.339 0.374
115.375 548.8 188.203
0.477 0.414 0.450
115.375 548.8 201.252
0.525 0.458 0.497
106.5 548.8 196.525
0.441 0.374 0.412
115.375 548.8 188.203
0.477 0.414 0.450
124.25 548.8 193.719
0.576 0.516 0.552
124.25 548.8 205.979
0.637 0.573 0.613
115.375 548.8 201.252
0.525 0.458 0.497
124.25 548.8 193.719
0.576 0.516 0.552
133.125 548.8 199.234
0.713 0.655 0.691
133.125 548.8 210.706
0.789 0.728 0.768
124.25 548.8 205.979
0.637 0.573 0.613
133.125 548.8 176.291
0.564 0.513 0.545
142 548.8 183.383
0.711 0.663 0.693
142 548.8 194.067
0.806 0.754 0.786
133.125 548.8 187.762
0.636 0.582 0.615
142 548.8 183.383
0.711 0.663 0.693
150.875 548.8 190.476
0.924 0.877 0.908
150.875 548.8 200.371
1.050 1.000 1.032
142 548.8 194.067
0.806 0.754 0.786
150.875 548.8 190.476
0.924 0.877 0.908
159.75 548.8 197.569
1.238 1.192 1.224
159.75 548.8 206.675
1.405 1.356 1.390
150.875 548.8 200.371
1.050 1.000 1.032
133.125 548.8 187.762
0.636 0.582 0.615
142 548.8 194.067
0.806 0.754 0.786
142 548.8 204.75
0.903 0.849 0.883
133.125 548.8 199.234
0.713 0.655 0.691
142 548.8 194.067
0.806 0.754 0.786
150.875 548.8 200.371
1.050 1.000 1.032
150.875 548.8 210.266
1.176 1.124 1.159
142 548.8 204.75
0.903 0.849 0.883
150.875 548.8 200.371
1.050 1.000 1.032
159.75 548.8 206.675
1.405 1.356 1.390
159.75 548.8 215.781
1.567 1.517 1.554
150.875 548.8 210.266
1.176 1.124 1.159
133.125 548.8 199.234
0.713 0.655 0.691
142 548.8 204.75
0.903 0.849 0.883
142 548.8 215.433
0.999 0.941 0.980
133.125 548.8 210.706
0.789 0.728 0.768
142 548.8 204.75
0.903 0.849 0.883
150.875 548.8 210.266
1.176 1.124 1.159
150.875 548.8 220.16
1.296 1.241 1.280
142 548.8 215.433
0.999 0.941 0.980
150.875 548.8 210.266
1.176 1.124 1.159
159.75 548.8 215.781
1.567 1.517 1.554
159.75 548.8 224.887
1.714 1.663 1.702
150.875 548.8 220.16
1.296 1.241 1.280
159.75 548.8 197.569
1.238 1.192 1.224
168.625 548.8 204.661
1.704 1.661 1.694
168.625 548.8 212.979
1.920 1.876 1.910
159.75 548.8 206.675
1.405 1.356 1.390
168.625 548.8 204.661
1.704 1.661 1.694
177.5 548.8 211.754
2.393 2.353 2.386
177.5 548.8 219.283
2.667 2.627 2.660
168.625 548.8 212.979
1.920 1.876 1.910
177.5 548.8 211.754
2.393 2.353 2.386
186.375 548.8 218.847
3.385 3.347 3.376
186.375 548.8 225.587
3.704 3.665 3.694
177.5 548.8 219.283
2.667 2.627 2.660
159.75 548.8 206.675
1.405 1.356 1.390
168.625 548.8 212.979
1.920 1.876 1.910
168.625 548.8 221.297
2.124 2.079 2.115
159.75 548.8 215.781
1.567 1.517 1.554
168.625 548.8 212.979
1.920 1.876 1.910
177.5 548.8 219.283
2.667 2.627 2.660
177.5 548.8 226.812
2.910 2.868 2.902
168.625 548.8 221.297
2.124 2.079 2.115
177.5 548.8 219.283
2.667 2.627 2.660
186.375 548.8 225.587
3.704 3.665 3.694
186.375 548.8 232.328
3.966 3.926 3.956
177.5 548.8 226.812
2.910 2.868 2.902
159.75 548.8 215.781
1.567 1.517 1.554
168.625 548.8 221.297
2.124 2.079 2.115
168.625 548.8 229.615
2.301 2.254 2.291
159.75 548.8 224.887
1.714 1.663 1.702
168.625 548.8 221.297
2.124 2.079 2.115
177.5 548.8 226.812
2.910 2.868 2.902
177.5 548.8 234.342
3.106 3.063 3.096
168.625 548.8 229.615
2.301 2.254 2.291
177.5 548.8 226.812
2.910 2.868 2.902
186.375 548.8 232.328
3.966 3.926 3.956
186.375 548.8 239.069
4.157 4.117 4.146
177.5 548.8 234.342
3.106 3.063 3.096
186.375 548.8 218.847
3.385 3.347 3.376
195.25 548.8 225.94
4.712 4.675 4.696
195.25 548.8 231.892
5.033 4.995 5.016
186.375 548.8 225.587
3.704 3.665 3.694
195.25 548.8 225.94
4.712 4.675 4.696
204.125 548.8 233.032
6.268 6.235 6.246
204.125 548.8 238.196
6.533 6.499 6.509
195.25 548.8 231.892
5.033 4.995 5.016
204.125 548.8 233.032
6.268 6.235 6.246
213 548.8 240.125
7.079 7.050 7.056
213 548.8 244.5
7.298 7.268 7.272
204.125 548.8 238.196
6.533 6.499 6.509
186.375 548.8 225.587
3.704 3.665 3.694
195.25 548.8 231.892
5.033 4.995 5.016
195.25 548.8 237.844
5.274 5.236 5.258
186.375 548.8 232.328
3.966 3.926 3.956
195.25 548.8 231.892
5.033 4.995 5.016
204.125 548.8 238.196
6.533 6.499 6.509
204.125 548.8 243.359
6.712 6.679 6.688
195.25 548.8 237.844
5.274 5.236 5.258
204.125 548.8 238.196
6.533 6.499 6.509
213 548.8 244.5
7.298 7.268 7.272
213 548.8 248.875
7.440 7.409 7.412
204.125 548.8 243.359
6.712 6.679 6.688
186.375 548.8 232.328
3.966 3.926 3.956
195.25 548.8 237.844
5.274 5.236 5.258
195.25 548.8 243.796
5.427 5.389 5.410
186.375 548.8 239.069
4.157 4.117 4.146
195.25 548.8 237.844
5.274 5.236 5.258
204.125 548.8 243.359
6.712 6.679 6.688
204.125 548.8 248.523
6.806 6.772 6.780
195.25 548.8 243.796
5.427 5.389 5.410
204.125 548.8 243.359
6.712 6.679 6.688
213 548.8 248.875
7.440 7.409 7.412
213 548.8 253.25
7.504 7.473 7.475
204.125 548.8 248.523
6.806 6.772 6.780
0 548.8 139.8
0.090 0.085 0.111
8.875 548.8 144.527
0.099 0.089 0.115
8.875 548.8 167.039
0.105 0.091 0.125
0 548.8 163.1
0.094 0.087 0.120
8.875 548.8 144.527
0.099 0.089 0.115
17.75 548.8 149.254
0.119 0.098 0.125
17.75 548.8 170.977
0.128 0.101 0.135
8.875 548.8 167.039
0.105 0.091 0.125
17.75 548.8 149.254
0.119 0.098 0.125
26.625 548.8 153.981
0.140 0.108 0.137
26.625 548.8 174.916
0.151 0.112 0.147
17.75 548.8 170.977
0.128 0.101 0.135
0 548.8 163.1
0.094 0.087 0.120
8.875 548.8 167.039
0.105 0.091 0.125
8.875 548.8 189.55
0.110 0.094 0.134
0 548.8 186.4
0.097 0.089 0.128
8.875 548.8 167.039
0.105 0.091 0.125
17.75 548.8 170.977
0.128 0.101 0.135
17.75 548.8 192.7
0.136 0.104 0.145
8.875 548.8 189.55
0.110 0.094 0.134
17.75 548.8 170.977
0.128 0.101 0.135
26.625 548.8 174.916
0.151 0.112 0.147
26.625 548.8 195.85
0.161 0.115 0.157
17.75 548.8 192.7
0.136 0.104 0.145
0 548.8 186.4
0.097 0.089 0.128
8.875 548.8 189.55
0.110 0.094 0.134
8.875 548.8 212.061
0.114 0.096 0.140
0 548.8 209.7
0.100 0.091 0.134
8.875 548.8 189.55
0.110 0.094 0.134
17.75 548.8 192.7
0.136 0.104 0.145
17.75 548.8 214.423
0.142 0.106 0.152
8.875 548.8 212.061
0.114 0.096 0.140
17.75 548.8 192.7
0.136 0.104 0.145
26.625 548.8 195.85
0.161 0.115 0.157
26.625 548.8 216.784
0.168 0.118 0.165
17.75 548.8 214.423
0.142 0.106 0.152
26.625 548.8 153.981
0.140 0.108 0.137
35.5 548.8 158.708
0.161 0.119 0.149
35.5 548.8 178.854
0.175 0.124 0.161
26.625 548.8 174.916
0.151 0.112 0.147
35.5 548.8 158.708
0.161 0.119 0.149
44.375 548.8 163.435
0.185 0.133 0.165
44.375 548.8 182.793
0.200 0.139 0.177
35.5 548.8 178.854
0.175 0.124 0.161
44.375 548.8 163.435
0.185 0.133 0.165
53.25 548.8 168.163
0.208 0.149 0.181
53.25 548.8 186.731
0.225 0.157 0.196
44.375 548.8 182.793
0.200 0.139 0.177
26.625 548.8 174.916
0.151 0.112 0.147
35.5 548.8 178.854
0.175 0.124 0.161
35.5 548.8 199
0.186 0.129 0.173
26.625 548.8 195.85
0.161 0.115 0.157
35.5 548.8 178.854
0.175 0.124 0.161
44.375 548.8 182.793
0.200 0.139 0.177
44.375 548.8 202.15
0.213 0.146 0.190
35.5 548.8 199
0.186 0.129 0.173
44.375 548.8 182.793
0.200 0.139 0.177
53.25 548.8 186.731
0.225 0.157 0.196
53.25 548.8 205.3
0.240 0.165 0.210
44.375 548.8 202.15
0.213 0.146 0.190
26.625 548.8 195.85
0.161 0.115 0.157
35.5 548.8 199
0.186 0.129 0.173
35.5 548.8 219.146
0.196 0.133 0.181
26.625 548.8 216.784
0.168 0.118 0.165
35.5 548.8 199
0.186 0.129 0.173
44.375 548.8 202.15
0.213 0.146 0.190
44.375 548.8 221.507
0.224 0.151 0.200
35.5 548.8 219.146
0.196 0.133 0.181
44.375 548.8 202.15
0.213 0.146 0.190
53.25 548.8 205.3
0.240 0.165 0.210
53.25 548.8 223.869
0.252 0.172 0.221
44.375 548.8 221.507
0.224 0.151 0.200
53.25 548.8 168.163
0.208 0.149 0.181
62.125 548.8 172.89
0.233 0.169 0.202
62.125 548.8 190.67
0.251 0.179 0.219
53.25 548.8 186.731
0.225 0.157 0.196
62.125 548.8 172.89
0.233 0.169 0.202
71 548.8 177.617
0.260 0.193 0.228
71 548.8 194.608
0.281 0.206 0.247
62.125 548.8 190.67
0.251 0.179 0.219
71 548.8 177.617
0.260 0.193 0.228
79.875 548.8 182.344
0.293 0.223 0.259
79.875 548.8 198.547
0.316 0.240 0.282
71 548.8 194.608
0.281 0.206 0.247
53.25 548.8 186.731
0.225 0.157 0.196
62.125 548.8 190.67
0.251 0.179 0.219
62.125 548.8 208.45
0.268 0.189 0.235
53.25 548.8 205.3
0.240 0.165 0.210
62.125 548.8 190.67
0.251 0.179 0.219
71 548.8 194.608
0.281 0.206 0.247
71 548.8 211.6
0.300 0.219 0.265
62.125 548.8 208.45
0.268 0.189 0.235
71 548.8 194.608
0.281 0.206 0.247
79.875 548.8 198.547
0.316 0.240 0.282
79.875 548.8 214.75
0.337 0.255 0.302
71 548.8 211.6
0.300 0.219 0.265
53.25 548.8 205.3
0.240 0.165 0.210
62.125 548.8 208.45
0.268 0.189 0.235
62.125 548.8 226.23
0.282 0.197 0.247
53.25 548.8 223.869
0.252 0.172 0.221
62.125 548.8 208.45
0.268 0.189 0.235
71 548.8 211.6
0.300 0.219 0.265
71 548.8 228.592
0.315 0.228 0.279
62.125 548.8 226.23
0.282 0.197 0.247
71 548.8 211.6
0.300 0.219 0.265
79.875 548.8 214.75
0.337 0.255 0.302
79.875 548.8 230.953
0.355 0.268 0.318
71 548.8 228.592
0.315 0.228 0.279
79.875 548.8 182.344
0.293 0.223 0.259
88.75 548.8 187.071
0.331 0.261 0.297
88.75 548.8 202.485
0.358 0.282 0.324
79.875 548.8 198.547
0.316 0.240 0.282
88.75 548.8 187.071
0.331 0.261 0.297
97.625 548.8 191.798
0.379 0.310 0.348
97.625 548.8 206.424
0.411 0.336 0.379
88.75 548.8 202.485
0.358 0.282 0.324
97.625 548.8 191.798
0.379 0.310 0.348
106.5 548.8 196.525
0.441 0.374 0.412
106.5 548.8 210.362
0.479 0.407 0.450
97.625 548.8 206.424
0.411 0.336 0.379
79.875 548.8 198.547
0.316 0.240 0.282
88.75 548.8 202.485
0.358 0.282 0.324
88.75 548.8 217.9
0.383 0.302 0.348
79.875 548.8 214.75
0.337 0.255 0.302
88.75 548.8 202.485
0.358 0.282 0.324
97.625 548.8 206.424
0.411 0.336 0.379
97.625 548.8 221.05
0.440 0.361 0.408
88.75 548.8 217.9
0.383 0.302 0.348
97.625 548.8 206.424
0.411 0.336 0.379
106.5 548.8 210.362
0.479 0.407 0.450
106.5 548.8 224.2
0.513 0.437 0.484
97.625 548.8 221.05
0.440 0.361 0.408
79.875 548.8 214.75
0.337 0.255 0.302
88.75 548.8 217.9
0.383 0.302 0.348
88.75 548.8 233.315
0.403 0.317 0.366
79.875 548.8 230.953
0.355 0.268 0.318
88.75 548.8 217.9
0.383 0.302 0.348
97.625 548.8 221.05
0.440 0.361 0.408
97.625 548.8 235.676
0.462 0.379 0.428
88.75 548.8 233.315
0.403 0.317 0.366
97.625 548.8 221.05
0.440 0.361 0.408
106.5 548.8 224.2
0.513 0.437 0.484
106.5 548.8 238.038
0.539 0.460 0.509
97.625 548.8 235.676
0.462 0.379 0.428
106.5 548.8 196.525
0.441 0.374 0.412
115.375 548.8 201.252
0.525 0.458 0.497
115.375 548.8 214.301
0.572 0.500 0.544
106.5 548.8 210.362
0.479 0.407 0.450
115.375 548.8 201.252
0.525 0.458 0.497
124.25 548.8 205.979
0.637 0.573 0.613
124.25 548.8 218.24
0.693 0.625 0.669
115.375 548.8 214.301
0.572 0.500 0.544
124.25 548.8 205.979
0.637 0.573 0.613
133.125 548.8 210.706
0.789 0.728 0.768
133.125 548.8 222.178
0.857 0.794 0.838
124.25 548.8 218.24
0.693 0.625 0.669
106.5 548.8 210.362
0.479 0.407 0.450
115.375 548.8 214.301
0.572 0.500 0.544
115.375 548.8 227.35
0.611 0.537 0.584
106.5 548.8 224.2
0.513 0.437 0.484
115.375 548.8 214.301
0.572 0.500 0.544
124.25 548.8 218.24
0.693 0.625 0.669
124.25 548.8 230.5
0.740 0.669 0.716
115.375 548.8 227.35
0.611 0.537 0.584
124.25 548.8 218.24
0.693 0.625 0.669
133.125 548.8 222.178
0.857 0.794 0.838
133.125 548.8 233.65
0.913 0.847 0.893
124.25 548.8 230.5
0.740 0.669 0.716
106.5 548.8 224.2
0.513 0.437 0.484
115.375 548.8 227.35
0.611 0.537 0.584
115.375 548.8 240.399
0.642 0.564 0.613
106.5 548.8 238.038
0.539 0.460 0.509
115.375 548.8 227.35
0.611 0.537 0.584
124.25 548.8 230.5
0.740 0.669 0.716
124.25 548.8 242.76
0.774 0.701 0.750
115.375 548.8 240.399
0.642 0.564 0.613
124.25 548.8 230.5
0.740 0.669 0.716
133.125 548.8 233.65
0.913 0.847 0.893
133.125 548.8 245.122
0.953 0.885 0.932
124.25 548.8 242.76
0.774 0.701 0.750
133.125 548.8 210.706
0.789 0.728 0.768
142 548.8 215.433
0.999 0.941 0.980
142 548.8 226.117
1.084 1.024 1.066
133.125 548.8 222.178
0.857 0.794 0.838
142 548.8 215.433
0.999 0.941 0.980
150.875 548.8 220.16
1.296 1.241 1.280
150.875 548.8 230.055
1.399 1.342 1.383
142 548.8 226.117
1.084 1.024 1.066
150.875 548.8 220.16
1.296 1.241 1.280
159.75 548.8 224.887
1.714 1.663 1.702
159.75 548.8 233.994
1.836 1.783 1.823
150.875 548.8 230.055
1.399 1.342 1.383
133.125 548.8 222.178
0.857 0.794 0.838
142 548.8 226.117
1.084 1.024 1.066
142 548.8 236.8
1.150 1.089 1.131
133.125 548.8 233.65
0.913 0.847 0.893
142 548.8 226.117
1.084 1.024 1.066
150.875 548.8 230.055
1.399 1.342 1.383
150.875 548.8 239.95
1.475 1.416 1.458
142 548.8 236.8
1.150 1.089 1.131
150.875 548.8 230.055
1.399 1.342 1.383
159.75 548.8 233.994
1.836 1.783 1.823
159.75 548.8 243.1
1.919 1.863 1.903
150.875 548.8 239.95
1.475 1.416 1.458
133.125 548.8 233.65
0.913 0.847 0.893
142 548.8 236.8
1.150 1.089 1.131
142 548.8 247.483
1.194 1.130 1.173
133.125 548.8 245.122
0.953 0.885 0.932
142 548.8 236.8
1.150 1.089 1.131
150.875 548.8 239.95
1.475 1.416 1.458
150.875 548.8 249.845
1.520 1.460 1.501
142 548.8 247.483
1.194 1.130 1.173
150.875 548.8 239.95
1.475 1.416 1.458
159.75 548.8 243.1
1.919 1.863 1.903
159.75 548.8 252.206
1.962 1.906 1.944
150.875 548.8 249.845
1.520 1.460 1.501
159.75 548.8 224.887
1.714 1.663 1.702
168.625 548.8 229.615
2.301 2.254 2.291
168.625 548.8 237.932
2.435 2.387 2.424
159.75 548.8 233.994
1.836 1.783 1.823
168.625 548.8 229.615
2.301 2.254 2.291
177.5 548.8 234.342
3.106 3.063 3.096
177.5 548.8 241.871
3.238 3.194 3.227
168.625 548.8 237.932
2.435 2.387 2.424
177.5 548.8 234.342
3.106 3.063 3.096
186.375 548.8 239.069
4.157 4.117 4.146
186.375 548.8 245.809
4.272 4.230 4.257
177.5 548.8 241.871
3.238 3.194 3.227
159.75 548.8 233.994
1.836 1.783 1.823
168.625 548.8 237.932
2.435 2.387 2.424
168.625 548.8 246.25
2.517 2.467 2.503
159.75 548.8 243.1
1.919 1.863 1.903
168.625 548.8 237.932
2.435 2.387 2.424
177.5 548.8 241.871
3.238 3.194 3.227
177.5 548.8 249.4
3.309 3.263 3.295
168.625 548.8 246.25
2.517 2.467 2.503
177.5 548.8 241.871
3.238 3.194 3.227
186.375 548.8 245.809
4.272 4.230 4.257
186.375 548.8 252.55
4.315 4.273 4.299
177.5 548.8 249.4
3.309 3.263 3.295
159.75 548.8 243.1
1.919 1.863 1.903
168.625 548.8 246.25
2.517 2.467 2.503
168.625 548.8 254.568
2.553 2.503 2.537
159.75 548.8 252.206
1.962 1.906 1.944
168.625 548.8 246.25
2.517 2.467 2.503
177.5 548.8 249.4
3.309 3.263 3.295
177.5 548.8 256.929
3.327 3.281 3.311
168.625 548.8 254.568
2.553 2.503 2.537
177.5 548.8 249.4
3.309 3.263 3.295
186.375 548.8 252.55
4.315 4.273 4.299
186.375 548.8 259.291
4.310 4.267 4.292
177.5 548.8 256.929
3.327 3.281 3.311
186.375 548.8 239.069
4.157 4.117 4.146
195.25 548.8 243.796
5.427 5.389 5.410
195.25 548.8 249.748
5.505 5.465 5.486
186.375 548.8 245.809
4.272 4.230 4.257
195.25 548.8 243.796
5.427 5.389 5.410
204.125 548.8 248.523
6.806 6.772 6.780
204.125 548.8 253.686
6.849 6.814 6.823
195.25 548.8 249.748
5.505 5.465 5.486
204.125 548.8 248.523
6.806 6.772 6.780
213 548.8 253.25
7.504 7.473 7.475
213 548.8 257.625
7.535 7.503 7.506
204.125 548.8 253.686
6.849 6.814 6.823
186.375 548.8 245.809
4.272 4.230 4.257
195.25 548.8 249.748
5.505 5.465 5.486
195.25 548.8 255.7
5.517 5.478 5.498
186.375 548.8 252.55
4.315 4.273 4.299
195.25 548.8 249.748
5.505 5.465 5.486
204.125 548.8 253.686
6.849 6.814 6.823
204.125 548.8 258.85
6.856 6.821 6.831
195.25 548.8 255.7
5.517 5.478 5.498
204.125 548.8 253.686
6.849 6.814 6.823
213 548.8 257.625
7.535 7.503 7.506
213 548.8 262
7.552 7.519 7.524
204.125 548.8 258.85
6.856 6.821 6.831
186.375 548.8 252.55
4.315 4.273 4.299
195.25 548.8 255.7
5.517 5.478 5.498
195.25 548.8 261.652
5.498 5.458 5.479
186.375 548.8 259.291
4.310 4.267 4.292
195.25 548.8 255.7
5.517 5.478 5.498
204.125 548.8 258.85
6.856 6.821 6.831
204.125 548.8 264.014
6.845 6.809 6.821
195.25 548.8 261.652
5.498 5.458 5.479
204.125 548.8 258.85
6.856 6.821 6.831
213 548.8 262
7.552 7.519 7.524
213 548.8 266.375
7.551 7.519 7.525
204.125 548.8 264.014
6.845 6.809 6.821
0 548.8 209.7
0.100 0.091 0.134
8.875 548.8 212.061
0.114 0.096 0.140
8.875 548.8 234.573
0.116 0.096 0.144
0 548.8 233
0.101 0.091 0.138
8.875 548.8 212.061
0.114 0.096 0.140
17.75 548.8 214.423
0.142 0.106 0.152
17.75 548.8 236.146
0.146 0.108 0.156
8.875 548.8 234.573
0.116 0.096 0.144
17.75 548.8 214.423
0.142 0.106 0.152
26.625 548.8 216.784
0.168 0.118 0.165
26.625 548.8 237.719
0.173 0.120 0.169
17.75 548.8 236.146
0.146 0.108 0.156
0 548.8 233
0.101 0.091 0.138
8.875 548.8 234.573
0.116 0.096 0.144
8.875 548.8 257.084
0.116 0.096 0.146
0 548.8 256.3
0.101 0.090 0.139
8.875 548.8 234.573
0.116 0.096 0.144
17.75 548.8 236.146
0.146 0.108 0.156
17.75 548.8 257.869
0.147 0.107 0.158
8.875 548.8 257.084
0.116 0.096 0.146
17.75 548.8 236.146
0.146 0.108 0.156
26.625 548.8 237.719
0.173 0.120 0.169
26.625 548.8 258.653
0.175 0.120 0.171
17.75 548.8 257.869
0.147 0.107 0.158
0 548.8 256.3
0.101 0.090 0.139
8.875 548.8 257.084
0.116 0.096 0.146
8.875 548.8 279.596
0.115 0.094 0.145
0 548.8 279.6
0.099 0.088 0.138
8.875 548.8 257.084
0.116 0.096 0.146
17.75 548.8 257.869
0.147 0.107 0.158
17.75 548.8 279.592
0.145 0.105 0.157
8.875 548.8 279.596
0.115 0.094 0.145
17.75 548.8 257.869
0.147 0.107 0.158
26.625 548.8 258.653
0.175 0.120 0.171
26.625 548.8 279.588
0.174 0.118 0.170
17.75 548.8 279.592
0.145 0.105 0.157
26.625 548.8 216.784
0.168 0.118 0.165
35.5 548.8 219.146
0.196 0.133 0.181
35.5 548.8 239.292
0.202 0.135 0.186
26.625 548.8 237.719
0.173 0.120 0.169
35.5 548.8 219.146
0.196 0.133 0.181
44.375 548.8 221.507
0.224 0.151 0.200
44.375 548.8 240.865
0.232 0.154 0.205
35.5 548.8 239.292
0.202 0.135 0.186
44.375 548.8 221.507
0.224 0.151 0.200
53.25 548.8 223.869
0.252 0.172 0.221
53.25 548.8 242.438
0.260 0.175 0.227
44.375 548.8 240.865
0.232 0.154 0.205
26.625 548.8 237.719
0.173 0.120 0.169
35.5 548.8 239.292
0.202 0.135 0.186
35.5 548.8 259.438
0.205 0.136 0.189
26.625 548.8 258.653
0.175 0.120 0.171
35.5 548.8 239.292
0.202 0.135 0.186
44.375 548.8 240.865
0.232 0.154 0.205
44.375 548.8 260.222
0.235 0.154 0.207
35.5 548.8 259.438
0.205 0.136 0.189
44.375 548.8 240.865
0.232 0.154 0.205
53.25 548.8 242.438
0.260 0.175 0.227
53.25 548.8 261.006
0.264 0.176 0.229
44.375 548.8 260.222
0.235 0.154 0.207
26.625 548.8 258.653
0.175 0.120 0.171
35.5 548.8 259.438
0.205 0.136 0.189
35.5 548.8 279.583
0.204 0.134 0.187
26.625 548.8 279.588
0.174 0.118 0.170
35.5 548.8 259.438
0.205 0.136 0.189
44.375 548.8 260.222
0.235 0.154 0.207
44.375 548.8 279.579
0.234 0.152 0.206
35.5 548.8 279.583
0.204 0.134 0.187
44.375 548.8 260.222
0.235 0.154 0.207
53.25 548.8 261.006
0.264 0.176 0.229
53.25 548.8 279.575
0.263 0.174 0.228
44.375 548.8 279.579
0.234 0.152 0.206
53.25 548.8 223.869
0.252 0.172 0.221
62.125 548.8 226.23
0.282 0.197 0.247
62.125 548.8 244.01
0.291 0.202 0.254
53.25 548.8 242.438
0.260 0.175 0.227
62.125 548.8 226.23
0.282 0.197 0.247
71 548.8 228.592
0.315 0.228 0.279
71 548.8 245.583
0.326 0.235 0.287
62.125 548.8 244.01
0.291 0.202 0.254
71 548.8 228.592
0.315 0.228 0.279
79.875 548.8 230.953
0.355 0.268 0.318
79.875 548.8 247.156
0.367 0.276 0.328
71 548.8 245.583
0.326 0.235 0.287
53.25 548.8 242.438
0.260 0.175 0.227
62.125 548.8 244.01
0.291 0.202 0.254
62.125 548.8 261.791
0.296 0.204 0.256
53.25 548.8 261.006
0.264 0.176 0.229
62.125 548.8 244.01
0.291 0.202 0.254
71 548.8 245.583
0.326 0.235 0.287
71 548.8 262.575
0.330 0.237 0.290
62.125 548.8 261.791
0.296 0.204 0.256
71 548.8 245.583
0.326 0.235 0.287
79.875 548.8 247.156
0.367 0.276 0.328
79.875 548.8 263.359
0.371 0.278 0.332
71 548.8 262.575
0.330 0.237 0.290
53.25 548.8 261.006
0.264 0.176 0.229
62.125 548.8 261.791
0.296 0.204 0.256
62.125 548.8 279.571
0.294 0.201 0.255
53.25 548.8 279.575
0.263 0.174 0.228
62.125 548.8 261.791
0.296 0.204 0.256
71 548.8 262.575
0.330 0.237 0.290
71 548.8 279.567
0.329 0.234 0.289
62.125 548.8 279.571
0.294 0.201 0.255
71 548.8 262.575
0.330 0.237 0.290
79.875 548.8 263.359
0.371 0.278 0.332
79.875 548.8 279.562
0.369 0.275 0.329
71 548.8 279.567
0.329 0.234 0.289
79.875 548.8 230.953
0.355 0.268 0.318
88.75 548.8 233.315
0.403 0.317 0.366
88.75 548.8 248.729
0.416 0.327 0.378
79.875 548.8 247.156
0.367 0.276 0.328
88.75 548.8 233.315
0.403 0.317 0.366
97.625 548.8 235.676
0.462 0.379 0.428
97.625 548.8 250.302
0.476 0.391 0.441
88.75 548.8 248.729
0.416 0.327 0.378
97.625 548.8 235.676
0.462 0.379 0.428
106.5 548.8 238.038
0.539 0.460 0.509
106.5 548.8 251.875
0.554 0.473 0.523
97.625 548.8 250.302
0.476 0.391 0.441
79.875 548.8 247.156
0.367 0.276 0.328
88.75 548.8 248.729
0.416 0.327 0.378
88.75 548.8 264.144
0.421 0.330 0.383
79.875 548.8 263.359
0.371 0.278 0.332
88.75 548.8 248.729
0.416 0.327 0.378
97.625 548.8 250.302
0.476 0.391 0.441
97.625 548.8 264.928
0.482 0.395 0.447
88.75 548.8 264.144
0.421 0.330 0.383
97.625 548.8 250.302
0.476 0.391 0.441
106.5 548.8 251.875
0.554 0.473 0.523
106.5 548.8 265.712
0.560 0.477 0.528
97.625 548.8 264.928
0.482 0.395 0.447
79.875 548.8 263.359
0.371 0.278 0.332
88.75 548.8 264.144
0.421 0.330 0.383
88.75 548.8 279.558
0.417 0.325 0.379
79.875 548.8 279.562
0.369 0.275 0.329
88.75 548.8 264.144
0.421 0.330 0.383
97.625 548.8 264.928
0.482 0.395 0.447
97.625 548.8 279.554
0.478 0.389 0.443
88.75 548.8 279.558
0.417 0.325 0.379
97.625 548.8 264.928
0.482 0.395 0.447
106.5 548.8 265.712
0.560 0.477 0.528
106.5 548.8 279.55
0.555 0.471 0.523
97.625 548.8 279.554
0.478 0.389 0.443
106.5 548.8 238.038
0.539 0.460 0.509
115.375 548.8 240.399
0.642 0.564 0.613
115.375 548.8 253.448
0.660 0.581 0.630
106.5 548.8 251.875
0.554 0.473 0.523
115.375 548.8 240.399
0.642 0.564 0.613
124.25 548.8 242.76
0.774 0.701 0.750
124.25 548.8 255.021
0.794 0.720 0.769
115.375 548.8 253.448
0.660 0.581 0.630
124.25 548.8 242.76
0.774 0.701 0.750
133.125 548.8 245.122
0.953 0.885 0.932
133.125 548.8 256.594
0.973 0.903 0.951
124.25 548.8 255.021
0.794 0.720 0.769
106.5 548.8 251.875
0.554 0.473 0.523
115.375 548.8 253.448
0.660 0.581 0.630
115.375 548.8 266.497
0.664 0.583 0.633
106.5 548.8 265.712
0.560 0.477 0.528
115.375 548.8 253.448
0.660 0.581 0.630
124.25 548.8 255.021
0.794 0.720 0.769
124.25 548.8 267.281
0.798 0.722 0.771
115.375 548.8 266.497
0.664 0.583 0.633
124.25 548.8 255.021
0.794 0.720 0.769
133.125 548.8 256.594
0.973 0.903 0.951
133.125 548.8 268.066
0.975 0.903 0.952
124.25 548.8 267.281
0.798 0.722 0.771
106.5 548.8 265.712
0.560 0.477 0.528
115.375 548.8 266.497
0.664 0.583 0.633
115.375 548.8 279.546
0.656 0.574 0.624
106.5 548.8 279.55
0.555 0.471 0.523
115.375 548.8 266.497
0.664 0.583 0.633
124.25 548.8 267.281
0.798 0.722 0.771
124.25 548.8 279.542
0.786 0.709 0.758
115.375 548.8 279.546
0.656 0.574 0.624
124.25 548.8 267.281
0.798 0.722 0.771
133.125 548.8 268.066
0.975 0.903 0.952
133.125 548.8 279.538
0.960 0.888 0.937
124.25 548.8 279.542
0.786 0.709 0.758
133.125 548.8 245.122
0.953 0.885 0.932
142 548.8 247.483
1.194 1.130 1.173
142 548.8 258.167
1.213 1.148 1.192
133.125 548.8 256.594
0.973 0.903 0.951
142 548.8 247.483
1.194 1.130 1.173
150.875 548.8 249.845
1.520 1.460 1.501
150.875 548.8 259.74
1.537 1.476 1.516
142 548.8 258.167
1.213 1.148 1.192
150.875 548.8 249.845
1.520 1.460 1.501
159.75 548.8 252.206
1.962 1.906 1.944
159.75 548.8 261.312
1.973 1.915 1.952
150.875 548.8 259.74
1.537 1.476 1.516
133.125 548.8 256.594
0.973 0.903 0.951
142 548.8 258.167
1.213 1.148 1.192
142 548.8 268.85
1.210 1.145 1.188
133.125 548.8 268.066
0.975 0.903 0.952
142 548.8 258.167
1.213 1.148 1.192
150.875 548.8 259.74
1.537 1.476 1.516
150.875 548.8 269.634
1.528 1.466 1.506
142 548.8 268.85
1.210 1.145 1.188
150.875 548.8 259.74
1.537 1.476 1.516
159.75 548.8 261.312
1.973 1.915 1.952
159.75 548.8 270.419
1.952 1.893 1.930
150.875 548.8 269.634
1.528 1.466 1.506
133.125 548.8 268.066
0.975 0.903 0.952
142 548.8 268.85
1.210 1.145 1.188
142 548.8 279.533
1.189 1.122 1.167
133.125 548.8 279.538
0.960 0.888 0.937
142 548.8 268.85
1.210 1.145 1.188
150.875 548.8 269.634
1.528 1.466 1.506
150.875 548.8 279.529
1.494 1.432 1.472
142 548.8 279.533
1.189 1.122 1.167
150.875 548.8 269.634
1.528 1.466 1.506
159.75 548.8 270.419
1.952 1.893 1.930
159.75 548.8 279.525
1.906 1.847 1.884
150.875 548.8 279.529
1.494 1.432 1.472
159.75 548.8 252.206
1.962 1.906 1.944
168.625 548.8 254.568
2.553 2.503 2.537
168.625 548.8 262.885
2.550 2.498 2.531
159.75 548.8 261.312
1.973 1.915 1.952
168.625 548.8 254.568
2.553 2.503 2.537
177.5 548.8 256.929
3.327 3.281 3.311
177.5 548.8 264.458
3.307 3.260 3.289
168.625 548.8 262.885
2.550 2.498 2.531
177.5 548.8 256.929
3.327 3.281 3.311
186.375 548.8 259.291
4.310 4.267 4.292
186.375 548.8 266.031
4.274 4.230 4.256
177.5 548.8 264.458
3.307 3.260 3.289
159.75 548.8 261.312
1.973 1.915 1.952
168.625 548.8 262.885
2.550 2.498 2.531
168.625 548.8 271.203
2.515 2.463 2.496
159.75 548.8 270.419
1.952 1.893 1.930
168.625 548.8 262.885
2.550 2.498 2.531
177.5 548.8 264.458
3.307 3.260 3.289
177.5 548.8 271.987
3.259 3.212 3.242
168.625 548.8 271.203
2.515 2.463 2.496
177.5 548.8 264.458
3.307 3.260 3.289
186.375 548.8 266.031
4.274 4.230 4.256
186.375 548.8 272.772
4.215 4.171 4.197
177.5 548.8 271.987
3.259 3.212 3.242
159.75 548.8 270.419
1.952 1.893 1.930
168.625 548.8 271.203
2.515 2.463 2.496
168.625 548.8 279.521
2.455 2.403 2.436
159.75 548.8 279.525
1.906 1.847 1.884
168.625 548.8 271.203
2.515 2.463 2.496
177.5 548.8 271.987
3.259 3.212 3.242
177.5 548.8 279.517
3.183 3.136 3.167
168.625 548.8 279.521
2.455 2.403 2.436
177.5 548.8 271.987
3.259 3.212 3.242
186.375 548.8 272.772
4.215 4.171 4.197
186.375 548.8 279.513
4.135 4.091 4.117
177.5 548.8 279.517
3.183 3.136 3.167
186.375 548.8 259.291
4.310 4.267 4.292
195.25 548.8 261.652
5.498 5.458 5.479
195.25 548.8 267.604
5.461 5.420 5.441
186.375 548.8 266.031
4.274 4.230 4.256
195.25 548.8 261.652
5.498 5.458 5.479
204.125 548.8 264.014
6.845 6.809 6.821
204.125 548.8 269.177
6.838 6.803 6.816
195.25 548.8 267.604
5.461 5.420 5.441
204.125 548.8 264.014
6.845 6.809 6.821
213 548.8 266.375
7.551 7.519 7.525
213 548.8 270.75
7.568 7.536 7.544
204.125 548.8 269.177
6.838 6.803 6.816
186.375 548.8 266.031
4.274 4.230 4.256
195.25 548.8 267.604
5.461 5.420 5.441
195.25 548.8 273.556
5.409 5.368 5.390
186.375 548.8 272.772
4.215 4.171 4.197
195.25 548.8 267.604
5.461 5.420 5.441
204.125 548.8 269.177
6.838 6.803 6.816
204.125 548.8 274.341
6.821 6.786 6.800
195.25 548.8 273.556
5.409 5.368 5.390
204.125 548.8 269.177
6.838 6.803 6.816
213 548.8 270.75
7.568 7.536 7.544
213 548.8 275.125
7.575 7.543 7.552
204.125 548.8 274.341
6.821 6.786 6.800
186.375 548.8 272.772
4.215 4.171 4.197
195.25 548.8 273.556
5.409 5.368 5.390
195.25 548.8 279.508
5.340 5.300 5.321
186.375 548.8 279.513
4.135 4.091 4.117
195.25 548.8 273.556
5.409 5.368 5.390
204.125 548.8 274.341
6.821 6.786 6.800
204.125 548.8 279.504
6.786 6.751 6.766
195.25 548.8 279.508
5.340 5.300 5.321
204.125 548.8 274.341
6.821 6.786 6.800
213 548.8 275.125
7.575 7.543 7.552
213 548.8 279.5
7.565 7.533 7.543
204.125 548.8 279.504
6.786 6.751 6.766
0 548.8 279.6
0.099 0.088 0.138
8.875 548.8 279.596
0.115 0.094 0.145
8.875 548.8 302.107
0.110 0.090 0.144
0 548.8 302.9
0.095 0.084 0.137
8.875 548.8 279.596
0.115 0.094 0.145
17.75 548.8 279.592
0.145 0.105 0.157
17.75 548.8 301.315
0.141 0.101 0.155
8.875 548.8 302.107
0.110 0.090 0.144
17.75 548.8 279.592
0.145 0.105 0.157
26.625 548.8 279.588
0.174 0.118 0.170
26.625 548.8 300.522
0.170 0.114 0.168
17.75 548.8 301.315
0.141 0.101 0.155
0 548.8 302.9
0.095 0.084 0.137
8.875 548.8 302.107
0.110 0.090 0.144
8.875 548.8 324.619
0.105 0.085 0.142
0 548.8 326.2
0.090 0.080 0.136
8.875 548.8 302.107
0.110 0.090 0.144
17.75 548.8 301.315
0.141 0.101 0.155
17.75 548.8 323.038
0.134 0.096 0.153
8.875 548.8 324.619
0.105 0.085 0.142
17.75 548.8 301.315
0.141 0.101 0.155
26.625 548.8 300.522
0.170 0.114 0.168
26.625 548.8 321.456
0.161 0.107 0.165
17.75 548.8 323.038
0.134 0.096 0.153
0 548.8 326.2
0.090 0.080 0.136
8.875 548.8 324.619
0.105 0.085 0.142
8.875 548.8 347.13
0.098 0.079 0.137
0 548.8 349.5
0.085 0.075 0.132
8.875 548.8 324.619
0.105 0.085 0.142
17.75 548.8 323.038
0.134 0.096 0.153
17.75 548.8 344.76
0.125 0.089 0.147
8.875 548.8 347.13
0.098 0.079 0.137
17.75 548.8 323.038
0.134 0.096 0.153
26.625 548.8 321.456
0.161 0.107 0.165
26.625 548.8 342.391
0.151 0.100 0.159
17.75 548.8 344.76
0.125 0.089 0.147
26.625 548.8 279.588
0.174 0.118 0.170
35.5 548.8 279.583
0.204 0.134 0.187
35.5 548.8 299.729
0.199 0.129 0.185
26.625 548.8 300.522
0.170 0.114 0.168
35.5 548.8 279.583
0.204 0.134 0.187
44.375 548.8 279.579
0.234 0.152 0.206
44.375 548.8 298.936
0.228 0.147 0.203
35.5 548.8 299.729
0.199 0.129 0.185
44.375 548.8 279.579
0.234 0.152 0.206
53.25 548.8 279.575
0.263 0.174 0.228
53.25 548.8 298.144
0.257 0.168 0.225
44.375 548.8 298.936
0.228 0.147 0.203
26.625 548.8 300.522
0.170 0.114 0.168
35.5 548.8 299.729
0.199 0.129 0.185
35.5 548.8 319.875
0.190 0.122 0.181
26.625 548.8 321.456
0.161 0.107 0.165
35.5 548.8 299.729
0.199 0.129 0.185
44.375 548.8 298.936
0.228 0.147 0.203
44.375 548.8 318.294
0.218 0.139 0.199
35.5 548.8 319.875
0.190 0.122 0.181
44.375 548.8 298.936
0.228 0.147 0.203
53.25 548.8 298.144
0.257 0.168 0.225
53.25 548.8 316.713
0.246 0.159 0.218
44.375 548.8 318.294
0.218 0.139 0.199
26.625 548.8 321.456
0.161 0.107 0.165
35.5 548.8 319.875
0.190 0.122 0.181
35.5 548.8 340.021
0.178 0.114 0.174
26.625 548.8 342.391
0.151 0.100 0.159
35.5 548.8 319.875
0.190 0.122 0.181
44.375 548.8 318.294
0.218 0.139 0.199
44.375 548.8 337.651
0.205 0.130 0.191
35.5 548.8 340.021
0.178 0.114 0.174
44.375 548.8 318.294
0.218 0.139 0.199
53.25 548.8 316.713
0.246 0.159 0.218
53.25 548.8 335.281
0.231 0.148 0.210
44.375 548.8 337.651
0.205 0.130 0.191
53.25 548.8 279.575
0.263 0.174 0.228
62.125 548.8 279.571
0.294 0.201 0.255
62.125 548.8 297.351
0.287 0.194 0.251
53.25 548.8 298.144
0.257 0.168 0.225
62.125 548.8 279.571
0.294 0.201 0.255
71 548.8 279.567
0.329 0.234 0.289
71 548.8 296.558
0.321 0.227 0.284
62.125 548.8 297.351
0.287 0.194 0.251
71 548.8 279.567
0.329 0.234 0.289
79.875 548.8 279.562
0.369 0.275 0.329
79.875 548.8 295.766
0.360 0.265 0.322
71 548.8 296.558
0.321 0.227 0.284
53.25 548.8 298.144
0.257 0.168 0.225
62.125 548.8 297.351
0.287 0.194 0.251
62.125 548.8 315.131
0.275 0.184 0.243
53.25 548.8 316.713
0.246 0.159 0.218
62.125 548.8 297.351
0.287 0.194 0.251
71 548.8 296.558
0.321 0.227 0.284
71 548.8 313.55
0.308 0.215 0.274
62.125 548.8 315.131
0.275 0.184 0.243
71 548.8 296.558
0.321 0.227 0.284
79.875 548.8 295.766
0.360 0.265 0.322
79.875 548.8 311.969
0.345 0.252 0.310
71 548.8 313.55
0.308 0.215 0.274
53.25 548.8 316.713
0.246 0.159 0.218
62.125 548.8 315.131
0.275 0.184 0.243
62.125 548.8 332.911
0.259 0.171 0.232
53.25 548.8 335.281
0.231 0.148 0.210
62.125 548.8 315.131
0.275 0.184 0.243
71 548.8 313.55
0.308 0.215 0.274
71 548.8 330.542
0.290 0.200 0.261
62.125 548.8 332.911
0.259 0.171 0.232
71 548.8 313.55
0.308 0.215 0.274
79.875 548.8 311.969
0.345 0.252 0.310
79.875 548.8 328.172
0.326 0.236 0.296
71 548.8 330.542
0.290 0.200 0.261
79.875 548.8 279.562
0.369 0.275 0.329
88.75 548.8 279.558
0.417 0.325 0.379
88.75 548.8 294.973
0.407 0.315 0.371
79.875 548.8 295.766
0.360 0.265 0.322
88.75 548.8 279.558
0.417 0.325 0.379
97.625 548.8 279.554
0.478 0.389 0.443
97.625 548.8 294.18
0.465 0.376 0.431
88.75 548.8 294.973
0.407 0.315 0.371
97.625 548.8 279.554
0.478 0.389 0.443
106.5 548.8 279.55
0.555 0.471 0.523
106.5 548.8 293.387
0.538 0.454 0.507
97.625 548.8 294.18
0.465 0.376 0.431
79.875 548.8 295.766
0.360 0.265 0.322
88.75 548.8 294.973
0.407 0.315 0.371
88.75 548.8 310.387
0.391 0.300 0.357
79.875 548.8 311.969
0.345 0.252 0.310
88.75 548.8 294.973
0.407 0.315 0.371
97.625 548.8 294.18
0.465 0.376 0.431
97.625 548.8 308.806
0.444 0.357 0.413
88.75 548.8 310.387
0.391 0.300 0.357
97.625 548.8 294.18
0.465 0.376 0.431
106.5 548.8 293.387
0.538 0.454 0.507
106.5 548.8 307.225
0.514 0.430 0.485
97.625 548.8 308.806
0.444 0.357 0.413
79.875 548.8 311.969
0.345 0.252 0.310
88.75 548.8 310.387
0.391 0.300 0.357
88.75 548.8 325.802
0.367 0.279 0.339
79.875 548.8 328.172
0.326 0.236 0.296
88.75 548.8 310.387
0.391 0.300 0.357
97.625 548.8 308.806
0.444 0.357 0.413
97.625 548.8 323.432
0.417 0.332 0.391
88.75 548.8 325.802
0.367 0.279 0.339
97.625 548.8 308.806
0.444 0.357 0.413
106.5 548.8 307.225
0.514 0.430 0.485
106.5 548.8 321.062
0.483 0.402 0.458
97.625 548.8 323.432
0.417 0.332 0.391
106.5 548.8 279.55
0.555 0.471 0.523
115.375 548.8 279.546
0.656 0.574 0.624
115.375 548.8 292.595
0.637 0.555 0.606
106.5 548.8 293.387
0.538 0.454 0.507
115.375 548.8 279.546
0.656 0.574 0.624
124.25 548.8 279.542
0.786 0.709 0.758
124.25 548.8 291.802
0.763 0.686 0.735
115.375 548.8 292.595
0.637 0.555 0.606
124.25 548.8 279.542
0.786 0.709 0.758
133.125 548.8 279.538
0.960 0.888 0.937
133.125 548.8 291.009
0.929 0.857 0.906
124.25 548.8 291.802
0.763 0.686 0.735
106.5 548.8 293.387
0.538 0.454 0.507
115.375 548.8 292.595
0.637 0.555 0.606
115.375 548.8 305.644
0.608 0.527 0.579
106.5 548.8 307.225
0.514 0.430 0.485
115.375 548.8 292.595
0.637 0.555 0.606
124.25 548.8 291.802
0.763 0.686 0.735
124.25 548.8 304.062
0.727 0.651 0.701
115.375 548.8 305.644
0.608 0.527 0.579
124.25 548.8 291.802
0.763 0.686 0.735
133.125 548.8 291.009
0.929 0.857 0.906
133.125 548.8 302.481
0.883 0.812 0.861
124.25 548.8 304.062
0.727 0.651 0.701
106.5 548.8 307.225
0.514 0.430 0.485
115.375 548.8 305.644
0.608 0.527 0.579
115.375 548.8 318.693
0.571 0.492 0.546
106.5 548.8 321.062
0.483 0.402 0.458
115.375 548.8 305.644
0.608 0.527 0.579
124.25 548.8 304.062
0.727 0.651 0.701
124.25 548.8 316.323
0.681 0.606 0.659
115.375 548.8 318.693
0.571 0.492 0.546
124.25 548.8 304.062
0.727 0.651 0.701
133.125 548.8 302.481
0.883 0.812 0.861
133.125 548.8 313.953
0.827 0.757 0.808
124.25 548.8 316.323
0.681 0.606 0.659
133.125 548.8 279.538
0.960 0.888 0.937
142 548.8 279.533
1.189 1.122 1.167
142 548.8 290.217
1.149 1.082 1.128
133.125 548.8 291.009
0.929 0.857 0.906
142 548.8 279.533
1.189 1.122 1.167
150.875 548.8 279.529
1.494 1.432 1.472
150.875 548.8 289.424
1.443 1.381 1.422
142 548.8 290.217
1.149 1.082 1.128
150.875 548.8 279.529
1.494 1.432 1.472
159.75 548.8 279.525
1.906 1.847 1.884
159.75 548.8 288.631
1.840 1.782 1.819
150.875 548.8 289.424
1.443 1.381 1.422
133.125 548.8 291.009
0.929 0.857 0.906
142 548.8 290.217
1.149 1.082 1.128
142 548.8 300.9
1.092 1.026 1.072
133.125 548.8 302.481
0.883 0.812 0.861
142 548.8 290.217
1.149 1.082 1.128
150.875 548.8 289.424
1.443 1.381 1.422
150.875 548.8 299.319
1.373 1.311 1.354
142 548.8 300.9
1.092 1.026 1.072
150.875 548.8 289.424
1.443 1.381 1.422
159.75 548.8 288.631
1.840 1.782 1.819
159.75 548.8 297.737
1.754 1.696 1.733
150.875 548.8 299.319
1.373 1.311 1.354
133.125 548.8 302.481
0.883 0.812 0.861
142 548.8 300.9
1.092 1.026 1.072
142 548.8 311.583
1.023 0.958 1.006
133.125 548.8 313.953
0.827 0.757 0.808
142 548.8 300.9
1.092 1.026 1.072
150.875 548.8 299.319
1.373 1.311 1.354
150.875 548.8 309.214
1.289 1.228 1.272
142 548.8 311.583
1.023 0.958 1.006
150.875 548.8 299.319
1.373 1.311 1.354
159.75 548.8 297.737
1.754 1.696 1.733
159.75 548.8 306.844
1.651 1.593 1.633
150.875 548.8 309.214
1.289 1.228 1.272
159.75 548.8 279.525
1.906 1.847 1.884
168.625 548.8 279.521
2.455 2.403 2.436
168.625 548.8 287.839
2.374 2.322 2.355
159.75 548.8 288.631
1.840 1.782 1.819
168.625 548.8 279.521
2.455 2.403 2.436
177.5 548.8 279.517
3.183 3.136 3.167
177.5 548.8 287.046
3.087 3.040 3.071
168.625 548.8 287.839
2.374 2.322 2.355
177.5 548.8 279.517
3.183 3.136 3.167
186.375 548.8 279.513
4.135 4.091 4.117
186.375 548.8 286.253
4.030 3.986 4.013
177.5 548.8 287.046
3.087 3.040 3.071
159.75 548.8 288.631
1.840 1.782 1.819
168.625 548.8 287.839
2.374 2.322 2.355
168.625 548.8 296.156
2.268 2.215 2.249
159.75 548.8 297.737
1.754 1.696 1.733
168.625 548.8 287.839
2.374 2.322 2.355
177.5 548.8 287.046
3.087 3.040 3.071
177.5 548.8 294.575
2.962 2.915 2.946
168.625 548.8 296.156
2.268 2.215 2.249
177.5 548.8 287.046
3.087 3.040 3.071
186.375 548.8 286.253
4.030 3.986 4.013
186.375 548.8 292.994
3.891 3.847 3.875
177.5 548.8 294.575
2.962 2.915 2.946
159.75 548.8 297.737
1.754 1.696 1.733
168.625 548.8 296.156
2.268 2.215 2.249
168.625 548.8 304.474
2.140 2.088 2.123
159.75 548.8 306.844
1.651 1.593 1.633
168.625 548.8 296.156
2.268 2.215 2.249
177.5 548.8 294.575
2.962 2.915 2.946
177.5 548.8 302.104
2.809 2.762 2.794
168.625 548.8 304.474
2.140 2.088 2.123
177.5 548.8 294.575
2.962 2.915 2.946
186.375 548.8 292.994
3.891 3.847 3.875
186.375 548.8 299.734
3.717 3.674 3.703
177.5 548.8 302.104
2.809 2.762 2.794
186.375 548.8 279.513
4.135 4.091 4.117
195.25 548.8 279.508
5.340 5.300 5.321
195.25 548.8 285.46
5.237 5.196 5.219
186.375 548.8 286.253
4.030 3.986 4.013
195.25 548.8 279.508
5.340 5.300 5.321
204.125 548.8 279.504
6.786 6.751 6.766
204.125 548.8 284.668
6.712 6.677 6.693
195.25 548.8 285.46
5.237 5.196 5.219
204.125 548.8 279.504
6.786 6.751 6.766
213 548.8 279.5
7.565 7.533 7.543
213 548.8 283.875
7.516 7.484 7.497
204.125 548.8 284.668
6.712 6.677 6.693
186.375 548.8 286.253
4.030 3.986 4.013
195.25 548.8 285.46
5.237 5.196 5.219
195.25 548.8 291.412
5.099 5.058 5.082
186.375 548.8 292.994
3.891 3.847 3.875
195.25 548.8 285.46
5.237 5.196 5.219
204.125 548.8 284.668
6.712 6.677 6.693
204.125 548.8 289.831
6.596 6.560 6.578
195.25 548.8 291.412
5.099 5.058 5.082
204.125 548.8 284.668
6.712 6.677 6.693
213 548.8 283.875
7.516 7.484 7.497
213 548.8 288.25
7.415 7.383 7.397
204.125 548.8 289.831
6.596 6.560 6.578
186.375 548.8 292.994
3.891 3.847 3.875
195.25 548.8 291.412
5.099 5.058 5.082
195.25 548.8 297.365
4.916 4.875 4.900
186.375 548.8 299.734
3.717 3.674 3.703
195.25 548.8 291.412
5.099 5.058 5.082
204.125 548.8 289.831
6.596 6.560 6.578
204.125 548.8 294.995
6.424 6.388 6.407
195.25 548.8 297.365
4.916 4.875 4.900
204.125 548.8 289.831
6.596 6.560 6.578
213 548.8 288.25
7.415 7.383 7.397
213 548.8 292.625
7.254 7.222 7.237
204.125 548.8 294.995
6.424 6.388 6.407
0 548.8 349.5
0.085 0.075 0.132
8.875 548.8 347.13
0.098 0.079 0.137
8.875 548.8 369.642
0.089 0.072 0.132
0 548.8 372.8
0.076 0.068 0.127
8.875 548.8 347.13
0.098 0.079 0.137
17.75 548.8 344.76
0.125 0.089 0.147
17.75 548.8 366.483
0.113 0.080 0.141
8.875 548.8 369.642
0.089 0.072 0.132
17.75 548.8 344.76
0.125 0.089 0.147
26.625 548.8 342.391
0.151 0.100 0.159
26.625 548.8 363.325
0.138 0.091 0.153
17.75 548.8 366.483
0.113 0.080 0.141
0 548.8 372.8
0.076 0.068 0.127
8.875 548.8 369.642
0.089 0.072 0.132
8.875 548.8 392.153
0.079 0.065 0.126
0 548.8 396.1
0.068 0.061 0.121
8.875 548.8 369.642
0.089 0.072 0.132
17.75 548.8 366.483
0.113 0.080 0.141
17.75 548.8 388.206
0.101 0.072 0.135
8.875 548.8 392.153
0.079 0.065 0.126
17.75 548.8 366.483
0.113 0.080 0.141
26.625 548.8 363.325
0.138 0.091 0.153
26.625 548.8 384.259
0.123 0.082 0.145
17.75 548.8 388.206
0.101 0.072 0.135
0 548.8 396.1
0.068 0.061 0.121
8.875 548.8 392.153
0.079 0.065 0.126
8.875 548.8 414.665
0.069 0.058 0.119
0 548.8 419.4
0.059 0.054 0.114
8.875 548.8 392.153
0.079 0.065 0.126
17.75 548.8 388.206
0.101 0.072 0.135
17.75 548.8 409.929
0.088 0.065 0.127
8.875 548.8 414.665
0.069 0.058 0.119
17.75 548.8 388.206
0.101 0.072 0.135
26.625 548.8 384.259
0.123 0.082 0.145
26.625 548.8 405.194
0.108 0.073 0.136
17.75 548.8 409.929
0.088 0.065 0.127
26.625 548.8 342.391
0.151 0.100 0.159
35.5 548.8 340.021
0.178 0.114 0.174
35.5 548.8 360.167
0.164 0.104 0.167
26.625 548.8 363.325
0.138 0.091 0.153
35.5 548.8 340.021
0.178 0.114 0.174
44.375 548.8 337.651
0.205 0.130 0.191
44.375 548.8 357.008
0.188 0.118 0.182
35.5 548.8 360.167
0.164 0.104 0.167
44.375 548.8 337.651
0.205 0.130 0.191
53.25 548.8 335.281
0.231 0.148 0.210
53.25 548.8 353.85
0.213 0.135 0.199
44.375 548.8 357.008
0.188 0.118 0.182
26.625 548.8 363.325
0.138 0.091 0.153
35.5 548.8 360.167
0.164 0.104 0.167
35.5 548.8 380.313
0.146 0.093 0.158
26.625 548.8 384.259
0.123 0.082 0.145
35.5 548.8 360.167
0.164 0.104 0.167
44.375 548.8 357.008
0.188 0.118 0.182
44.375 548.8 376.366
0.169 0.106 0.171
35.5 548.8 380.313
0.146 0.093 0.158
44.375 548.8 357.008
0.188 0.118 0.182
53.25 548.8 353.85
0.213 0.135 0.199
53.25 548.8 372.419
0.193 0.122 0.187
44.375 548.8 376.366
0.169 0.106 0.171
26.625 548.8 384.259
0.123 0.082 0.145
35.5 548.8 380.313
0.146 0.093 0.158
35.5 548.8 400.458
0.128 0.083 0.148
26.625 548.8 405.194
0.108 0.073 0.136
35.5 548.8 380.313
0.146 0.093 0.158
44.375 548.8 376.366
0.169 0.106 0.171
44.375 548.8 395.723
0.149 0.094 0.160
35.5 548.8 400.458
0.128 0.083 0.148
44.375 548.8 376.366
0.169 0.106 0.171
53.25 548.8 372.419
0.193 0.122 0.187
53.25 548.8 390.988
0.171 0.108 0.175
44.375 548.8 395.723
0.149 0.094 0.160
53.25 548.8 335.281
0.231 0.148 0.210
62.125 548.8 332.911
0.259 0.171 0.232
62.125 548.8 350.692
0.240 0.157 0.221
53.25 548.8 353.85
0.213 0.135 0.199
62.125 548.8 332.911
0.259 0.171 0.232
71 548.8 330.542
0.290 0.200 0.261
71 548.8 347.533
0.268 0.183 0.247
62.125 548.8 350.692
0.240 0.157 0.221
71 548.8 330.542
0.290 0.200 0.261
79.875 548.8 328.172
0.326 0.236 0.296
79.875 548.8 344.375
0.301 0.215 0.278
71 548.8 347.533
0.268 0.183 0.247
53.25 548.8 353.85
0.213 0.135 0.199
62.125 548.8 350.692
0.240 0.157 0.221
62.125 548.8 368.472
0.217 0.141 0.206
53.25 548.8 372.419
0.193 0.122 0.187
62.125 548.8 350.692
0.240 0.157 0.221
71 548.8 347.533
0.268 0.183 0.247
71 548.8 364.525
0.244 0.164 0.229
62.125 548.8 368.472
0.217 0.141 0.206
71 548.8 347.533
0.268 0.183 0.247
79.875 548.8 344.375
0.301 0.215 0.278
79.875 548.8 360.578
0.274 0.193 0.258
71 548.8 364.525
0.244 0.164 0.229
53.25 548.8 372.419
0.193 0.122 0.187
62.125 548.8 368.472
0.217 0.141 0.206
62.125 548.8 386.252
0.193 0.125 0.191
53.25 548.8 390.988
0.171 0.108 0.175
62.125 548.8 368.472
0.217 0.141 0.206
71 548.8 364.525
0.244 0.164 0.229
71 548.8 381.517
0.218 0.146 0.213
62.125 548.8 386.252
0.193 0.125 0.191
71 548.8 364.525
0.244 0.164 0.229
79.875 548.8 360.578
0.274 0.193 0.258
79.875 548.8 376.781
0.247 0.173 0.239
71 548.8 381.517
0.218 0.146 0.213
79.875 548.8 328.172
0.326 0.236 0.296
88.75 548.8 325.802
0.367 0.279 0.339
88.75 548.8 341.217
0.339 0.254 0.317
79.875 548.8 344.375
0.301 0.215 0.278
88.75 548.8 325.802
0.367 0.279 0.339
97.625 548.8 323.432
0.417 0.332 0.391
97.625 548.8 338.058
0.387 0.305 0.368
88.75 548.8 341.217
0.339 0.254 0.317
97.625 548.8 323.432
0.417 0.332 0.391
106.5 548.8 321.062
0.483 0.402 0.458
106.5 548.8 334.9
0.450 0.371 0.432
97.625 548.8 338.058
0.387 0.305 0.368
79.875 548.8 344.375
0.301 0.215 0.278
88.75 548.8 341.217
0.339 0.254 0.317
88.75 548.8 356.631
0.311 0.230 0.294
79.875 548.8 360.578
0.274 0.193 0.258
88.75 548.8 341.217
0.339 0.254 0.317
97.625 548.8 338.058
0.387 0.305 0.368
97.625 548.8 352.684
0.355 0.276 0.341
88.75 548.8 356.631
0.311 0.230 0.294
97.625 548.8 338.058
0.387 0.305 0.368
106.5 548.8 334.9
0.450 0.371 0.432
106.5 548.8 348.737
0.411 0.335 0.398
97.625 548.8 352.684
0.355 0.276 0.341
79.875 548.8 360.578
0.274 0.193 0.258
88.75 548.8 356.631
0.311 0.230 0.294
88.75 548.8 372.046
0.280 0.206 0.271
79.875 548.8 376.781
0.247 0.173 0.239
88.75 548.8 356.631
0.311 0.230 0.294
97.625 548.8 352.684
0.355 0.276 0.341
97.625 548.8 367.31
0.320 0.246 0.312
88.75 548.8 372.046
0.280 0.206 0.271
97.625 548.8 352.684
0.355 0.276 0.341
106.5 548.8 348.737
0.411 0.335 0.398
106.5 548.8 362.575
0.370 0.298 0.362
97.625 548.8 367.31
0.320 0.246 0.312
106.5 548.8 321.062
0.483 0.402 0.458
115.375 548.8 318.693
0.571 0.492 0.546
115.375 548.8 331.742
0.529 0.452 0.510
106.5 548.8 334.9
0.450 0.371 0.432
115.375 548.8 318.693
0.571 0.492 0.546
124.25 548.8 316.323
0.681 0.606 0.659
124.25 548.8 328.583
0.631 0.558 0.613
115.375 548.8 331.742
0.529 0.452 0.510
124.25 548.8 316.323
0.681 0.606 0.659
133.125 548.8 313.953
0.827 0.757 0.808
133.125 548.8 325.425
0.768 0.699 0.753
124.25 548.8 328.583
0.631 0.558 0.613
106.5 548.8 334.9
0.450 0.371 0.432
115.375 548.8 331.742
0.529 0.452 0.510
115.375 548.8 344.791
0.483 0.408 0.468
106.5 548.8 348.737
0.411 0.335 0.398
115.375 548.8 331.742
0.529 0.452 0.510
124.25 548.8 328.583
0.631 0.558 0.613
124.25 548.8 340.844
0.577 0.506 0.563
115.375 548.8 344.791
0.483 0.408 0.468
124.25 548.8 328.583
0.631 0.558 0.613
133.125 548.8 325.425
0.768 0.699 0.753
133.125 548.8 336.897
0.702 0.635 0.691
124.25 548.8 340.844
0.577 0.506 0.563
106.5 548.8 348.737
0.411 0.335 0.398
115.375 548.8 344.791
0.483 0.408 0.468
115.375 548.8 357.84
0.437 0.366 0.427
106.5 548.8 362.575
0.370 0.298 0.362
115.375 548.8 344.791
0.483 0.408 0.468
124.25 548.8 340.844
0.577 0.506 0.563
124.25 548.8 353.104
0.523 0.454 0.514
115.375 548.8 357.84
0.437 0.366 0.427
124.25 548.8 340.844
0.577 0.506 0.563
133.125 548.8 336.897
0.702 0.635 0.691
133.125 548.8 348.369
0.635 0.570 0.628
124.25 548.8 353.104
0.523 0.454 0.514
133.125 548.8 313.953
0.827 0.757 0.808
142 548.8 311.583
1.023 0.958 1.006
142 548.8 322.267
0.950 0.886 0.936
133.125 548.8 325.425
0.768 0.699 0.753
142 548.8 311.583
1.023 0.958 1.006
150.875 548.8 309.214
1.289 1.228 1.272
150.875 548.8 319.108
1.199 1.138 1.184
142 548.8 322.267
0.950 0.886 0.936
150.875 548.8 309.214
1.289 1.228 1.272
159.75 548.8 306.844
1.651 1.593 1.633
159.75 548.8 315.95
1.538 1.480 1.522
150.875 548.8 319.108
1.199 1.138 1.184
133.125 548.8 325.425
0.768 0.699 0.753
142 548.8 322.267
0.950 0.886 0.936
142 548.8 332.95
0.870 0.807 0.859
133.125 548.8 336.897
0.702 0.635 0.691
142 548.8 322.267
0.950 0.886 0.936
150.875 548.8 319.108
1.199 1.138 1.184
150.875 548.8 329.003
1.099 1.039 1.088
142 548.8 332.95
0.870 0.807 0.859
150.875 548.8 319.108
1.199 1.138 1.184
159.75 548.8 315.95
1.538 1.480 1.522
159.75 548.8 325.056
1.415 1.358 1.403
150.875 548.8 329.003
1.099 1.039 1.088
133.125 548.8 336.897
0.702 0.635 0.691
142 548.8 332.95
0.870 0.807 0.859
142 548.8 343.633
0.789 0.728 0.782
133.125 548.8 348.369
0.635 0.570 0.628
142 548.8 332.95
0.870 0.807 0.859
150.875 548.8 329.003
1.099 1.039 1.088
150.875 548.8 338.898
0.999 0.940 0.992
142 548.8 343.633
0.789 0.728 0.782
150.875 548.8 329.003
1.099 1.039 1.088
159.75 548.8 325.056
1.415 1.358 1.403
159.75 548.8 334.162
1.289 1.233 1.280
150.875 548.8 338.898
0.999 0.940 0.992
159.75 548.8 306.844
1.651 1.593 1.633
168.625 548.8 304.474
2.140 2.088 2.123
168.625 548.8 312.792
1.999 1.948 1.985
159.75 548.8 315.95
1.538 1.480 1.522
168.625 548.8 304.474
2.140 2.088 2.123
177.5 548.8 302.104
2.809 2.762 2.794
177.5 548.8 309.633
2.639 2.591 2.625
168.625 548.8 312.792
1.999 1.948 1.985
177.5 548.8 302.104
2.809 2.762 2.794
186.375 548.8 299.734
3.717 3.674 3.703
186.375 548.8 306.475
3.514 3.470 3.500
177.5 548.8 309.633
2.639 2.591 2.625
159.75 548.8 315.95
1.538 1.480 1.522
168.625 548.8 312.792
1.999 1.948 1.985
168.625 548.8 321.109
1.849 1.798 1.837
159.75 548.8 325.056
1.415 1.358 1.403
168.625 548.8 312.792
1.999 1.948 1.985
177.5 548.8 309.633
2.639 2.591 2.625
177.5 548.8 317.162
2.452 2.405 2.439
168.625 548.8 321.109
1.849 1.798 1.837
177.5 548.8 309.633
2.639 2.591 2.625
186.375 548.8 306.475
3.514 3.470 3.500
186.375 548.8 313.216
3.286 3.242 3.273
177.5 548.8 317.162
2.452 2.405 2.439
159.75 548.8 325.056
1.415 1.358 1.403
168.625 548.8 321.109
1.849 1.798 1.837
168.625 548.8 329.427
1.690 1.639 1.679
159.75 548.8 334.162
1.289 1.233 1.280
168.625 548.8 321.109
1.849 1.798 1.837
177.5 548.8 317.162
2.452 2.405 2.439
177.5 548.8 324.692
2.255 2.208 2.244
168.625 548.8 329.427
1.690 1.639 1.679
177.5 548.8 317.162
2.452 2.405 2.439
186.375 548.8 313.216
3.286 3.242 3.273
186.375 548.8 319.956
3.043 3.000 3.032
177.5 548.8 324.692
2.255 2.208 2.244
186.375 548.8 299.734
3.717 3.674 3.703
195.25 548.8 297.365
4.916 4.875 4.900
195.25 548.8 303.317
4.684 4.642 4.669
186.375 548.8 306.475
3.514 3.470 3.500
195.25 548.8 297.365
4.916 4.875 4.900
204.125 548.8 294.995
6.424 6.388 6.407
204.125 548.8 300.158
6.182 6.146 6.166
195.25 548.8 303.317
4.684 4.642 4.669
204.125 548.8 294.995
6.424 6.388 6.407
213 548.8 292.625
7.254 7.222 7.237
213 548.8 297
7.014 6.981 6.998
204.125 548.8 300.158
6.182 6.146 6.166
186.375 548.8 306.475
3.514 3.470 3.500
195.25 548.8 303.317
4.684 4.642 4.669
195.25 548.8 309.269
4.415 4.374 4.402
186.375 548.8 313.216
3.286 3.242 3.273
195.25 548.8 303.317
4.684 4.642 4.669
204.125 548.8 300.158
6.182 6.146 6.166
204.125 548.8 305.322
5.890 5.854 5.876
195.25 548.8 309.269
4.415 4.374 4.402
204.125 548.8 300.158
6.182 6.146 6.166
213 548.8 297
7.014 6.981 6.998
213 548.8 301.375
6.717 6.685 6.703
204.125 548.8 305.322
5.890 5.854 5.876
186.375 548.8 313.216
3.286 3.242 3.273
195.25 548.8 309.269
4.415 4.374 4.402
195.25 548.8 315.221
4.126 4.085 4.113
186.375 548.8 319.956
3.043 3.000 3.032
195.25 548.8 309.269
4.415 4.374 4.402
204.125 548.8 305.322
5.890 5.854 5.876
204.125 548.8 310.485
5.566 5.530 5.553
195.25 548.8 315.221
4.126 4.085 4.113
204.125 548.8 305.322
5.890 5.854 5.876
213 548.8 301.375
6.717 6.685 6.703
213 548.8 305.75
6.380 6.348 6.368
204.125 548.8 310.485
5.566 5.530 5.553
0 548.8 419.4
0.059 0.054 0.114
8.875 548.8 414.665
0.069 0.058 0.119
8.875 548.8 437.176
0.059 0.051 0.112
0 548.8 442.7
0.051 0.048 0.107
8.875 548.8 414.665
0.069 0.058 0.119
17.75 548.8 409.929
0.088 0.065 0.127
17.75 548.8 431.652
0.075 0.057 0.120
8.875 548.8 437.176
0.059 0.051 0.112
17.75 548.8 409.929
0.088 0.065 0.127
26.625 548.8 405.194
0.108 0.073 0.136
26.625 548.8 426.128
0.091 0.064 0.128
17.75 548.8 431.652
0.075 0.057 0.120
0 548.8 442.7
0.051 0.048 0.107
8.875 548.8 437.176
0.059 0.051 0.112
8.875 548.8 459.688
0.050 0.045 0.106
0 548.8 466
0.044 0.042 0.102
8.875 548.8 437.176
0.059 0.051 0.112
17.75 548.8 431.652
0.075 0.057 0.120
17.75 548.8 453.375
0.062 0.050 0.113
8.875 548.8 459.688
0.050 0.045 0.106
17.75 548.8 431.652
0.075 0.057 0.120
26.625 548.8 426.128
0.091 0.064 0.128
26.625 548.8 447.063
0.076 0.056 0.120
17.75 548.8 453.375
0.062 0.050 0.113
0 548.8 466
0.044 0.042 0.102
8.875 548.8 459.688
0.050 0.045 0.106
8.875 548.8 482.199
0.042 0.039 0.099
0 548.8 489.3
0.038 0.037 0.095
8.875 548.8 459.688
0.050 0.045 0.106
17.75 548.8 453.375
0.062 0.050 0.113
17.75 548.8 475.098
0.052 0.043 0.106
8.875 548.8 482.199
0.042 0.039 0.099
17.75 548.8 453.375
0.062 0.050 0.113
26.625 548.8 447.063
0.076 0.056 0.120
26.625 548.8 467.997
0.063 0.048 0.112
17.75 548.8 475.098
0.052 0.043 0.106
26.625 548.8 405.194
0.108 0.073 0.136
35.5 548.8 400.458
0.128 0.083 0.148
35.5 548.8 420.604
0.109 0.073 0.139
26.625 548.8 426.128
0.091 0.064 0.128
35.5 548.8 400.458
0.128 0.083 0.148
44.375 548.8 395.723
0.149 0.094 0.160
44.375 548.8 415.08
0.129 0.083 0.150
35.5 548.8 420.604
0.109 0.073 0.139
44.375 548.8 395.723
0.149 0.094 0.160
53.25 548.8 390.988
0.171 0.108 0.175
53.25 548.8 409.556
0.149 0.095 0.163
44.375 548.8 415.08
0.129 0.083 0.150
26.625 548.8 426.128
0.091 0.064 0.128
35.5 548.8 420.604
0.109 0.073 0.139
35.5 548.8 440.75
0.092 0.064 0.130
26.625 548.8 447.063
0.076 0.056 0.120
35.5 548.8 420.604
0.109 0.073 0.139
44.375 548.8 415.08
0.129 0.083 0.150
44.375 548.8 434.438
0.109 0.073 0.140
35.5 548.8 440.75
0.092 0.064 0.130
44.375 548.8 415.08
0.129 0.083 0.150
53.25 548.8 409.556
0.149 0.095 0.163
53.25 548.8 428.125
0.127 0.084 0.152
44.375 548.8 434.438
0.109 0.073 0.140
26.625 548.8 447.063
0.076 0.056 0.120
35.5 548.8 440.75
0.092 0.064 0.130
35.5 548.8 460.896
0.076 0.055 0.121
26.625 548.8 467.997
0.063 0.048 0.112
35.5 548.8 440.75
0.092 0.064 0.130
44.375 548.8 434.438
0.109 0.073 0.140
44.375 548.8 453.795
0.091 0.063 0.130
35.5 548.8 460.896
0.076 0.055 0.121
44.375 548.8 434.438
0.109 0.073 0.140
53.25 548.8 428.125
0.127 0.084 0.152
53.25 548.8 446.694
0.107 0.072 0.140
44.375 548.8 453.795
0.091 0.063 0.130
53.25 548.8 390.988
0.171 0.108 0.175
62.125 548.8 386.252
0.193 0.125 0.191
62.125 548.8 404.032
0.170 0.111 0.178
53.25 548.8 409.556
0.149 0.095 0.163
62.125 548.8 386.252
0.193 0.125 0.191
71 548.8 381.517
0.218 0.146 0.213
71 548.8 398.508
0.194 0.130 0.198
62.125 548.8 404.032
0.170 0.111 0.178
71 548.8 381.517
0.218 0.146 0.213
79.875 548.8 376.781
0.247 0.173 0.239
79.875 548.8 392.984
0.219 0.153 0.220
71 548.8 398.508
0.194 0.130 0.198
53.25 548.8 409.556
0.149 0.095 0.163
62.125 548.8 404.032
0.170 0.111 0.178
62.125 548.8 421.812
0.147 0.097 0.165
53.25 548.8 428.125
0.127 0.084 0.152
62.125 548.8 404.032
0.170 0.111 0.178
71 548.8 398.508
0.194 0.130 0.198
71 548.8 415.5
0.167 0.112 0.181
62.125 548.8 421.812
0.147 0.097 0.165
71 548.8 398.508
0.194 0.130 0.198
79.875 548.8 392.984
0.219 0.153 0.220
79.875 548.8 409.188
0.191 0.133 0.202
71 548.8 415.5
0.167 0.112 0.181
53.25 548.8 428.125
0.127 0.084 0.152
62.125 548.8 421.812
0.147 0.097 0.165
62.125 548.8 439.593
0.124 0.084 0.152
53.25 548.8 446.694
0.107 0.072 0.140
62.125 548.8 421.812
0.147 0.097 0.165
71 548.8 415.5
0.167 0.112 0.181
71 548.8 432.492
0.143 0.097 0.167
62.125 548.8 439.593
0.124 0.084 0.152
71 548.8 415.5
0.167 0.112 0.181
79.875 548.8 409.188
0.191 0.133 0.202
79.875 548.8 425.391
0.165 0.116 0.185
71 548.8 432.492
0.143 0.097 0.167
79.875 548.8 376.781
0.247 0.173 0.239
88.75 548.8 372.046
0.280 0.206 0.271
88.75 548.8 387.46
0.249 0.181 0.249
79.875 548.8 392.984
0.219 0.153 0.220
88.75 548.8 372.046
0.280 0.206 0.271
97.625 548.8 367.31
0.320 0.246 0.312
97.625 548.8 381.936
0.285 0.217 0.285
88.75 548.8 387.46
0.249 0.181 0.249
97.625 548.8 367.31
0.320 0.246 0.312
106.5 548.8 362.575
0.370 0.298 0.362
106.5 548.8 376.412
0.331 0.264 0.330
97.625 548.8 381.936
0.285 0.217 0.285
79.875 548.8 392.984
0.219 0.153 0.220
88.75 548.8 387.46
0.249 0.181 0.249
88.75 548.8 402.875
0.219 0.159 0.227
79.875 548.8 409.188
0.191 0.133 0.202
88.75 548.8 387.46
0.249 0.181 0.249
97.625 548.8 381.936
0.285 0.217 0.285
97.625 548.8 396.562
0.252 0.190 0.259
88.75 548.8 402.875
0.219 0.159 0.227
97.625 548.8 381.936
0.285 0.217 0.285
106.5 548.8 376.412
0.331 0.264 0.330
106.5 548.8 390.25
0.294 0.232 0.300
97.625 548.8 396.562
0.252 0.190 0.259
79.875 548.8 409.188
0.191 0.133 0.202
88.75 548.8 402.875
0.219 0.159 0.227
88.75 548.8 418.29
0.190 0.137 0.206
79.875 548.8 425.391
0.165 0.116 0.185
88.75 548.8 402.875
0.219 0.159 0.227
97.625 548.8 396.562
0.252 0.190 0.259
97.625 548.8 411.189
0.221 0.165 0.236
88.75 548.8 418.29
0.190 0.137 0.206
97.625 548.8 396.562
0.252 0.190 0.259
106.5 548.8 390.25
0.294 0.232 0.300
106.5 548.8 404.087
0.258 0.202 0.271
97.625 548.8 411.189
0.221 0.165 0.236
106.5 548.8 362.575
0.370 0.298 0.362
115.375 548.8 357.84
0.437 0.366 0.427
115.375 548.8 370.889
0.392 0.325 0.388
106.5 548.8 376.412
0.331 0.264 0.330
115.375 548.8 357.84
0.437 0.366 0.427
124.25 548.8 353.104
0.523 0.454 0.514
124.25 548.8 365.365
0.468 0.403 0.464
115.375 548.8 370.889
0.392 0.325 0.388
124.25 548.8 353.104
0.523 0.454 0.514
133.125 548.8 348.369
0.635 0.570 0.628
133.125 548.8 359.841
0.571 0.508 0.568
124.25 548.8 365.365
0.468 0.403 0.464
106.5 548.8 376.412
0.331 0.264 0.330
115.375 548.8 370.889
0.392 0.325 0.388
115.375 548.8 383.938
0.348 0.285 0.350
106.5 548.8 390.25
0.294 0.232 0.300
115.375 548.8 370.889
0.392 0.325 0.388
124.25 548.8 365.365
0.468 0.403 0.464
124.25 548.8 377.625
0.415 0.354 0.417
115.375 548.8 383.938
0.348 0.285 0.350
124.25 548.8 365.365
0.468 0.403 0.464
133.125 548.8 359.841
0.571 0.508 0.568
133.125 548.8 371.313
0.508 0.449 0.510
124.25 548.8 377.625
0.415 0.354 0.417
106.5 548.8 390.25
0.294 0.232 0.300
115.375 548.8 383.938
0.348 0.285 0.350
115.375 548.8 396.986
0.305 0.248 0.315
106.5 548.8 404.087
0.258 0.202 0.271
115.375 548.8 383.938
0.348 0.285 0.350
124.25 548.8 377.625
0.415 0.354 0.417
124.25 548.8 389.885
0.367 0.309 0.375
115.375 548.8 396.986
0.305 0.248 0.315
124.25 548.8 377.625
0.415 0.354 0.417
133.125 548.8 371.313
0.508 0.449 0.510
133.125 548.8 382.784
0.450 0.394 0.458
124.25 548.8 389.885
0.367 0.309 0.375
133.125 548.8 348.369
0.635 0.570 0.628
142 548.8 343.633
0.789 0.728 0.782
142 548.8 354.317
0.710 0.651 0.708
133.125 548.8 359.841
0.571 0.508 0.568
142 548.8 343.633
0.789 0.728 0.782
150.875 548.8 338.898
0.999 0.940 0.992
150.875 548.8 348.793
0.902 0.844 0.899
142 548.8 354.317
0.710 0.651 0.708
150.875 548.8 338.898
0.999 0.940 0.992
159.75 548.8 334.162
1.289 1.233 1.280
159.75 548.8 343.269
1.165 1.110 1.159
150.875 548.8 348.793
0.902 0.844 0.899
133.125 548.8 359.841
0.571 0.508 0.568
142 548.8 354.317
0.710 0.651 0.708
142 548.8 365
0.633 0.576 0.635
133.125 548.8 371.313
0.508 0.449 0.510
142 548.8 354.317
0.710 0.651 0.708
150.875 548.8 348.793
0.902 0.844 0.899
150.875 548.8 358.688
0.804 0.749 0.805
142 548.8 365
0.633 0.576 0.635
150.875 548.8 348.793
0.902 0.844 0.899
159.75 548.8 343.269
1.165 1.110 1.159
159.75 548.8 352.375
1.046 0.993 1.044
150.875 548.8 358.688
0.804 0.749 0.805
133.125 548.8 371.313
0.508 0.449 0.510
142 548.8 365
0.633 0.576 0.635
142 548.8 375.683
0.560 0.507 0.567
133.125 548.8 382.784
0.450 0.394 0.458
142 548.8 365
0.633 0.576 0.635
150.875 548.8 358.688
0.804 0.749 0.805
150.875 548.8 368.582
0.713 0.661 0.719
142 548.8 375.683
0.560 0.507 0.567
150.875 548.8 358.688
0.804 0.749 0.805
159.75 548.8 352.375
1.046 0.993 1.044
159.75 548.8 361.481
0.933 0.882 0.936
150.875 548.8 368.582
0.713 0.661 0.719
159.75 548.8 334.162
1.289 1.233 1.280
168.625 548.8 329.427
1.690 1.639 1.679
168.625 548.8 337.745
1.533 1.483 1.525
159.75 548.8 343.269
1.165 1.110 1.159
168.625 548.8 329.427
1.690 1.639 1.679
177.5 548.8 324.692
2.255 2.208 2.244
177.5 548.8 332.221
2.059 2.012 2.050
168.625 548.8 337.745
1.533 1.483 1.525
177.5 548.8 324.692
2.255 2.208 2.244
186.375 548.8 319.956
3.043 3.000 3.032
186.375 548.8 326.697
2.801 2.758 2.792
177.5 548.8 332.221
2.059 2.012 2.050
159.75 548.8 343.269
1.165 1.110 1.159
168.625 548.8 337.745
1.533 1.483 1.525
168.625 548.8 346.062
1.385 1.336 1.382
159.75 548.8 352.375
1.046 0.993 1.044
168.625 548.8 337.745
1.533 1.483 1.525
177.5 548.8 332.221
2.059 2.012 2.050
177.5 548.8 339.75
1.869 1.823 1.863
168.625 548.8 346.062
1.385 1.336 1.382
177.5 548.8 332.221
2.059 2.012 2.050
186.375 548.8 326.697
2.801 2.758 2.792
186.375 548.8 333.438
2.563 2.520 2.555
177.5 548.8 339.75
1.869 1.823 1.863
159.75 548.8 352.375
1.046 0.993 1.044
168.625 548.8 346.062
1.385 1.336 1.382
168.625 548.8 354.38
1.243 1.195 1.243
159.75 548.8 361.481
0.933 0.882 0.936
168.625 548.8 346.062
1.385 1.336 1.382
177.5 548.8 339.75
1.869 1.823 1.863
177.5 548.8 347.279
1.689 1.644 1.686
168.625 548.8 354.38
1.243 1.195 1.243
177.5 548.8 339.75
1.869 1.823 1.863
186.375 548.8 333.438
2.563 2.520 2.555
186.375 548.8 340.178
2.335 2.292 2.329
177.5 548.8 347.279
1.689 1.644 1.686
186.375 548.8 319.956
3.043 3.000 3.032
195.25 548.8 315.221
4.126 4.085 4.113
195.25 548.8 321.173
3.830 3.790 3.819
186.375 548.8 326.697
2.801 2.758 2.792
195.25 548.8 315.221
4.126 4.085 4.113
204.125 548.8 310.485
5.566 5.530 5.553
204.125 548.8 315.649
5.220 5.184 5.208
195.25 548.8 321.173
3.830 3.790 3.819
204.125 548.8 310.485
5.566 5.530 5.553
213 548.8 305.75
6.380 6.348 6.368
213 548.8 310.125
6.015 5.982 6.003
204.125 548.8 315.649
5.220 5.184 5.208
186.375 548.8 326.697
2.801 2.758 2.792
195.25 548.8 321.173
3.830 3.790 3.819
195.25 548.8 327.125
3.539 3.499 3.530
186.375 548.8 333.438
2.563 2.520 2.555
195.25 548.8 321.173
3.830 3.790 3.819
204.125 548.8 315.649
5.220 5.184 5.208
204.125 548.8 320.812
4.873 4.838 4.863
195.25 548.8 327.125
3.539 3.499 3.530
204.125 548.8 315.649
5.220 5.184 5.208
213 548.8 310.125
6.015 5.982 6.003
213 548.8 314.5
5.641 5.609 5.630
204.125 548.8 320.812
4.873 4.838 4.863
186.375 548.8 333.438
2.563 2.520 2.555
195.25 548.8 327.125
3.539 3.499 3.530
195.25 548.8 333.077
3.257 3.217 3.250
186.375 548.8 340.178
2.335 2.292 2.329
195.25 548.8 327.125
3.539 3.499 3.530
204.125 548.8 320.812
4.873 4.838 4.863
204.125 548.8 325.976
4.536 4.501 4.527
195.25 548.8 333.077
3.257 3.217 3.250
204.125 548.8 320.812
4.873 4.838 4.863
213 548.8 314.5
5.641 5.609 5.630
213 548.8 318.875
5.275 5.243 5.265
204.125 548.8 325.976
4.536 4.501 4.527
0 548.8 489.3
0.038 0.037 0.095
8.875 548.8 482.199
0.042 0.039 0.099
8.875 548.8 504.71
0.036 0.034 0.093
0 548.8 512.6
0.033 0.032 0.089
8.875 548.8 482.199
0.042 0.039 0.099
17.75 548.8 475.098
0.052 0.043 0.106
17.75 548.8 496.821
0.043 0.037 0.098
8.875 548.8 504.71
0.036 0.034 0.093
17.75 548.8 475.098
0.052 0.043 0.106
26.625 548.8 467.997
0.063 0.048 0.112
26.625 548.8 488.931
0.052 0.042 0.104
17.75 548.8 496.821
0.043 0.037 0.098
0 548.8 512.6
0.033 0.032 0.089
8.875 548.8 504.71
0.036 0.034 0.093
8.875 548.8 527.222
0.030 0.029 0.086
0 548.8 535.9
0.028 0.028 0.083
8.875 548.8 504.71
0.036 0.034 0.093
17.75 548.8 496.821
0.043 0.037 0.098
17.75 548.8 518.544
0.036 0.032 0.092
8.875 548.8 527.222
0.030 0.029 0.086
17.75 548.8 496.821
0.043 0.037 0.098
26.625 548.8 488.931
0.052 0.042 0.104
26.625 548.8 509.866
0.044 0.036 0.098
17.75 548.8 518.544
0.036 0.032 0.092
0 548.8 535.9
0.028 0.028 0.083
8.875 548.8 527.222
0.030 0.029 0.086
8.875 548.8 549.733
0.028 0.027 0.084
0 548.8 559.2
0.026 0.026 0.082
8.875 548.8 527.222
0.030 0.029 0.086
17.75 548.8 518.544
0.036 0.032 0.092
17.75 548.8 540.267
0.034 0.030 0.089
8.875 548.8 549.733
0.028 0.027 0.084
17.75 548.8 518.544
0.036 0.032 0.092
26.625 548.8 509.866
0.044 0.036 0.098
26.625 548.8 530.8
0.040 0.034 0.095
17.75 548.8 540.267
0.034 0.030 0.089
26.625 548.8 467.997
0.063 0.048 0.112
35.5 548.8 460.896
0.076 0.055 0.121
35.5 548.8 481.042
0.063 0.048 0.112
26.625 548.8 488.931
0.052 0.042 0.104
35.5 548.8 460.896
0.076 0.055 0.121
44.375 548.8 453.795
0.091 0.063 0.130
44.375 548.8 473.152
0.075 0.054 0.120
35.5 548.8 481.042
0.063 0.048 0.112
44.375 548.8 453.795
0.091 0.063 0.130
53.25 548.8 446.694
0.107 0.072 0.140
53.25 548.8 465.263
0.089 0.062 0.129
44.375 548.8 473.152
0.075 0.054 0.120
26.625 548.8 488.931
0.052 0.042 0.104
35.5 548.8 481.042
0.063 0.048 0.112
35.5 548.8 501.188
0.052 0.041 0.104
26.625 548.8 509.866
0.044 0.036 0.098
35.5 548.8 481.042
0.063 0.048 0.112
44.375 548.8 473.152
0.075 0.054 0.120
44.375 548.8 492.509
0.062 0.046 0.112
35.5 548.8 501.188
0.052 0.041 0.104
44.375 548.8 473.152
0.075 0.054 0.120
53.25 548.8 465.263
0.089 0.062 0.129
53.25 548.8 483.831
0.074 0.053 0.120
44.375 548.8 492.509
0.062 0.046 0.112
26.625 548.8 509.866
0.044 0.036 0.098
35.5 548.8 501.188
0.052 0.041 0.104
35.5 548.8 521.333
0.047 0.038 0.102
26.625 548.8 530.8
0.040 0.034 0.095
35.5 548.8 501.188
0.052 0.041 0.104
44.375 548.8 492.509
0.062 0.046 0.112
44.375 548.8 511.867
0.056 0.043 0.109
35.5 548.8 521.333
0.047 0.038 0.102
44.375 548.8 492.509
0.062 0.046 0.112
53.25 548.8 483.831
0.074 0.053 0.120
53.25 548.8 502.4
0.067 0.050 0.116
44.375 548.8 511.867
0.056 0.043 0.109
53.25 548.8 446.694
0.107 0.072 0.140
62.125 548.8 439.593
0.124 0.084 0.152
62.125 548.8 457.373
0.104 0.072 0.140
53.25 548.8 465.263
0.089 0.062 0.129
62.125 548.8 439.593
0.124 0.084 0.152
71 548.8 432.492
0.143 0.097 0.167
71 548.8 449.483
0.122 0.084 0.153
62.125 548.8 457.373
0.104 0.072 0.140
71 548.8 432.492
0.143 0.097 0.167
79.875 548.8 425.391
0.165 0.116 0.185
79.875 548.8 441.594
0.142 0.100 0.169
71 548.8 449.483
0.122 0.084 0.153
53.25 548.8 465.263
0.089 0.062 0.129
62.125 548.8 457.373
0.104 0.072 0.140
62.125 548.8 475.153
0.087 0.062 0.130
53.25 548.8 483.831
0.074 0.053 0.120
62.125 548.8 457.373
0.104 0.072 0.140
71 548.8 449.483
0.122 0.084 0.153
71 548.8 466.475
0.103 0.072 0.142
62.125 548.8 475.153
0.087 0.062 0.130
71 548.8 449.483
0.122 0.084 0.153
79.875 548.8 441.594
0.142 0.100 0.169
79.875 548.8 457.797
0.120 0.086 0.155
71 548.8 466.475
0.103 0.072 0.142
53.25 548.8 483.831
0.074 0.053 0.120
62.125 548.8 475.153
0.087 0.062 0.130
62.125 548.8 492.933
0.079 0.058 0.126
53.25 548.8 502.4
0.067 0.050 0.116
62.125 548.8 475.153
0.087 0.062 0.130
71 548.8 466.475
0.103 0.072 0.142
71 548.8 483.467
0.093 0.067 0.137
62.125 548.8 492.933
0.079 0.058 0.126
71 548.8 466.475
0.103 0.072 0.142
79.875 548.8 457.797
0.120 0.086 0.155
79.875 548.8 474
0.109 0.079 0.150
71 548.8 483.467
0.093 0.067 0.137
79.875 548.8 425.391
0.165 0.116 0.185
88.75 548.8 418.29
0.190 0.137 0.206
88.75 548.8 433.704
0.164 0.119 0.188
79.875 548.8 441.594
0.142 0.100 0.169
88.75 548.8 418.29
0.190 0.137 0.206
97.625 548.8 411.189
0.221 0.165 0.236
97.625 548.8 425.815
0.191 0.142 0.214
88.75 548.8 433.704
0.164 0.119 0.188
97.625 548.8 411.189
0.221 0.165 0.236
106.5 548.8 404.087
0.258 0.202 0.271
106.5 548.8 417.925
0.224 0.174 0.245
97.625 548.8 425.815
0.191 0.142 0.214
79.875 548.8 441.594
0.142 0.100 0.169
88.75 548.8 433.704
0.164 0.119 0.188
88.75 548.8 449.119
0.141 0.102 0.173
79.875 548.8 457.797
0.120 0.086 0.155
88.75 548.8 433.704
0.164 0.119 0.188
97.625 548.8 425.815
0.191 0.142 0.214
97.625 548.8 440.441
0.166 0.123 0.195
88.75 548.8 449.119
0.141 0.102 0.173
97.625 548.8 425.815
0.191 0.142 0.214
106.5 548.8 417.925
0.224 0.174 0.245
106.5 548.8 431.763
0.195 0.150 0.223
97.625 548.8 440.441
0.166 0.123 0.195
79.875 548.8 457.797
0.120 0.086 0.155
88.75 548.8 449.119
0.141 0.102 0.173
88.75 548.8 464.533
0.129 0.095 0.167
79.875 548.8 474
0.109 0.079 0.150
88.75 548.8 449.119
0.141 0.102 0.173
97.625 548.8 440.441
0.166 0.123 0.195
97.625 548.8 455.067
0.152 0.114 0.188
88.75 548.8 464.533
0.129 0.095 0.167
97.625 548.8 440.441
0.166 0.123 0.195
106.5 548.8 431.763
0.195 0.150 0.223
106.5 548.8 445.6
0.180 0.140 0.213
97.625 548.8 455.067
0.152 0.114 0.188
106.5 548.8 404.087
0.258 0.202 0.271
115.375 548.8 396.986
0.305 0.248 0.315
115.375 548.8 410.035
0.267 0.215 0.284
106.5 548.8 417.925
0.224 0.174 0.245
115.375 548.8 396.986
0.305 0.248 0.315
124.25 548.8 389.885
0.367 0.309 0.375
124.25 548.8 402.146
0.323 0.269 0.337
115.375 548.8 410.035
0.267 0.215 0.284
124.25 548.8 389.885
0.367 0.309 0.375
133.125 548.8 382.784
0.450 0.394 0.458
133.125 548.8 394.256
0.395 0.342 0.408
124.25 548.8 402.146
0.323 0.269 0.337
106.5 548.8 417.925
0.224 0.174 0.245
115.375 548.8 410.035
0.267 0.215 0.284
115.375 548.8 423.084
0.233 0.185 0.256
106.5 548.8 431.763
0.195 0.150 0.223
115.375 548.8 410.035
0.267 0.215 0.284
124.25 548.8 402.146
0.323 0.269 0.337
124.25 548.8 414.406
0.281 0.232 0.302
115.375 548.8 423.084
0.233 0.185 0.256
124.25 548.8 402.146
0.323 0.269 0.337
133.125 548.8 394.256
0.395 0.342 0.408
133.125 548.8 405.728
0.344 0.296 0.364
124.25 548.8 414.406
0.281 0.232 0.302
106.5 548.8 431.763
0.195 0.150 0.223
115.375 548.8 423.084
0.233 0.185 0.256
115.375 548.8 436.133
0.215 0.173 0.245
106.5 548.8 445.6
0.180 0.140 0.213
115.375 548.8 423.084
0.233 0.185 0.256
124.25 548.8 414.406
0.281 0.232 0.302
124.25 548.8 426.667
0.260 0.215 0.287
115.375 548.8 436.133
0.215 0.173 0.245
124.25 548.8 414.406
0.281 0.232 0.302
133.125 548.8 405.728
0.344 0.296 0.364
133.125 548.8 417.2
0.321 0.276 0.345
124.25 548.8 426.667
0.260 0.215 0.287
133.125 548.8 382.784
0.450 0.394 0.458
142 548.8 375.683
0.560 0.507 0.567
142 548.8 386.367
0.492 0.442 0.505
133.125 548.8 394.256
0.395 0.342 0.408
142 548.8 375.683
0.560 0.507 0.567
150.875 548.8 368.582
0.713 0.661 0.719
150.875 548.8 378.477
0.630 0.580 0.642
142 548.8 386.367
0.492 0.442 0.505
150.875 548.8 368.582
0.713 0.661 0.719
159.75 548.8 361.481
0.933 0.882 0.936
159.75 548.8 370.587
0.828 0.779 0.835
150.875 548.8 378.477
0.630 0.580 0.642
133.125 548.8 394.256
0.395 0.342 0.408
142 548.8 386.367
0.492 0.442 0.505
142 548.8 397.05
0.431 0.384 0.449
133.125 548.8 405.728
0.344 0.296 0.364
142 548.8 386.367
0.492 0.442 0.505
150.875 548.8 378.477
0.630 0.580 0.642
150.875 548.8 388.372
0.554 0.506 0.571
142 548.8 397.05
0.431 0.384 0.449
150.875 548.8 378.477
0.630 0.580 0.642
159.75 548.8 370.587
0.828 0.779 0.835
159.75 548.8 379.694
0.730 0.683 0.743
150.875 548.8 388.372
0.554 0.506 0.571
133.125 548.8 405.728
0.344 0.296 0.364
142 548.8 397.05
0.431 0.384 0.449
142 548.8 407.733
0.405 0.360 0.427
133.125 548.8 417.2
0.321 0.276 0.345
142 548.8 397.05
0.431 0.384 0.449
150.875 548.8 388.372
0.554 0.506 0.571
150.875 548.8 398.267
0.521 0.476 0.542
142 548.8 407.733
0.405 0.360 0.427
150.875 548.8 388.372
0.554 0.506 0.571
159.75 548.8 379.694
0.730 0.683 0.743
159.75 548.8 388.8
0.689 0.644 0.707
150.875 548.8 398.267
0.521 0.476 0.542
159.75 548.8 361.481
0.933 0.882 0.936
168.625 548.8 354.38
1.243 1.195 1.243
168.625 548.8 362.698
1.109 1.063 1.113
159.75 548.8 370.587
0.828 0.779 0.835
168.625 548.8 354.38
1.243 1.195 1.243
177.5 548.8 347.279
1.689 1.644 1.686
177.5 548.8 354.808
1.519 1.476 1.520
168.625 548.8 362.698
1.109 1.063 1.113
177.5 548.8 347.279
1.689 1.644 1.686
186.375 548.8 340.178
2.335 2.292 2.329
186.375 548.8 346.919
2.119 2.078 2.117
177.5 548.8 354.808
1.519 1.476 1.520
159.75 548.8 370.587
0.828 0.779 0.835
168.625 548.8 362.698
1.109 1.063 1.113
168.625 548.8 371.016
0.983 0.939 0.992
159.75 548.8 379.694
0.730 0.683 0.743
168.625 548.8 362.698
1.109 1.063 1.113
177.5 548.8 354.808
1.519 1.476 1.520
177.5 548.8 362.337
1.357 1.315 1.361
168.625 548.8 371.016
0.983 0.939 0.992
177.5 548.8 354.808
1.519 1.476 1.520
186.375 548.8 346.919
2.119 2.078 2.117
186.375 548.8 353.659
1.913 1.872 1.913
177.5 548.8 362.337
1.357 1.315 1.361
159.75 548.8 379.694
0.730 0.683 0.743
168.625 548.8 371.016
0.983 0.939 0.992
168.625 548.8 379.333
0.935 0.892 0.947
159.75 548.8 388.8
0.689 0.644 0.707
168.625 548.8 371.016
0.983 0.939 0.992
177.5 548.8 362.337
1.357 1.315 1.361
177.5 548.8 369.867
1.302 1.262 1.308
168.625 548.8 379.333
0.935 0.892 0.947
177.5 548.8 362.337
1.357 1.315 1.361
186.375 548.8 353.659
1.913 1.872 1.913
186.375 548.8 360.4
1.848 1.809 1.851
177.5 548.8 369.867
1.302 1.262 1.308
186.375 548.8 340.178
2.335 2.292 2.329
195.25 548.8 333.077
3.257 3.217 3.250
195.25 548.8 339.029
2.987 2.947 2.982
186.375 548.8 346.919
2.119 2.078 2.117
195.25 548.8 333.077
3.257 3.217 3.250
204.125 548.8 325.976
4.536 4.501 4.527
204.125 548.8 331.14
4.209 4.174 4.201
195.25 548.8 339.029
2.987 2.947 2.982
204.125 548.8 325.976
4.536 4.501 4.527
213 548.8 318.875
5.275 5.243 5.265
213 548.8 323.25
4.919 4.887 4.910
204.125 548.8 331.14
4.209 4.174 4.201
186.375 548.8 346.919
2.119 2.078 2.117
195.25 548.8 339.029
2.987 2.947 2.982
195.25 548.8 344.981
2.730 2.691 2.727
186.375 548.8 353.659
1.913 1.872 1.913
195.25 548.8 339.029
2.987 2.947 2.982
204.125 548.8 331.14
4.209 4.174 4.201
204.125 548.8 336.303
3.900 3.865 3.893
195.25 548.8 344.981
2.730 2.691 2.727
204.125 548.8 331.14
4.209 4.174 4.201
213 548.8 323.25
4.919 4.887 4.910
213 548.8 327.625
4.583 4.551 4.575
204.125 548.8 336.303
3.900 3.865 3.893
186.375 548.8 353.659
1.913 1.872 1.913
195.25 548.8 344.981
2.730 2.691 2.727
195.25 548.8 350.933
2.657 2.619 2.656
186.375 548.8 360.4
1.848 1.809 1.851
195.25 548.8 344.981
2.730 2.691 2.727
204.125 548.8 336.303
3.900 3.865 3.893
204.125 548.8 341.467
3.821 3.787 3.816
195.25 548.8 350.933
2.657 2.619 2.656
204.125 548.8 336.303
3.900 3.865 3.893
213 548.8 327.625
4.583 4.551 4.575
213 548.8 332
4.503 4.471 4.496
204.125 548.8 341.467
3.821 3.787 3.816
0 548.8 559.2
0.026 0.026 0.082
8.875 548.8 549.733
0.028 0.027 0.084
31.3021 548.8 549.733
0.032 0.029 0.089
23.1667 548.8 559.2
0.030 0.027 0.087
8.875 548.8 549.733
0.028 0.027 0.084
17.75 548.8 540.267
0.034 0.030 0.089
39.4375 548.8 540.267
0.038 0.032 0.094
31.3021 548.8 549.733
0.032 0.029 0.089
17.75 548.8 540.267
0.034 0.030 0.089
26.625 548.8 530.8
0.040 0.034 0.095
47.5729 548.8 530.8
0.045 0.036 0.100
39.4375 548.8 540.267
0.038 0.032 0.094
23.1667 548.8 559.2
0.030 0.027 0.087
31.3021 548.8 549.733
0.032 0.029 0.089
53.7292 548.8 549.733
0.040 0.033 0.097
46.3333 548.8 559.2
0.037 0.031 0.094
31.3021 548.8 549.733
0.032 0.029 0.089
39.4375 548.8 540.267
0.038 0.032 0.094
61.125 548.8 540.267
0.046 0.037 0.102
53.7292 548.8 549.733
0.040 0.033 0.097
39.4375 548.8 540.267
0.038 0.032 0.094
47.5729 548.8 530.8
0.045 0.036 0.100
68.5208 548.8 530.8
0.053 0.042 0.109
61.125 548.8 540.267
0.046 0.037 0.102
46.3333 548.8 559.2
0.037 0.031 0.094
53.7292 548.8 549.733
0.040 0.033 0.097
76.1562 548.8 549.733
0.047 0.037 0.105
69.5 548.8 559.2
0.044 0.035 0.102
53.7292 548.8 549.733
0.040 0.033 0.097
61.125 548.8 540.267
0.046 0.037 0.102
82.8125 548.8 540.267
0.053 0.042 0.111
76.1562 548.8 549.733
0.047 0.037 0.105
61.125 548.8 540.267
0.046 0.037 0.102
68.5208 548.8 530.8
0.053 0.042 0.109
89.4688 548.8 530.8
0.061 0.048 0.118
82.8125 548.8 540.267
0.053 0.042 0.111
26.625 548.8 530.8
0.040 0.034 0.095
35.5 548.8 521.333
0.047 0.038 0.102
55.7083 548.8 521.333
0.052 0.041 0.107
47.5729 548.8 530.8
0.045 0.036 0.100
35.5 548.8 521.333
0.047 0.038 0.102
44.375 548.8 511.867
0.056 0.043 0.109
63.8438 548.8 511.867
0.061 0.046 0.115
55.7083 548.8 521.333
0.052 0.041 0.107
44.375 548.8 511.867
0.056 0.043 0.109
53.25 548.8 502.4
0.067 0.050 0.116
71.9792 548.8 502.4
0.072 0.054 0.123
63.8438 548.8 511.867
0.061 0.046 0.115
47.5729 548.8 530.8
0.045 0.036 0.100
55.7083 548.8 521.333
0.052 0.041 0.107
75.9167 548.8 521.333
0.061 0.047 0.117
68.5208 548.8 530.8
0.053 0.042 0.109
55.7083 548.8 521.333
0.052 0.041 0.107
63.8438 548.8 511.867
0.061 0.046 0.115
83.3125 548.8 511.867
0.070 0.054 0.125
75.9167 548.8 521.333
0.061 0.047 0.117
63.8438 548.8 511.867
0.061 0.046 0.115
71.9792 548.8 502.4
0.072 0.054 0.123
90.7083 548.8 502.4
0.082 0.063 0.134
83.3125 548.8 511.867
0.070 0.054 0.125
68.5208 548.8 530.8
0.053 0.042 0.109
75.9167 548.8 521.333
0.061 0.047 0.117
96.125 548.8 521.333
0.070 0.054 0.127
89.4688 548.8 530.8
0.061 0.048 0.118
75.9167 548.8 521.333
0.061 0.047 0.117
83.3125 548.8 511.867
0.070 0.054 0.125
102.781 548.8 511.867
0.079 0.062 0.136
96.125 548.8 521.333
0.070 0.054 0.127
83.3125 548.8 511.867
0.070 0.054 0.125
90.7083 548.8 502.4
0.082 0.063 0.134
109.438 548.8 502.4
0.092 0.072 0.145
102.781 548.8 511.867
0.079 0.062 0.136
53.25 548.8 502.4
0.067 0.050 0.116
62.125 548.8 492.933
0.079 0.058 0.126
80.1146 548.8 492.933
0.085 0.063 0.133
71.9792 548.8 502.4
0.072 0.054 0.123
62.125 548.8 492.933
0.079 0.058 0.126
71 548.8 483.467
0.093 0.067 0.137
88.25 548.8 483.467
0.098 0.073 0.145
80.1146 548.8 492.933
0.085 0.063 0.133
71 548.8 483.467
0.093 0.067 0.137
79.875 548.8 474
0.109 0.079 0.150
96.3854 548.8 474
0.115 0.086 0.159
88.25 548.8 483.467
0.098 0.073 0.145
71.9792 548.8 502.4
0.072 0.054 0.123
80.1146 548.8 492.933
0.085 0.063 0.133
98.1042 548.8 492.933
0.096 0.074 0.146
90.7083 548.8 502.4
0.082 0.063 0.134
80.1146 548.8 492.933
0.085 0.063 0.133
88.25 548.8 483.467
0.098 0.073 0.145
105.5 548.8 483.467
0.111 0.085 0.160
98.1042 548.8 492.933
0.096 0.074 0.146
88.25 548.8 483.467
0.098 0.073 0.145
96.3854 548.8 474
0.115 0.086 0.159
112.896 548.8 474
0.129 0.100 0.176
105.5 548.8 483.467
0.111 0.085 0.160
90.7083 548.8 502.4
0.082 0.063 0.134
98.1042 548.8 492.933
0.096 0.074 0.146
116.094 548.8 492.933
0.107 0.085 0.159
109.438 548.8 502.4
0.092 0.072 0.145
98.1042 548.8 492.933
0.096 0.074 0.146
105.5 548.8 483.467
0.111 0.085 0.160
122.75 548.8 483.467
0.124 0.099 0.174
116.094 548.8 492.933
0.107 0.085 0.159
105.5 548.8 483.467
0.111 0.085 0.160
112.896 548.8 474
0.129 0.100 0.176
129.406 548.8 474
0.144 0.117 0.193
122.75 548.8 483.467
0.124 0.099 0.174
79.875 548.8 474
0.109 0.079 0.150
88.75 548.8 464.533
0.129 0.095 0.167
104.521 548.8 464.533
0.135 0.103 0.178
96.3854 548.8 474
0.115 0.086 0.159
88.75 548.8 464.533
0.129 0.095 0.167
97.625 548.8 455.067
0.152 0.114 0.188
112.656 548.8 455.067
0.160 0.124 0.200
104.521 548.8 464.533
0.135 0.103 0.178
97.625 548.8 455.067
0.152 0.114 0.188
106.5 548.8 445.6
0.180 0.140 0.213
120.792 548.8 445.6
0.190 0.152 0.228
112.656 548.8 455.067
0.160 0.124 0.200
96.3854 548.8 474
0.115 0.086 0.159
104.521 548.8 464.533
0.135 0.103 0.178
120.292 548.8 464.533
0.152 0.121 0.198
112.896 548.8 474
0.129 0.100 0.176
104.521 548.8 464.533
0.135 0.103 0.178
112.656 548.8 455.067
0.160 0.124 0.200
127.688 548.8 455.067
0.179 0.146 0.223
120.292 548.8 464.533
0.152 0.121 0.198
112.656 548.8 455.067
0.160 0.124 0.200
120.792 548.8 445.6
0.190 0.152 0.228
135.083 548.8 445.6
0.215 0.179 0.256
127.688 548.8 455.067
0.179 0.146 0.223
112.896 548.8 474
0.129 0.100 0.176
120.292 548.8 464.533
0.152 0.121 0.198
136.062 548.8 464.533
0.170 0.141 0.218
129.406 548.8 474
0.144 0.117 0.193
120.292 548.8 464.533
0.152 0.121 0.198
127.688 548.8 455.067
0.179 0.146 0.223
142.719 548.8 455.067
0.203 0.171 0.248
136.062 548.8 464.533
0.170 0.141 0.218
127.688 548.8 455.067
0.179 0.146 0.223
135.083 548.8 445.6
0.215 0.179 0.256
149.375 548.8 445.6
0.245 0.212 0.289
142.719 548.8 455.067
0.203 0.171 0.248
106.5 548.8 445.6
0.180 0.140 0.213
115.375 548.8 436.133
0.215 0.173 0.245
128.927 548.8 436.133
0.229 0.189 0.263
120.792 548.8 445.6
0.190 0.152 0.228
115.375 548.8 436.133
0.215 0.173 0.245
124.25 548.8 426.667
0.260 0.215 0.287
137.062 548.8 426.667
0.278 0.238 0.310
128.927 548.8 436.133
0.229 0.189 0.263
124.25 548.8 426.667
0.260 0.215 0.287
133.125 548.8 417.2
0.321 0.276 0.345
145.198 548.8 417.2
0.346 0.305 0.375
137.062 548.8 426.667
0.278 0.238 0.310
120.792 548.8 445.6
0.190 0.152 0.228
128.927 548.8 436.133
0.229 0.189 0.263
142.479 548.8 436.133
0.260 0.224 0.298
135.083 548.8 445.6
0.215 0.179 0.256
128.927 548.8 436.133
0.229 0.189 0.263
137.062 548.8 426.667
0.278 0.238 0.310
149.875 548.8 426.667
0.321 0.283 0.356
142.479 548.8 436.133
0.260 0.224 0.298
137.062 548.8 426.667
0.278 0.238 0.310
145.198 548.8 417.2
0.346 0.305 0.375
157.271 548.8 417.2
0.404 0.366 0.436
149.875 548.8 426.667
0.321 0.283 0.356
135.083 548.8 445.6
0.215 0.179 0.256
142.479 548.8 436.133
0.260 0.224 0.298
156.031 548.8 436.133
0.300 0.266 0.341
149.375 548.8 445.6
0.245 0.212 0.289
142.479 548.8 436.133
0.260 0.224 0.298
149.875 548.8 426.667
0.321 0.283 0.356
162.688 548.8 426.667
0.373 0.338 0.411
156.031 548.8 436.133
0.300 0.266 0.341
149.875 548.8 426.667
0.321 0.283 0.356
157.271 548.8 417.2
0.404 0.366 0.436
169.344 548.8 417.2
0.474 0.439 0.509
162.688 548.8 426.667
0.373 0.338 0.411
133.125 548.8 417.2
0.321 0.276 0.345
142 548.8 407.733
0.405 0.360 0.427
153.333 548.8 407.733
0.440 0.398 0.467
145.198 548.8 417.2
0.346 0.305 0.375
142 548.8 407.733
0.405 0.360 0.427
150.875 548.8 398.267
0.521 0.476 0.542
161.469 548.8 398.267
0.572 0.530 0.598
153.333 548.8 407.733
0.440 0.398 0.467
150.875 548.8 398.267
0.521 0.476 0.542
159.75 548.8 388.8
0.689 0.644 0.707
169.604 548.8 388.8
0.762 0.721 0.784
161.469 548.8 398.267
0.572 0.530 0.598
145.198 548.8 417.2
0.346 0.305 0.375
153.333 548.8 407.733
0.440 0.398 0.467
164.667 548.8 407.733
0.518 0.479 0.548
157.271 548.8 417.2
0.404 0.366 0.436
153.333 548.8 407.733
0.440 0.398 0.467
161.469 548.8 398.267
0.572 0.530 0.598
172.062 548.8 398.267
0.679 0.640 0.706
164.667 548.8 407.733
0.518 0.479 0.548
161.469 548.8 398.267
0.572 0.530 0.598
169.604 548.8 388.8
0.762 0.721 0.784
179.458 548.8 388.8
0.912 0.875 0.935
172.062 548.8 398.267
0.679 0.640 0.706
157.271 548.8 417.2
0.404 0.366 0.436
164.667 548.8 407.733
0.518 0.479 0.548
176 548.8 407.733
0.614 0.578 0.645
169.344 548.8 417.2
0.474 0.439 0.509
164.667 548.8 407.733
0.518 0.479 0.548
172.062 548.8 398.267
0.679 0.640 0.706
182.656 548.8 398.267
0.811 0.776 0.840
176 548.8 407.733
0.614 0.578 0.645
172.062 548.8 398.267
0.679 0.640 0.706
179.458 548.8 388.8
0.912 0.875 0.935
189.312 548.8 388.8
1.096 1.061 1.121
182.656 548.8 398.267
0.811 0.776 0.840
159.75 548.8 388.8
0.689 0.644 0.707
168.625 548.8 379.333
0.935 0.892 0.947
177.74 548.8 379.333
1.043 1.003 1.056
169.604 548.8 388.8
0.762 0.721 0.784
168.625 548.8 379.333
0.935 0.892 0.947
177.5 548.8 369.867
1.302 1.262 1.308
185.875 548.8 369.867
1.458 1.420 1.466
177.74 548.8 379.333
1.043 1.003 1.056
177.5 548.8 369.867
1.302 1.262 1.308
186.375 548.8 360.4
1.848 1.809 1.851
194.01 548.8 360.4
2.068 2.033 2.073
185.875 548.8 369.867
1.458 1.420 1.466
169.604 548.8 388.8
0.762 0.721 0.784
177.74 548.8 379.333
1.043 1.003 1.056
186.854 548.8 379.333
1.255 1.219 1.270
179.458 548.8 388.8
0.912 0.875 0.935
177.74 548.8 379.333
1.043 1.003 1.056
185.875 548.8 369.867
1.458 1.420 1.466
194.25 548.8 369.867
1.754 1.719 1.763
186.854 548.8 379.333
1.255 1.219 1.270
185.875 548.8 369.867
1.458 1.420 1.466
194.01 548.8 360.4
2.068 2.033 2.073
201.646 548.8 360.4
2.476 2.444 2.482
194.25 548.8 369.867
1.754 1.719 1.763
179.458 548.8 388.8
0.912 0.875 0.935
186.854 548.8 379.333
1.255 1.219 1.270
195.969 548.8 379.333
1.513 1.480 1.530
189.312 548.8 388.8
1.096 1.061 1.121
186.854 548.8 379.333
1.255 1.219 1.270
194.25 548.8 369.867
1.754 1.719 1.763
202.625 548.8 369.867
2.113 2.082 2.123
195.969 548.8 379.333
1.513 1.480 1.530
194.25 548.8 369.867
1.754 1.719 1.763
201.646 548.8 360.4
2.476 2.444 2.482
209.281 548.8 360.4
2.962 2.933 2.966
202.625 548.8 369.867
2.113 2.082 2.123
186.375 548.8 360.4
1.848 1.809 1.851
195.25 548.8 350.933
2.657 2.619 2.656
202.146 548.8 350.933
2.958 2.924 2.957
194.01 548.8 360.4
2.068 2.033 2.073
195.25 548.8 350.933
2.657 2.619 2.656
204.125 548.8 341.467
3.821 3.787 3.816
210.281 548.8 341.467
4.200 4.168 4.194
202.146 548.8 350.933
2.958 2.924 2.957
204.125 548.8 341.467
3.821 3.787 3.816
213 548.8 332
4.503 4.471 4.496
218.417 548.8 332
4.915 4.885 4.907
210.281 548.8 341.467
4.200 4.168 4.194
194.01 548.8 360.4
2.068 2.033 2.073
202.146 548.8 350.933
2.958 2.924 2.957
209.042 548.8 350.933
3.495 3.464 3.493
201.646 548.8 360.4
2.476 2.444 2.482
202.146 548.8 350.933
2.958 2.924 2.957
210.281 548.8 341.467
4.200 4.168 4.194
216.438 548.8 341.467
4.842 4.813 4.834
209.042 548.8 350.933
3.495 3.464 3.493
210.281 548.8 341.467
4.200 4.168 4.194
218.417 548.8 332
4.915 4.885 4.907
223.833 548.8 332
5.599 5.571 5.589
216.438 548.8 341.467
4.842 4.813 4.834
201.646 548.8 360.4
2.476 2.444 2.482
209.042 548.8 350.933
3.495 3.464 3.493
215.938 548.8 350.933
4.108 4.080 4.104
209.281 548.8 360.4
2.962 2.933 2.966
209.042 548.8 350.933
3.495 3.464 3.493
216.438 548.8 341.467
4.842 4.813 4.834
222.594 548.8 341.467
5.536 5.509 5.524
215.938 548.8 350.933
4.108 4.080 4.104
216.438 548.8 341.467
4.842 4.813 4.834
223.833 548.8 332
5.599 5.571 5.589
229.25 548.8 332
6.314 6.288 6.299
222.594 548.8 341.467
5.536 5.509 5.524
69.5 548.8 559.2
0.044 0.035 0.102
76.1562 548.8 549.733
0.047 0.037 0.105
98.5833 548.8 549.733
0.053 0.042 0.113
92.6667 548.8 559.2
0.050 0.040 0.111
76.1562 548.8 549.733
0.047 0.037 0.105
82.8125 548.8 540.267
0.053 0.042 0.111
104.5 548.8 540.267
0.060 0.048 0.119
98.5833 548.8 549.733
0.053 0.042 0.113
82.8125 548.8 540.267
0.053 0.042 0.111
89.4688 548.8 530.8
0.061 0.048 0.118
110.417 548.8 530.8
0.069 0.054 0.127
104.5 548.8 540.267
0.060 0.048 0.119
92.6667 548.8 559.2
0.050 0.040 0.111
98.5833 548.8 549.733
0.053 0.042 0.113
121.01 548.8 549.733
0.059 0.048 0.121
115.833 548.8 559.2
0.057 0.046 0.119
98.5833 548.8 549.733
0.053 0.042 0.113
104.5 548.8 540.267
0.060 0.048 0.119
126.188 548.8 540.267
0.066 0.053 0.127
121.01 548.8 549.733
0.059 0.048 0.121
104.5 548.8 540.267
0.060 0.048 0.119
110.417 548.8 530.8
0.069 0.054 0.127
131.365 548.8 530.8
0.076 0.062 0.137
126.188 548.8 540.267
0.066 0.053 0.127
115.833 548.8 559.2
0.057 0.046 0.119
121.01 548.8 549.733
0.059 0.048 0.121
143.438 548.8 549.733
0.065 0.054 0.130
139 548.8 559.2
0.062 0.051 0.128
121.01 548.8 549.733
0.059 0.048 0.121
126.188 548.8 540.267
0.066 0.053 0.127
147.875 548.8 540.267
0.074 0.061 0.138
143.438 548.8 549.733
0.065 0.054 0.130
126.188 548.8 540.267
0.066 0.053 0.127
131.365 548.8 530.8
0.076 0.062 0.137
152.312 548.8 530.8
0.085 0.070 0.148
147.875 548.8 540.267
0.074 0.061 0.138
89.4688 548.8 530.8
0.061 0.048 0.118
96.125 548.8 521.333
0.070 0.054 0.127
116.333 548.8 521.333
0.078 0.062 0.137
110.417 548.8 530.8
0.069 0.054 0.127
96.125 548.8 521.333
0.070 0.054 0.127
102.781 548.8 511.867
0.079 0.062 0.136
122.25 548.8 511.867
0.088 0.071 0.147
116.333 548.8 521.333
0.078 0.062 0.137
102.781 548.8 511.867
0.079 0.062 0.136
109.438 548.8 502.4
0.092 0.072 0.145
128.167 548.8 502.4
0.102 0.083 0.158
122.25 548.8 511.867
0.088 0.071 0.147
110.417 548.8 530.8
0.069 0.054 0.127
116.333 548.8 521.333
0.078 0.062 0.137
136.542 548.8 521.333
0.087 0.071 0.148
131.365 548.8 530.8
0.076 0.062 0.137
116.333 548.8 521.333
0.078 0.062 0.137
122.25 548.8 511.867
0.088 0.071 0.147
141.719 548.8 511.867
0.098 0.081 0.160
136.542 548.8 521.333
0.087 0.071 0.148
122.25 548.8 511.867
0.088 0.071 0.147
128.167 548.8 502.4
0.102 0.083 0.158
146.896 548.8 502.4
0.114 0.096 0.173
141.719 548.8 511.867
0.098 0.081 0.160
131.365 548.8 530.8
0.076 0.062 0.137
136.542 548.8 521.333
0.087 0.071 0.148
156.75 548.8 521.333
0.096 0.081 0.161
152.312 548.8 530.8
0.085 0.070 0.148
136.542 548.8 521.333
0.087 0.071 0.148
141.719 548.8 511.867
0.098 0.081 0.160
161.188 548.8 511.867
0.110 0.093 0.174
156.75 548.8 521.333
0.096 0.081 0.161
141.719 548.8 511.867
0.098 0.081 0.160
146.896 548.8 502.4
0.114 0.096 0.173
165.625 548.8 502.4
0.127 0.110 0.189
161.188 548.8 511.867
0.110 0.093 0.174
109.438 548.8 502.4
0.092 0.072 0.145
116.094 548.8 492.933
0.107 0.085 0.159
134.083 548.8 492.933
0.119 0.097 0.173
128.167 548.8 502.4
0.102 0.083 0.158
116.094 548.8 492.933
0.107 0.085 0.159
122.75 548.8 483.467
0.124 0.099 0.174
140 548.8 483.467
0.138 0.115 0.192
134.083 548.8 492.933
0.119 0.097 0.173
122.75 548.8 483.467
0.124 0.099 0.174
129.406 548.8 474
0.144 0.117 0.193
145.917 548.8 474
0.163 0.137 0.214
140 548.8 483.467
0.138 0.115 0.192
128.167 548.8 502.4
0.102 0.083 0.158
134.083 548.8 492.933
0.119 0.097 0.173
152.073 548.8 492.933
0.133 0.113 0.190
146.896 548.8 502.4
0.114 0.096 0.173
134.083 548.8 492.933
0.119 0.097 0.173
140 548.8 483.467
0.138 0.115 0.192
157.25 548.8 483.467
0.156 0.133 0.212
152.073 548.8 492.933
0.133 0.113 0.190
140 548.8 483.467
0.138 0.115 0.192
145.917 548.8 474
0.163 0.137 0.214
162.427 548.8 474
0.184 0.161 0.239
157.25 548.8 483.467
0.156 0.133 0.212
146.896 548.8 502.4
0.114 0.096 0.173
152.073 548.8 492.933
0.133 0.113 0.190
170.062 548.8 492.933
0.148 0.129 0.208
165.625 548.8 502.4
0.127 0.110 0.189
152.073 548.8 492.933
0.133 0.113 0.190
157.25 548.8 483.467
0.156 0.133 0.212
174.5 548.8 483.467
0.174 0.154 0.234
170.062 548.8 492.933
0.148 0.129 0.208
157.25 548.8 483.467
0.156 0.133 0.212
162.427 548.8 474
0.184 0.161 0.239
178.938 548.8 474
0.207 0.186 0.264
174.5 548.8 483.467
0.174 0.154 0.234
129.406 548.8 474
0.144 0.117 0.193
136.062 548.8 464.533
0.170 0.141 0.218
151.833 548.8 464.533
0.192 0.166 0.243
145.917 548.8 474
0.163 0.137 0.214
136.062 548.8 464.533
0.170 0.141 0.218
142.719 548.8 455.067
0.203 0.171 0.248
157.75 548.8 455.067
0.231 0.202 0.280
151.833 548.8 464.533
0.192 0.166 0.243
142.719 548.8 455.067
0.203 0.171 0.248
149.375 548.8 445.6
0.245 0.212 0.289
163.667 548.8 445.6
0.282 0.252 0.329
157.75 548.8 455.067
0.231 0.202 0.280
145.917 548.8 474
0.163 0.137 0.214
151.833 548.8 464.533
0.192 0.166 0.243
167.604 548.8 464.533
0.218 0.194 0.273
162.427 548.8 474
0.184 0.161 0.239
151.833 548.8 464.533
0.192 0.166 0.243
157.75 548.8 455.067
0.231 0.202 0.280
172.781 548.8 455.067
0.264 0.238 0.316
167.604 548.8 464.533
0.218 0.194 0.273
157.75 548.8 455.067
0.231 0.202 0.280
163.667 548.8 445.6
0.282 0.252 0.329
177.958 548.8 445.6
0.324 0.298 0.374
172.781 548.8 455.067
0.264 0.238 0.316
162.427 548.8 474
0.184 0.161 0.239
167.604 548.8 464.533
0.218 0.194 0.273
183.375 548.8 464.533
0.248 0.225 0.304
178.938 548.8 474
0.207 0.186 0.264
167.604 548.8 464.533
0.218 0.194 0.273
172.781 548.8 455.067
0.264 0.238 0.316
187.812 548.8 455.067
0.301 0.278 0.355
183.375 548.8 464.533
0.248 0.225 0.304
172.781 548.8 455.067
0.264 0.238 0.316
177.958 548.8 445.6
0.324 0.298 0.374
192.25 548.8 445.6
0.371 0.348 0.424
187.812 548.8 455.067
0.301 0.278 0.355
149.375 548.8 445.6
0.245 0.212 0.289
156.031 548.8 436.133
0.300 0.266 0.341
169.583 548.8 436.133
0.348 0.317 0.391
163.667 548.8 445.6
0.282 0.252 0.329
156.031 548.8 436.133
0.300 0.266 0.341
162.688 548.8 426.667
0.373 0.338 0.411
175.5 548.8 426.667
0.437 0.405 0.476
169.583 548.8 436.133
0.348 0.317 0.391
162.688 548.8 426.667
0.373 0.338 0.411
169.344 548.8 417.2
0.474 0.439 0.509
181.417 548.8 417.2
0.559 0.527 0.594
175.5 548.8 426.667
0.437 0.405 0.476
163.667 548.8 445.6
0.282 0.252 0.329
169.583 548.8 436.133
0.348 0.317 0.391
183.135 548.8 436.133
0.403 0.375 0.448
177.958 548.8 445.6
0.324 0.298 0.374
169.583 548.8 436.133
0.348 0.317 0.391
175.5 548.8 426.667
0.437 0.405 0.476
188.312 548.8 426.667
0.511 0.482 0.552
183.135 548.8 436.133
0.403 0.375 0.448
175.5 548.8 426.667
0.437 0.405 0.476
181.417 548.8 417.2
0.559 0.527 0.594
193.49 548.8 417.2
0.657 0.629 0.696
188.312 548.8 426.667
0.511 0.482 0.552
177.958 548.8 445.6
0.324 0.298 0.374
183.135 548.8 436.133
0.403 0.375 0.448
196.688 548.8 436.133
0.464 0.440 0.513
192.25 548.8 445.6
0.371 0.348 0.424
183.135 548.8 436.133
0.403 0.375 0.448
188.312 548.8 426.667
0.511 0.482 0.552
201.125 548.8 426.667
0.593 0.568 0.639
196.688 548.8 436.133
0.464 0.440 0.513
188.312 548.8 426.667
0.511 0.482 0.552
193.49 548.8 417.2
0.657 0.629 0.696
205.562 548.8 417.2
0.770 0.745 0.813
201.125 548.8 426.667
0.593 0.568 0.639
169.344 548.8 417.2
0.474 0.439 0.509
176 548.8 407.733
0.614 0.578 0.645
187.333 548.8 407.733
0.729 0.697 0.762
181.417 548.8 417.2
0.559 0.527 0.594
176 548.8 407.733
0.614 0.578 0.645
182.656 548.8 398.267
0.811 0.776 0.840
193.25 548.8 398.267
0.971 0.940 1.003
187.333 548.8 407.733
0.729 0.697 0.762
182.656 548.8 398.267
0.811 0.776 0.840
189.312 548.8 388.8
1.096 1.061 1.121
199.167 548.8 388.8
1.319 1.288 1.349
193.25 548.8 398.267
0.971 0.940 1.003
181.417 548.8 417.2
0.559 0.527 0.594
187.333 548.8 407.733
0.729 0.697 0.762
198.667 548.8 407.733
0.864 0.836 0.901
193.49 548.8 417.2
0.657 0.629 0.696
187.333 548.8 407.733
0.729 0.697 0.762
193.25 548.8 398.267
0.971 0.940 1.003
203.844 548.8 398.267
1.160 1.132 1.196
198.667 548.8 407.733
0.864 0.836 0.901
193.25 548.8 398.267
0.971 0.940 1.003
199.167 548.8 388.8
1.319 1.288 1.349
209.021 548.8 388.8
1.583 1.556 1.617
203.844 548.8 398.267
1.160 1.132 1.196
193.49 548.8 417.2
0.657 0.629 0.696
198.667 548.8 407.733
0.864 0.836 0.901
210 548.8 407.733
1.018 0.993 1.059
205.562 548.8 417.2
0.770 0.745 0.813
198.667 548.8 407.733
0.864 0.836 0.901
203.844 548.8 398.267
1.160 1.132 1.196
214.438 548.8 398.267
1.373 1.348 1.413
210 548.8 407.733
1.018 0.993 1.059
203.844 548.8 398.267
1.160 1.132 1.196
209.021 548.8 388.8
1.583 1.556 1.617
218.875 548.8 388.8
1.879 1.855 1.914
214.438 548.8 398.267
1.373 1.348 1.413
189.312 548.8 388.8
1.096 1.061 1.121
195.969 548.8 379.333
1.513 1.480 1.530
205.083 548.8 379.333
1.824 1.795 1.845
199.167 548.8 388.8
1.319 1.288 1.349
195.969 548.8 379.333
1.513 1.480 1.530
202.625 548.8 369.867
2.113 2.082 2.123
211 548.8 369.867
2.543 2.515 2.553
205.083 548.8 379.333
1.824 1.795 1.845
202.625 548.8 369.867
2.113 2.082 2.123
209.281 548.8 360.4
2.962 2.933 2.966
216.917 548.8 360.4
3.526 3.499 3.528
211 548.8 369.867
2.543 2.515 2.553
199.167 548.8 388.8
1.319 1.288 1.349
205.083 548.8 379.333
1.824 1.795 1.845
214.198 548.8 379.333
2.190 2.164 2.212
209.021 548.8 388.8
1.583 1.556 1.617
205.083 548.8 379.333
1.824 1.795 1.845
211 548.8 369.867
2.543 2.515 2.553
219.375 548.8 369.867
3.035 3.010 3.045
214.198 548.8 379.333
2.190 2.164 2.212
211 548.8 369.867
2.543 2.515 2.553
216.917 548.8 360.4
3.526 3.499 3.528
224.552 548.8 360.4
4.151 4.127 4.150
219.375 548.8 369.867
3.035 3.010 3.045
209.021 548.8 388.8
1.583 1.556 1.617
214.198 548.8 379.333
2.190 2.164 2.212
223.312 548.8 379.333
2.593 2.569 2.617
218.875 548.8 388.8
1.879 1.855 1.914
214.198 548.8 379.333
2.190 2.164 2.212
219.375 548.8 369.867
3.035 3.010 3.045
227.75 548.8 369.867
3.566 3.543 3.576
223.312 548.8 379.333
2.593 2.569 2.617
219.375 548.8 369.867
3.035 3.010 3.045
224.552 548.8 360.4
4.151 4.127 4.150
232.188 548.8 360.4
4.799 4.776 4.793
227.75 548.8 369.867
3.566 3.543 3.576
209.281 548.8 360.4
2.962 2.933 2.966
215.938 548.8 350.933
4.108 4.080 4.104
222.833 548.8 350.933
4.786 4.760 4.778
216.917 548.8 360.4
3.526 3.499 3.528
215.938 548.8 350.933
4.108 4.080 4.104
222.594 548.8 341.467
5.536 5.509 5.524
228.75 548.8 341.467
6.256 6.232 6.240
222.833 548.8 350.933
4.786 4.760 4.778
222.594 548.8 341.467
5.536 5.509 5.524
229.25 548.8 332
6.314 6.288 6.299
234.667 548.8 332
7.031 7.007 7.010
228.75 548.8 341.467
6.256 6.232 6.240
216.917 548.8 360.4
3.526 3.499 3.528
222.833 548.8 350.933
4.786 4.760 4.778
229.729 548.8 350.933
5.502 5.478 5.489
224.552 548.8 360.4
4.151 4.127 4.150
222.833 548.8 350.933
4.786 4.760 4.778
228.75 548.8 341.467
6.256 6.232 6.240
234.906 548.8 341.467
6.962 6.939 6.939
229.729 548.8 350.933
5.502 5.478 5.489
228.75 548.8 341.467
6.256 6.232 6.240
234.667 548.8 332
7.031 7.007 7.010
240.083 548.8 332
7.696 7.674 7.669
234.906 548.8 341.467
6.962 6.939 6.939
224.552 548.8 360.4
4.151 4.127 4.150
229.729 548.8 350.933
5.502 5.478 5.489
236.625 548.8 350.933
6.201 6.179 6.182
232.188 548.8 360.4
4.799 4.776 4.793
229.729 548.8 350.933
5.502 5.478 5.489
234.906 548.8 341.467
6.962 6.939 6.939
241.062 548.8 341.467
7.602 7.581 7.576
236.625 548.8 350.933
6.201 6.179 6.182
234.906 548.8 341.467
6.962 6.939 6.939
240.083 548.8 332
7.696 7.674 7.669
245.5 548.8 332
8.277 8.257 8.249
241.062 548.8 341.467
7.602 7.581 7.576
139 548.8 559.2
0.062 0.051 0.128
143.438 548.8 549.733
0.065 0.054 0.130
165.865 548.8 549.733
0.072 0.061 0.140
162.167 548.8 559.2
0.068 0.057 0.136
143.438 548.8 549.733
0.065 0.054 0.130
147.875 548.8 540.267
0.074 0.061 0.138
169.562 548.8 540.267
0.081 0.069 0.148
165.865 548.8 549.733
0.072 0.061 0.140
147.875 548.8 540.267
0.074 0.061 0.138
152.312 548.8 530.8
0.085 0.070 0.148
173.26 548.8 530.8
0.092 0.079 0.159
169.562 548.8 540.267
0.081 0.069 0.148
162.167 548.8 559.2
0.068 0.057 0.136
165.865 548.8 549.733
0.072 0.061 0.140
188.292 548.8 549.733
0.077 0.068 0.149
185.333 548.8 559.2
0.074 0.064 0.145
165.865 548.8 549.733
0.072 0.061 0.140
169.562 548.8 540.267
0.081 0.069 0.148
191.25 548.8 540.267
0.087 0.077 0.158
188.292 548.8 549.733
0.077 0.068 0.149
169.562 548.8 540.267
0.081 0.069 0.148
173.26 548.8 530.8
0.092 0.079 0.159
194.208 548.8 530.8
0.100 0.088 0.170
191.25 548.8 540.267
0.087 0.077 0.158
185.333 548.8 559.2
0.074 0.064 0.145
188.292 548.8 549.733
0.077 0.068 0.149
210.719 548.8 549.733
0.082 0.073 0.156
208.5 548.8 559.2
0.078 0.069 0.152
188.292 548.8 549.733
0.077 0.068 0.149
191.25 548.8 540.267
0.087 0.077 0.158
212.938 548.8 540.267
0.092 0.083 0.166
210.719 548.8 549.733
0.082 0.073 0.156
191.25 548.8 540.267
0.087 0.077 0.158
194.208 548.8 530.8
0.100 0.088 0.170
215.156 548.8 530.8
0.106 0.096 0.179
212.938 548.8 540.267
0.092 0.083 0.166
152.312 548.8 530.8
0.085 0.070 0.148
156.75 548.8 521.333
0.096 0.081 0.161
176.958 548.8 521.333
0.105 0.091 0.173
173.26 548.8 530.8
0.092 0.079 0.159
156.75 548.8 521.333
0.096 0.081 0.161
161.188 548.8 511.867
0.110 0.093 0.174
180.656 548.8 511.867
0.121 0.106 0.188
176.958 548.8 521.333
0.105 0.091 0.173
161.188 548.8 511.867
0.110 0.093 0.174
165.625 548.8 502.4
0.127 0.110 0.189
184.354 548.8 502.4
0.140 0.124 0.205
180.656 548.8 511.867
0.121 0.106 0.188
173.26 548.8 530.8
0.092 0.079 0.159
176.958 548.8 521.333
0.105 0.091 0.173
197.167 548.8 521.333
0.114 0.102 0.185
194.208 548.8 530.8
0.100 0.088 0.170
176.958 548.8 521.333
0.105 0.091 0.173
180.656 548.8 511.867
0.121 0.106 0.188
200.125 548.8 511.867
0.131 0.118 0.202
197.167 548.8 521.333
0.114 0.102 0.185
180.656 548.8 511.867
0.121 0.106 0.188
184.354 548.8 502.4
0.140 0.124 0.205
203.083 548.8 502.4
0.152 0.139 0.220
200.125 548.8 511.867
0.131 0.118 0.202
194.208 548.8 530.8
0.100 0.088 0.170
197.167 548.8 521.333
0.114 0.102 0.185
217.375 548.8 521.333
0.122 0.111 0.196
215.156 548.8 530.8
0.106 0.096 0.179
197.167 548.8 521.333
0.114 0.102 0.185
200.125 548.8 511.867
0.131 0.118 0.202
219.594 548.8 511.867
0.141 0.129 0.215
217.375 548.8 521.333
0.122 0.111 0.196
200.125 548.8 511.867
0.131 0.118 0.202
203.083 548.8 502.4
0.152 0.139 0.220
221.812 548.8 502.4
0.163 0.152 0.235
219.594 548.8 511.867
0.141 0.129 0.215
165.625 548.8 502.4
0.127 0.110 0.189
170.062 548.8 492.933
0.148 0.129 0.208
188.052 548.8 492.933
0.164 0.147 0.227
184.354 548.8 502.4
0.140 0.124 0.205
170.062 548.8 492.933
0.148 0.129 0.208
174.5 548.8 483.467
0.174 0.154 0.234
191.75 548.8 483.467
0.194 0.176 0.257
188.052 548.8 492.933
0.164 0.147 0.227
174.5 548.8 483.467
0.174 0.154 0.234
178.938 548.8 474
0.207 0.186 0.264
195.448 548.8 474
0.231 0.212 0.292
191.75 548.8 483.467
0.194 0.176 0.257
184.354 548.8 502.4
0.140 0.124 0.205
188.052 548.8 492.933
0.164 0.147 0.227
206.042 548.8 492.933
0.179 0.164 0.246
203.083 548.8 502.4
0.152 0.139 0.220
188.052 548.8 492.933
0.164 0.147 0.227
191.75 548.8 483.467
0.194 0.176 0.257
209 548.8 483.467
0.213 0.197 0.279
206.042 548.8 492.933
0.179 0.164 0.246
191.75 548.8 483.467
0.194 0.176 0.257
195.448 548.8 474
0.231 0.212 0.292
211.958 548.8 474
0.254 0.238 0.319
209 548.8 483.467
0.213 0.197 0.279
203.083 548.8 502.4
0.152 0.139 0.220
206.042 548.8 492.933
0.179 0.164 0.246
224.031 548.8 492.933
0.192 0.180 0.263
221.812 548.8 502.4
0.163 0.152 0.235
206.042 548.8 492.933
0.179 0.164 0.246
209 548.8 483.467
0.213 0.197 0.279
226.25 548.8 483.467
0.229 0.216 0.300
224.031 548.8 492.933
0.192 0.180 0.263
209 548.8 483.467
0.213 0.197 0.279
211.958 548.8 474
0.254 0.238 0.319
228.469 548.8 474
0.276 0.262 0.344
226.25 548.8 483.467
0.229 0.216 0.300
178.938 548.8 474
0.207 0.186 0.264
183.375 548.8 464.533
0.248 0.225 0.304
199.146 548.8 464.533
0.278 0.259 0.338
195.448 548.8 474
0.231 0.212 0.292
183.375 548.8 464.533
0.248 0.225 0.304
187.812 548.8 455.067
0.301 0.278 0.355
202.844 548.8 455.067
0.340 0.320 0.398
199.146 548.8 464.533
0.278 0.259 0.338
187.812 548.8 455.067
0.301 0.278 0.355
192.25 548.8 445.6
0.371 0.348 0.424
206.542 548.8 445.6
0.421 0.401 0.478
202.844 548.8 455.067
0.340 0.320 0.398
195.448 548.8 474
0.231 0.212 0.292
199.146 548.8 464.533
0.278 0.259 0.338
214.917 548.8 464.533
0.308 0.291 0.372
211.958 548.8 474
0.254 0.238 0.319
199.146 548.8 464.533
0.278 0.259 0.338
202.844 548.8 455.067
0.340 0.320 0.398
217.875 548.8 455.067
0.378 0.361 0.441
214.917 548.8 464.533
0.308 0.291 0.372
202.844 548.8 455.067
0.340 0.320 0.398
206.542 548.8 445.6
0.421 0.401 0.478
220.833 548.8 445.6
0.471 0.454 0.532
217.875 548.8 455.067
0.378 0.361 0.441
211.958 548.8 474
0.254 0.238 0.319
214.917 548.8 464.533
0.308 0.291 0.372
230.687 548.8 464.533
0.335 0.321 0.404
228.469 548.8 474
0.276 0.262 0.344
214.917 548.8 464.533
0.308 0.291 0.372
217.875 548.8 455.067
0.378 0.361 0.441
232.906 548.8 455.067
0.413 0.399 0.481
230.687 548.8 464.533
0.335 0.321 0.404
217.875 548.8 455.067
0.378 0.361 0.441
220.833 548.8 445.6
0.471 0.454 0.532
235.125 548.8 445.6
0.517 0.501 0.582
232.906 548.8 455.067
0.413 0.399 0.481
192.25 548.8 445.6
0.371 0.348 0.424
196.688 548.8 436.133
0.464 0.440 0.513
210.24 548.8 436.133
0.531 0.510 0.584
206.542 548.8 445.6
0.421 0.401 0.478
196.688 548.8 436.133
0.464 0.440 0.513
201.125 548.8 426.667
0.593 0.568 0.639
213.938 548.8 426.667
0.681 0.659 0.731
210.24 548.8 436.133
0.531 0.510 0.584
201.125 548.8 426.667
0.593 0.568 0.639
205.562 548.8 417.2
0.770 0.745 0.813
217.635 548.8 417.2
0.888 0.867 0.936
213.938 548.8 426.667
0.681 0.659 0.731
206.542 548.8 445.6
0.421 0.401 0.478
210.24 548.8 436.133
0.531 0.510 0.584
223.792 548.8 436.133
0.596 0.578 0.653
220.833 548.8 445.6
0.471 0.454 0.532
210.24 548.8 436.133
0.531 0.510 0.584
213.938 548.8 426.667
0.681 0.659 0.731
226.75 548.8 426.667
0.768 0.750 0.821
223.792 548.8 436.133
0.596 0.578 0.653
213.938 548.8 426.667
0.681 0.659 0.731
217.635 548.8 417.2
0.888 0.867 0.936
229.708 548.8 417.2
1.005 0.987 1.056
226.75 548.8 426.667
0.768 0.750 0.821
220.833 548.8 445.6
0.471 0.454 0.532
223.792 548.8 436.133
0.596 0.578 0.653
237.344 548.8 436.133
0.654 0.639 0.715
235.125 548.8 445.6
0.517 0.501 0.582
223.792 548.8 436.133
0.596 0.578 0.653
226.75 548.8 426.667
0.768 0.750 0.821
239.562 548.8 426.667
0.844 0.829 0.902
237.344 548.8 436.133
0.654 0.639 0.715
226.75 548.8 426.667
0.768 0.750 0.821
229.708 548.8 417.2
1.005 0.987 1.056
241.781 548.8 417.2
1.107 1.091 1.160
239.562 548.8 426.667
0.844 0.829 0.902
205.562 548.8 417.2
0.770 0.745 0.813
210 548.8 407.733
1.018 0.993 1.059
221.333 548.8 407.733
1.182 1.160 1.226
217.635 548.8 417.2
0.888 0.867 0.936
210 548.8 407.733
1.018 0.993 1.059
214.438 548.8 398.267
1.373 1.348 1.413
225.031 548.8 398.267
1.597 1.575 1.639
221.333 548.8 407.733
1.182 1.160 1.226
214.438 548.8 398.267
1.373 1.348 1.413
218.875 548.8 388.8
1.879 1.855 1.914
228.729 548.8 388.8
2.185 2.164 2.222
225.031 548.8 398.267
1.597 1.575 1.639
217.635 548.8 417.2
0.888 0.867 0.936
221.333 548.8 407.733
1.182 1.160 1.226
232.667 548.8 407.733
1.339 1.320 1.385
229.708 548.8 417.2
1.005 0.987 1.056
221.333 548.8 407.733
1.182 1.160 1.226
225.031 548.8 398.267
1.597 1.575 1.639
235.625 548.8 398.267
1.809 1.791 1.853
232.667 548.8 407.733
1.339 1.320 1.385
225.031 548.8 398.267
1.597 1.575 1.639
228.729 548.8 388.8
2.185 2.164 2.222
238.583 548.8 388.8
2.468 2.449 2.507
235.625 548.8 398.267
1.809 1.791 1.853
229.708 548.8 417.2
1.005 0.987 1.056
232.667 548.8 407.733
1.339 1.320 1.385
244 548.8 407.733
1.471 1.454 1.519
241.781 548.8 417.2
1.107 1.091 1.160
232.667 548.8 407.733
1.339 1.320 1.385
235.625 548.8 398.267
1.809 1.791 1.853
246.219 548.8 398.267
1.981 1.965 2.028
244 548.8 407.733
1.471 1.454 1.519
235.625 548.8 398.267
1.809 1.791 1.853
238.583 548.8 388.8
2.468 2.449 2.507
248.438 548.8 388.8
2.687 2.671 2.727
246.219 548.8 398.267
1.981 1.965 2.028
218.875 548.8 388.8
1.879 1.855 1.914
223.312 548.8 379.333
2.593 2.569 2.617
232.427 548.8 379.333
3.005 2.984 3.031
228.729 548.8 388.8
2.185 2.164 2.222
223.312 548.8 379.333
2.593 2.569 2.617
227.75 548.8 369.867
3.566 3.543 3.576
236.125 548.8 369.867
4.088 4.067 4.097
232.427 548.8 379.333
3.005 2.984 3.031
227.75 548.8 369.867
3.566 3.543 3.576
232.188 548.8 360.4
4.799 4.776 4.793
239.823 548.8 360.4
5.400 5.380 5.390
236.125 548.8 369.867
4.088 4.067 4.097
228.729 548.8 388.8
2.185 2.164 2.222
232.427 548.8 379.333
3.005 2.984 3.031
241.542 548.8 379.333
3.369 3.350 3.396
238.583 548.8 388.8
2.468 2.449 2.507
232.427 548.8 379.333
3.005 2.984 3.031
236.125 548.8 369.867
4.088 4.067 4.097
244.5 548.8 369.867
4.529 4.510 4.538
241.542 548.8 379.333
3.369 3.350 3.396
236.125 548.8 369.867
4.088 4.067 4.097
239.823 548.8 360.4
5.400 5.380 5.390
247.458 548.8 360.4
5.880 5.862 5.869
244.5 548.8 369.867
4.529 4.510 4.538
238.583 548.8 388.8
2.468 2.449 2.507
241.542 548.8 379.333
3.369 3.350 3.396
250.656 548.8 379.333
3.633 3.617 3.662
248.438 548.8 388.8
2.687 2.671 2.727
241.542 548.8 379.333
3.369 3.350 3.396
244.5 548.8 369.867
4.529 4.510 4.538
252.875 548.8 369.867
4.825 4.808 4.838
250.656 548.8 379.333
3.633 3.617 3.662
244.5 548.8 369.867
4.529 4.510 4.538
247.458 548.8 360.4
5.880 5.862 5.869
255.094 548.8 360.4
6.183 6.167 6.176
252.875 548.8 369.867
4.825 4.808 4.838
232.188 548.8 360.4
4.799 4.776 4.793
236.625 548.8 350.933
6.201 6.179 6.182
243.521 548.8 350.933
6.808 6.789 6.784
239.823 548.8 360.4
5.400 5.380 5.390
236.625 548.8 350.933
6.201 6.179 6.182
241.062 548.8 341.467
7.602 7.581 7.576
247.219 548.8 341.467
8.127 8.108 8.100
243.521 548.8 350.933
6.808 6.789 6.784
241.062 548.8 341.467
7.602 7.581 7.576
245.5 548.8 332
8.277 8.257 8.249
250.917 548.8 332
8.741 8.723 8.714
247.219 548.8 341.467
8.127 8.108 8.100
239.823 548.8 360.4
5.400 5.380 5.390
243.521 548.8 350.933
6.808 6.789 6.784
250.417 548.8 350.933
7.266 7.248 7.243
247.458 548.8 360.4
5.880 5.862 5.869
243.521 548.8 350.933
6.808 6.789 6.784
247.219 548.8 341.467
8.127 8.108 8.100
253.375 548.8 341.467
8.501 8.483 8.475
250.417 548.8 350.933
7.266 7.248 7.243
247.219 548.8 341.467
8.127 8.108 8.100
250.917 548.8 332
8.741 8.723 8.714
256.333 548.8 332
9.058 9.042 9.033
253.375 548.8 341.467
8.501 8.483 8.475
247.458 548.8 360.4
5.880 5.862 5.869
250.417 548.8 350.933
7.266 7.248 7.243
257.312 548.8 350.933
7.536 7.520 7.516
255.094 548.8 360.4
6.183 6.167 6.176
250.417 548.8 350.933
7.266 7.248 7.243
253.375 548.8 341.467
8.501 8.483 8.475
259.531 548.8 341.467
8.714 8.698 8.689
257.312 548.8 350.933
7.536 7.520 7.516
253.375 548.8 341.467
8.501 8.483 8.475
256.333 548.8 332
9.058 9.042 9.033
261.75 548.8 332
9.242 9.228 9.218
259.531 548.8 341.467
8.714 8.698 8.689
208.5 548.8 559.2
0.078 0.069 0.152
210.719 548.8 549.733
0.082 0.073 0.156
233.146 548.8 549.733
0.085 0.077 0.163
231.667 548.8 559.2
0.080 0.073 0.158
210.719 548.8 549.733
0.082 0.073 0.156
212.938 548.8 540.267
0.092 0.083 0.166
234.625 548.8 540.267
0.097 0.088 0.173
233.146 548.8 549.733
0.085 0.077 0.163
212.938 548.8 540.267
0.092 0.083 0.166
215.156 548.8 530.8
0.106 0.096 0.179
236.104 548.8 530.8
0.111 0.103 0.188
234.625 548.8 540.267
0.097 0.088 0.173
231.667 548.8 559.2
0.080 0.073 0.158
233.146 548.8 549.733
0.085 0.077 0.163
255.573 548.8 549.733
0.088 0.081 0.168
254.833 548.8 559.2
0.082 0.076 0.163
233.146 548.8 549.733
0.085 0.077 0.163
234.625 548.8 540.267
0.097 0.088 0.173
256.312 548.8 540.267
0.099 0.092 0.179
255.573 548.8 549.733
0.088 0.081 0.168
234.625 548.8 540.267
0.097 0.088 0.173
236.104 548.8 530.8
0.111 0.103 0.188
257.052 548.8 530.8
0.114 0.107 0.194
256.312 548.8 540.267
0.099 0.092 0.179
254.833 548.8 559.2
0.082 0.076 0.163
255.573 548.8 549.733
0.088 0.081 0.168
278 548.8 549.733
0.088 0.083 0.171
278 548.8 559.2
0.082 0.078 0.166
255.573 548.8 549.733
0.088 0.081 0.168
256.312 548.8 540.267
0.099 0.092 0.179
278 548.8 540.267
0.100 0.095 0.183
278 548.8 549.733
0.088 0.083 0.171
256.312 548.8 540.267
0.099 0.092 0.179
257.052 548.8 530.8
0.114 0.107 0.194
278 548.8 530.8
0.115 0.109 0.198
278 548.8 540.267
0.100 0.095 0.183
215.156 548.8 530.8
0.106 0.096 0.179
217.375 548.8 521.333
0.122 0.111 0.196
237.583 548.8 521.333
0.128 0.119 0.205
236.104 548.8 530.8
0.111 0.103 0.188
217.375 548.8 521.333
0.122 0.111 0.196
219.594 548.8 511.867
0.141 0.129 0.215
239.062 548.8 511.867
0.148 0.138 0.226
237.583 548.8 521.333
0.128 0.119 0.205
219.594 548.8 511.867
0.141 0.129 0.215
221.812 548.8 502.4
0.163 0.152 0.235
240.542 548.8 502.4
0.173 0.163 0.249
239.062 548.8 511.867
0.148 0.138 0.226
236.104 548.8 530.8
0.111 0.103 0.188
237.583 548.8 521.333
0.128 0.119 0.205
257.792 548.8 521.333
0.132 0.124 0.213
257.052 548.8 530.8
0.114 0.107 0.194
237.583 548.8 521.333
0.128 0.119 0.205
239.062 548.8 511.867
0.148 0.138 0.226
258.531 548.8 511.867
0.153 0.145 0.234
257.792 548.8 521.333
0.132 0.124 0.213
239.062 548.8 511.867
0.148 0.138 0.226
240.542 548.8 502.4
0.173 0.163 0.249
259.271 548.8 502.4
0.179 0.171 0.258
258.531 548.8 511.867
0.153 0.145 0.234
257.052 548.8 530.8
0.114 0.107 0.194
257.792 548.8 521.333
0.132 0.124 0.213
278 548.8 521.333
0.133 0.127 0.217
278 548.8 530.8
0.115 0.109 0.198
257.792 548.8 521.333
0.132 0.124 0.213
258.531 548.8 511.867
0.153 0.145 0.234
278 548.8 511.867
0.154 0.148 0.238
278 548.8 521.333
0.133 0.127 0.217
258.531 548.8 511.867
0.153 0.145 0.234
259.271 548.8 502.4
0.179 0.171 0.258
278 548.8 502.4
0.180 0.174 0.262
278 548.8 511.867
0.154 0.148 0.238
221.812 548.8 502.4
0.163 0.152 0.235
224.031 548.8 492.933
0.192 0.180 0.263
242.021 548.8 492.933
0.204 0.194 0.279
240.542 548.8 502.4
0.173 0.163 0.249
224.031 548.8 492.933
0.192 0.180 0.263
226.25 548.8 483.467
0.229 0.216 0.300
243.5 548.8 483.467
0.244 0.233 0.318
242.021 548.8 492.933
0.204 0.194 0.279
226.25 548.8 483.467
0.229 0.216 0.300
228.469 548.8 474
0.276 0.262 0.344
244.979 548.8 474
0.293 0.281 0.366
243.5 548.8 483.467
0.244 0.233 0.318
240.542 548.8 502.4
0.173 0.163 0.249
242.021 548.8 492.933
0.204 0.194 0.279
260.01 548.8 492.933
0.211 0.202 0.289
259.271 548.8 502.4
0.179 0.171 0.258
242.021 548.8 492.933
0.204 0.194 0.279
243.5 548.8 483.467
0.244 0.233 0.318
260.75 548.8 483.467
0.252 0.243 0.330
260.01 548.8 492.933
0.211 0.202 0.289
243.5 548.8 483.467
0.244 0.233 0.318
244.979 548.8 474
0.293 0.281 0.366
261.49 548.8 474
0.304 0.294 0.380
260.75 548.8 483.467
0.252 0.243 0.330
259.271 548.8 502.4
0.179 0.171 0.258
260.01 548.8 492.933
0.211 0.202 0.289
278 548.8 492.933
0.212 0.205 0.293
278 548.8 502.4
0.180 0.174 0.262
260.01 548.8 492.933
0.211 0.202 0.289
260.75 548.8 483.467
0.252 0.243 0.330
278 548.8 483.467
0.253 0.247 0.335
278 548.8 492.933
0.212 0.205 0.293
260.75 548.8 483.467
0.252 0.243 0.330
261.49 548.8 474
0.304 0.294 0.380
278 548.8 474
0.307 0.300 0.386
278 548.8 483.467
0.253 0.247 0.335
228.469 548.8 474
0.276 0.262 0.344
230.687 548.8 464.533
0.335 0.321 0.404
246.458 548.8 464.533
0.357 0.345 0.429
244.979 548.8 474
0.293 0.281 0.366
230.687 548.8 464.533
0.335 0.321 0.404
232.906 548.8 455.067
0.413 0.399 0.481
247.938 548.8 455.067
0.440 0.428 0.512
246.458 548.8 464.533
0.357 0.345 0.429
232.906 548.8 455.067
0.413 0.399 0.481
235.125 548.8 445.6
0.517 0.501 0.582
249.417 548.8 445.6
0.551 0.539 0.621
247.938 548.8 455.067
0.440 0.428 0.512
244.979 548.8 474
0.293 0.281 0.366
246.458 548.8 464.533
0.357 0.345 0.429
262.229 548.8 464.533
0.370 0.360 0.446
261.49 548.8 474
0.304 0.294 0.380
246.458 548.8 464.533
0.357 0.345 0.429
247.938 548.8 455.067
0.440 0.428 0.512
262.969 548.8 455.067
0.456 0.446 0.532
262.229 548.8 464.533
0.370 0.360 0.446
247.938 548.8 455.067
0.440 0.428 0.512
249.417 548.8 445.6
0.551 0.539 0.621
263.708 548.8 445.6
0.570 0.560 0.644
262.969 548.8 455.067
0.456 0.446 0.532
261.49 548.8 474
0.304 0.294 0.380
262.229 548.8 464.533
0.370 0.360 0.446
278 548.8 464.533
0.373 0.366 0.452
278 548.8 474
0.307 0.300 0.386
262.229 548.8 464.533
0.370 0.360 0.446
262.969 548.8 455.067
0.456 0.446 0.532
278 548.8 455.067
0.459 0.452 0.538
278 548.8 464.533
0.373 0.366 0.452
262.969 548.8 455.067
0.456 0.446 0.532
263.708 548.8 445.6
0.570 0.560 0.644
278 548.8 445.6
0.574 0.566 0.651
278 548.8 455.067
0.459 0.452 0.538
235.125 548.8 445.6
0.517 0.501 0.582
237.344 548.8 436.133
0.654 0.639 0.715
250.896 548.8 436.133
0.698 0.685 0.763
249.417 548.8 445.6
0.551 0.539 0.621
237.344 548.8 436.133
0.654 0.639 0.715
239.562 548.8 426.667
0.844 0.829 0.902
252.375 548.8 426.667
0.900 0.886 0.961
250.896 548.8 436.133
0.698 0.685 0.763
239.562 548.8 426.667
0.844 0.829 0.902
241.781 548.8 417.2
1.107 1.091 1.160
253.854 548.8 417.2
1.177 1.164 1.234
252.375 548.8 426.667
0.900 0.886 0.961
249.417 548.8 445.6
0.551 0.539 0.621
250.896 548.8 436.133
0.698 0.685 0.763
264.448 548.8 436.133
0.724 0.712 0.792
263.708 548.8 445.6
0.570 0.560 0.644
250.896 548.8 436.133
0.698 0.685 0.763
252.375 548.8 426.667
0.900 0.886 0.961
265.188 548.8 426.667
0.930 0.918 0.994
264.448 548.8 436.133
0.724 0.712 0.792
252.375 548.8 426.667
0.900 0.886 0.961
253.854 548.8 417.2
1.177 1.164 1.234
265.927 548.8 417.2
1.210 1.199 1.270
265.188 548.8 426.667
0.930 0.918 0.994
263.708 548.8 445.6
0.570 0.560 0.644
264.448 548.8 436.133
0.724 0.712 0.792
278 548.8 436.133
0.726 0.718 0.799
278 548.8 445.6
0.574 0.566 0.651
264.448 548.8 436.133
0.724 0.712 0.792
265.188 548.8 426.667
0.930 0.918 0.994
278 548.8 426.667
0.931 0.922 0.998
278 548.8 436.133
0.726 0.718 0.799
265.188 548.8 426.667
0.930 0.918 0.994
265.927 548.8 417.2
1.210 1.199 1.270
278 548.8 417.2
1.208 1.199 1.271
278 548.8 426.667
0.931 0.922 0.998
241.781 548.8 417.2
1.107 1.091 1.160
244 548.8 407.733
1.471 1.454 1.519
255.333 548.8 407.733
1.559 1.545 1.611
253.854 548.8 417.2
1.177 1.164 1.234
244 548.8 407.733
1.471 1.454 1.519
246.219 548.8 398.267
1.981 1.965 2.028
256.812 548.8 398.267
2.088 2.074 2.137
255.333 548.8 407.733
1.559 1.545 1.611
246.219 548.8 398.267
1.981 1.965 2.028
248.438 548.8 388.8
2.687 2.671 2.727
258.292 548.8 388.8
2.814 2.800 2.855
256.812 548.8 398.267
2.088 2.074 2.137
253.854 548.8 417.2
1.177 1.164 1.234
255.333 548.8 407.733
1.559 1.545 1.611
266.667 548.8 407.733
1.597 1.585 1.652
265.927 548.8 417.2
1.210 1.199 1.270
255.333 548.8 407.733
1.559 1.545 1.611
256.812 548.8 398.267
2.088 2.074 2.137
267.406 548.8 398.267
2.127 2.115 2.178
266.667 548.8 407.733
1.597 1.585 1.652
256.812 548.8 398.267
2.088 2.074 2.137
258.292 548.8 388.8
2.814 2.800 2.855
268.146 548.8 388.8
2.845 2.833 2.890
267.406 548.8 398.267
2.127 2.115 2.178
265.927 548.8 417.2
1.210 1.199 1.270
266.667 548.8 407.733
1.597 1.585 1.652
278 548.8 407.733
1.589 1.580 1.647
278 548.8 417.2
1.208 1.199 1.271
266.667 548.8 407.733
1.597 1.585 1.652
267.406 548.8 398.267
2.127 2.115 2.178
278 548.8 398.267
2.107 2.098 2.161
278 548.8 407.733
1.589 1.580 1.647
267.406 548.8 398.267
2.127 2.115 2.178
268.146 548.8 388.8
2.845 2.833 2.890
278 548.8 388.8
2.803 2.793 2.850
278 548.8 398.267
2.107 2.098 2.161
248.438 548.8 388.8
2.687 2.671 2.727
250.656 548.8 379.333
3.633 3.617 3.662
259.771 548.8 379.333
3.769 3.756 3.802
258.292 548.8 388.8
2.814 2.800 2.855
250.656 548.8 379.333
3.633 3.617 3.662
252.875 548.8 369.867
4.825 4.808 4.838
261.25 548.8 369.867
4.957 4.943 4.977
259.771 548.8 379.333
3.769 3.756 3.802
252.875 548.8 369.867
4.825 4.808 4.838
255.094 548.8 360.4
6.183 6.167 6.176
262.729 548.8 360.4
6.297 6.283 6.298
261.25 548.8 369.867
4.957 4.943 4.977
258.292 548.8 388.8
2.814 2.800 2.855
259.771 548.8 379.333
3.769 3.756 3.802
268.885 548.8 379.333
3.787 3.774 3.822
268.146 548.8 388.8
2.845 2.833 2.890
259.771 548.8 379.333
3.769 3.756 3.802
261.25 548.8 369.867
4.957 4.943 4.977
269.625 548.8 369.867
4.951 4.938 4.976
268.885 548.8 379.333
3.787 3.774 3.822
261.25 548.8 369.867
4.957 4.943 4.977
262.729 548.8 360.4
6.297 6.283 6.298
270.365 548.8 360.4
6.271 6.258 6.278
269.625 548.8 369.867
4.951 4.938 4.976
268.146 548.8 388.8
2.845 2.833 2.890
268.885 548.8 379.333
3.787 3.774 3.822
278 548.8 379.333
3.718 3.707 3.756
278 548.8 388.8
2.803 2.793 2.850
268.885 548.8 379.333
3.787 3.774 3.822
269.625 548.8 369.867
4.951 4.938 4.976
278 548.8 369.867
4.856 4.847 4.887
278 548.8 379.333
3.718 3.707 3.756
269.625 548.8 369.867
4.951 4.938 4.976
270.365 548.8 360.4
6.271 6.258 6.278
278 548.8 360.4
6.171 6.161 6.186
278 548.8 369.867
4.856 4.847 4.887
255.094 548.8 360.4
6.183 6.167 6.176
257.312 548.8 350.933
7.536 7.520 7.516
264.208 548.8 350.933
7.626 7.613 7.609
262.729 548.8 360.4
6.297 6.283 6.298
257.312 548.8 350.933
7.536 7.520 7.516
259.531 548.8 341.467
8.714 8.698 8.689
265.688 548.8 341.467
8.799 8.786 8.776
264.208 548.8 350.933
7.626 7.613 7.609
259.531 548.8 341.467
8.714 8.698 8.689
261.75 548.8 332
9.242 9.228 9.218
267.167 548.8 332
9.335 9.320 9.310
265.688 548.8 341.467
8.799 8.786 8.776
262.729 548.8 360.4
6.297 6.283 6.298
264.208 548.8 350.933
7.626 7.613 7.609
271.104 548.8 350.933
7.609 7.596 7.596
270.365 548.8 360.4
6.271 6.258 6.278
264.208 548.8 350.933
7.626 7.613 7.609
265.688 548.8 341.467
8.799 8.786 8.776
271.844 548.8 341.467
8.823 8.810 8.802
271.104 548.8 350.933
7.609 7.596 7.596
265.688 548.8 341.467
8.799 8.786 8.776
267.167 548.8 332
9.335 9.320 9.310
272.583 548.8 332
9.384 9.370 9.360
271.844 548.8 341.467
8.823 8.810 8.802
270.365 548.8 360.4
6.271 6.258 6.278
271.104 548.8 350.933
7.609 7.596 7.596
278 548.8 350.933
7.552 7.540 7.544
278 548.8 360.4
6.171 6.161 6.186
271.104 548.8 350.933
7.609 7.596 7.596
271.844 548.8 341.467
8.823 8.810 8.802
278 548.8 341.467
8.834 8.825 8.815
278 548.8 350.933
7.552 7.540 7.544
271.844 548.8 341.467
8.823 8.810 8.802
272.583 548.8 332
9.384 9.370 9.360
278 548.8 332
9.430 9.421 9.409
278 548.8 341.467
8.834 8.825 8.815
278 548.8 559.2
0.082 0.078 0.166
278 548.8 549.733
0.088 0.083 0.171
300.427 548.8 549.733
0.086 0.083 0.172
301.167 548.8 559.2
0.081 0.077 0.167
278 548.8 549.733
0.088 0.083 0.171
278 548.8 540.267
0.100 0.095 0.183
299.688 548.8 540.267
0.098 0.094 0.183
300.427 548.8 549.733
0.086 0.083 0.172
278 548.8 540.267
0.100 0.095 0.183
278 548.8 530.8
0.115 0.109 0.198
298.948 548.8 530.8
0.113 0.109 0.198
299.688 548.8 540.267
0.098 0.094 0.183
301.167 548.8 559.2
0.081 0.077 0.167
300.427 548.8 549.733
0.086 0.083 0.172
322.854 548.8 549.733
0.083 0.081 0.172
324.333 548.8 559.2
0.078 0.076 0.167
300.427 548.8 549.733
0.086 0.083 0.172
299.688 548.8 540.267
0.098 0.094 0.183
321.375 548.8 540.267
0.094 0.091 0.182
322.854 548.8 549.733
0.083 0.081 0.172
299.688 548.8 540.267
0.098 0.094 0.183
298.948 548.8 530.8
0.113 0.109 0.198
319.896 548.8 530.8
0.108 0.106 0.197
321.375 548.8 540.267
0.094 0.091 0.182
324.333 548.8 559.2
0.078 0.076 0.167
322.854 548.8 549.733
0.083 0.081 0.172
345.281 548.8 549.733
0.077 0.076 0.169
347.5 548.8 559.2
0.073 0.071 0.164
322.854 548.8 549.733
0.083 0.081 0.172
321.375 548.8 540.267
0.094 0.091 0.182
343.062 548.8 540.267
0.089 0.087 0.179
345.281 548.8 549.733
0.077 0.076 0.169
321.375 548.8 540.267
0.094 0.091 0.182
319.896 548.8 530.8
0.108 0.106 0.197
340.844 548.8 530.8
0.102 0.101 0.193
343.062 548.8 540.267
0.089 0.087 0.179
278 548.8 530.8
0.115 0.109 0.198
278 548.8 521.333
0.133 0.127 0.217
298.208 548.8 521.333
0.130 0.126 0.217
298.948 548.8 530.8
0.113 0.109 0.198
278 548.8 521.333
0.133 0.127 0.217
278 548.8 511.867
0.154 0.148 0.238
297.469 548.8 511.867
0.151 0.147 0.238
298.208 548.8 521.333
0.130 0.126 0.217
278 548.8 511.867
0.154 0.148 0.238
278 548.8 502.4
0.180 0.174 0.262
296.729 548.8 502.4
0.177 0.172 0.261
297.469 548.8 511.867
0.151 0.147 0.238
298.948 548.8 530.8
0.113 0.109 0.198
298.208 548.8 521.333
0.130 0.126 0.217
318.417 548.8 521.333
0.124 0.122 0.214
319.896 548.8 530.8
0.108 0.106 0.197
298.208 548.8 521.333
0.130 0.126 0.217
297.469 548.8 511.867
0.151 0.147 0.238
316.938 548.8 511.867
0.144 0.141 0.234
318.417 548.8 521.333
0.124 0.122 0.214
297.469 548.8 511.867
0.151 0.147 0.238
296.729 548.8 502.4
0.177 0.172 0.261
315.458 548.8 502.4
0.169 0.167 0.256
316.938 548.8 511.867
0.144 0.141 0.234
319.896 548.8 530.8
0.108 0.106 0.197
318.417 548.8 521.333
0.124 0.122 0.214
338.625 548.8 521.333
0.117 0.116 0.210
340.844 548.8 530.8
0.102 0.101 0.193
318.417 548.8 521.333
0.124 0.122 0.214
316.938 548.8 511.867
0.144 0.141 0.234
336.406 548.8 511.867
0.136 0.135 0.229
338.625 548.8 521.333
0.117 0.116 0.210
316.938 548.8 511.867
0.144 0.141 0.234
315.458 548.8 502.4
0.169 0.167 0.256
334.188 548.8 502.4
0.159 0.158 0.249
336.406 548.8 511.867
0.136 0.135 0.229
278 548.8 502.4
0.180 0.174 0.262
278 548.8 492.933
0.212 0.205 0.293
295.99 548.8 492.933
0.208 0.204 0.292
296.729 548.8 502.4
0.177 0.172 0.261
278 548.8 492.933
0.212 0.205 0.293
278 548.8 483.467
0.253 0.247 0.335
295.25 548.8 483.467
0.249 0.244 0.334
295.99 548.8 492.933
0.208 0.204 0.292
278 548.8 483.467
0.253 0.247 0.335
278 548.8 474
0.307 0.300 0.386
294.51 548.8 474
0.300 0.296 0.383
295.25 548.8 483.467
0.249 0.244 0.334
296.729 548.8 502.4
0.177 0.172 0.261
295.99 548.8 492.933
0.208 0.204 0.292
313.979 548.8 492.933
0.201 0.198 0.287
315.458 548.8 502.4
0.169 0.167 0.256
295.99 548.8 492.933
0.208 0.204 0.292
295.25 548.8 483.467
0.249 0.244 0.334
312.5 548.8 483.467
0.240 0.237 0.327
313.979 548.8 492.933
0.201 0.198 0.287
295.25 548.8 483.467
0.249 0.244 0.334
294.51 548.8 474
0.300 0.296 0.383
311.021 548.8 474
0.287 0.284 0.373
312.5 548.8 483.467
0.240 0.237 0.327
315.458 548.8 502.4
0.169 0.167 0.256
313.979 548.8 492.933
0.201 0.198 0.287
331.969 548.8 492.933
0.188 0.187 0.277
334.188 548.8 502.4
0.159 0.158 0.249
313.979 548.8 492.933
0.201 0.198 0.287
312.5 548.8 483.467
0.240 0.237 0.327
329.75 548.8 483.467
0.225 0.224 0.315
331.969 548.8 492.933
0.188 0.187 0.277
312.5 548.8 483.467
0.240 0.237 0.327
311.021 548.8 474
0.287 0.284 0.373
327.531 548.8 474
0.271 0.269 0.359
329.75 548.8 483.467
0.225 0.224 0.315
278 548.8 474
0.307 0.300 0.386
278 548.8 464.533
0.373 0.366 0.452
293.771 548.8 464.533
0.366 0.361 0.447
294.51 548.8 474
0.300 0.296 0.383
278 548.8 464.533
0.373 0.366 0.452
278 548.8 455.067
0.459 0.452 0.538
293.031 548.8 455.067
0.451 0.446 0.532
293.771 548.8 464.533
0.366 0.361 0.447
278 548.8 455.067
0.459 0.452 0.538
278 548.8 445.6
0.574 0.566 0.651
292.292 548.8 445.6
0.563 0.558 0.643
293.031 548.8 455.067
0.451 0.446 0.532
294.51 548.8 474
0.300 0.296 0.383
293.771 548.8 464.533
0.366 0.361 0.447
309.542 548.8 464.533
0.351 0.348 0.435
311.021 548.8 474
0.287 0.284 0.373
293.771 548.8 464.533
0.366 0.361 0.447
293.031 548.8 455.067
0.451 0.446 0.532
308.062 548.8 455.067
0.432 0.429 0.516
309.542 548.8 464.533
0.351 0.348 0.435
293.031 548.8 455.067
0.451 0.446 0.532
292.292 548.8 445.6
0.563 0.558 0.643
306.583 548.8 445.6
0.538 0.534 0.620
308.062 548.8 455.067
0.432 0.429 0.516
311.021 548.8 474
0.287 0.284 0.373
309.542 548.8 464.533
0.351 0.348 0.435
325.312 548.8 464.533
0.329 0.327 0.416
327.531 548.8 474
0.271 0.269 0.359
309.542 548.8 464.533
0.351 0.348 0.435
308.062 548.8 455.067
0.432 0.429 0.516
323.094 548.8 455.067
0.405 0.404 0.491
325.312 548.8 464.533
0.329 0.327 0.416
308.062 548.8 455.067
0.432 0.429 0.516
306.583 548.8 445.6
0.538 0.534 0.620
320.875 548.8 445.6
0.504 0.503 0.589
323.094 548.8 455.067
0.405 0.404 0.491
278 548.8 445.6
0.574 0.566 0.651
278 548.8 436.133
0.726 0.718 0.799
291.552 548.8 436.133
0.710 0.705 0.786
292.292 548.8 445.6
0.563 0.558 0.643
278 548.8 436.133
0.726 0.718 0.799
278 548.8 426.667
0.931 0.922 0.998
290.812 548.8 426.667
0.907 0.901 0.978
291.552 548.8 436.133
0.710 0.705 0.786
278 548.8 426.667
0.931 0.922 0.998
278 548.8 417.2
1.208 1.199 1.271
290.073 548.8 417.2
1.178 1.172 1.243
290.812 548.8 426.667
0.907 0.901 0.978
292.292 548.8 445.6
0.563 0.558 0.643
291.552 548.8 436.133
0.710 0.705 0.786
305.104 548.8 436.133
0.678 0.674 0.757
306.583 548.8 445.6
0.538 0.534 0.620
291.552 548.8 436.133
0.710 0.705 0.786
290.812 548.8 426.667
0.907 0.901 0.978
303.625 548.8 426.667
0.867 0.862 0.941
305.104 548.8 436.133
0.678 0.674 0.757
290.812 548.8 426.667
0.907 0.901 0.978
290.073 548.8 417.2
1.178 1.172 1.243
302.146 548.8 417.2
1.122 1.118 1.190
303.625 548.8 426.667
0.867 0.862 0.941
306.583 548.8 445.6
0.538 0.534 0.620
305.104 548.8 436.133
0.678 0.674 0.757
318.656 548.8 436.133
0.634 0.633 0.716
320.875 548.8 445.6
0.504 0.503 0.589
305.104 548.8 436.133
0.678 0.674 0.757
303.625 548.8 426.667
0.867 0.862 0.941
316.438 548.8 426.667
0.810 0.809 0.888
318.656 548.8 436.133
0.634 0.633 0.716
303.625 548.8 426.667
0.867 0.862 0.941
302.146 548.8 417.2
1.122 1.118 1.190
314.219 548.8 417.2
1.048 1.046 1.119
316.438 548.8 426.667
0.810 0.809 0.888
278 548.8 417.2
1.208 1.199 1.271
278 548.8 407.733
1.589 1.580 1.647
289.333 548.8 407.733
1.543 1.537 1.604
290.073 548.8 417.2
1.178 1.172 1.243
278 548.8 407.733
1.589 1.580 1.647
278 548.8 398.267
2.107 2.098 2.161
288.594 548.8 398.267
2.040 2.033 2.097
289.333 548.8 407.733
1.543 1.537 1.604
278 548.8 398.267
2.107 2.098 2.161
278 548.8 388.8
2.803 2.793 2.850
287.854 548.8 388.8
2.712 2.705 2.762
288.594 548.8 398.267
2.040 2.033 2.097
290.073 548.8 417.2
1.178 1.172 1.243
289.333 548.8 407.733
1.543 1.537 1.604
300.667 548.8 407.733
1.470 1.465 1.533
302.146 548.8 417.2
1.122 1.118 1.190
289.333 548.8 407.733
1.543 1.537 1.604
288.594 548.8 398.267
2.040 2.033 2.097
299.188 548.8 398.267
1.943 1.938 2.003
300.667 548.8 407.733
1.470 1.465 1.533
288.594 548.8 398.267
2.040 2.033 2.097
287.854 548.8 388.8
2.712 2.705 2.762
297.708 548.8 388.8
2.588 2.583 2.641
299.188 548.8 398.267
1.943 1.938 2.003
302.146 548.8 417.2
1.122 1.118 1.190
300.667 548.8 407.733
1.470 1.465 1.533
312 548.8 407.733
1.374 1.372 1.441
314.219 548.8 417.2
1.048 1.046 1.119
300.667 548.8 407.733
1.470 1.465 1.533
299.188 548.8 398.267
1.943 1.938 2.003
309.781 548.8 398.267
1.823 1.820 1.886
312 548.8 407.733
1.374 1.372 1.441
299.188 548.8 398.267
1.943 1.938 2.003
297.708 548.8 388.8
2.588 2.583 2.641
307.562 548.8 388.8
2.437 2.434 2.493
309.781 548.8 398.267
1.823 1.820 1.886
278 548.8 388.8
2.803 2.793 2.850
278 548.8 379.333
3.718 3.707 3.756
287.115 548.8 379.333
3.599 3.593 3.641
287.854 548.8 388.8
2.712 2.705 2.762
278 548.8 379.333
3.718 3.707 3.756
278 548.8 369.867
4.856 4.847 4.887
286.375 548.8 369.867
4.725 4.718 4.760
287.115 548.8 379.333
3.599 3.593 3.641
278 548.8 369.867
4.856 4.847 4.887
278 548.8 360.4
6.171 6.161 6.186
285.635 548.8 360.4
6.054 6.047 6.075
286.375 548.8 369.867
4.725 4.718 4.760
287.854 548.8 388.8
2.712 2.705 2.762
287.115 548.8 379.333
3.599 3.593 3.641
296.229 548.8 379.333
3.452 3.446 3.496
297.708 548.8 388.8
2.588 2.583 2.641
287.115 548.8 379.333
3.599 3.593 3.641
286.375 548.8 369.867
4.725 4.718 4.760
294.75 548.8 369.867
4.567 4.560 4.604
296.229 548.8 379.333
3.452 3.446 3.496
286.375 548.8 369.867
4.725 4.718 4.760
285.635 548.8 360.4
6.054 6.047 6.075
293.271 548.8 360.4
5.920 5.914 5.947
294.75 548.8 369.867
4.567 4.560 4.604
297.708 548.8 388.8
2.588 2.583 2.641
296.229 548.8 379.333
3.452 3.446 3.496
305.344 548.8 379.333
3.269 3.265 3.317
307.562 548.8 388.8
2.437 2.434 2.493
296.229 548.8 379.333
3.452 3.446 3.496
294.75 548.8 369.867
4.567 4.560 4.604
303.125 548.8 369.867
4.366 4.362 4.406
305.344 548.8 379.333
3.269 3.265 3.317
294.75 548.8 369.867
4.567 4.560 4.604
293.271 548.8 360.4
5.920 5.914 5.947
300.906 548.8 360.4
5.732 5.728 5.764
303.125 548.8 369.867
4.366 4.362 4.406
278 548.8 360.4
6.171 6.161 6.186
278 548.8 350.933
7.552 7.540 7.544
284.896 548.8 350.933
7.486 7.479 7.485
285.635 548.8 360.4
6.054 6.047 6.075
278 548.8 350.933
7.552 7.540 7.544
278 548.8 341.467
8.834 8.825 8.815
284.156 548.8 341.467
8.862 8.854 8.845
284.896 548.8 350.933
7.486 7.479 7.485
278 548.8 341.467
8.834 8.825 8.815
278 548.8 332
9.430 9.421 9.409
283.417 548.8 332
9.511 9.504 9.491
284.156 548.8 341.467
8.862 8.854 8.845
285.635 548.8 360.4
6.054 6.047 6.075
284.896 548.8 350.933
7.486 7.479 7.485
291.792 548.8 350.933
7.421 7.415 7.425
293.271 548.8 360.4
5.920 5.914 5.947
284.896 548.8 350.933
7.486 7.479 7.485
284.156 548.8 341.467
8.862 8.854 8.845
290.312 548.8 341.467
8.891 8.884 8.876
291.792 548.8 350.933
7.421 7.415 7.425
284.156 548.8 341.467
8.862 8.854 8.845
283.417 548.8 332
9.511 9.504 9.491
288.833 548.8 332
9.591 9.583 9.572
290.312 548.8 341.467
8.891 8.884 8.876
293.271 548.8 360.4
5.920 5.914 5.947
291.792 548.8 350.933
7.421 7.415 7.425
298.688 548.8 350.933
7.287 7.282 7.297
300.906 548.8 360.4
5.732 5.728 5.764
291.792 548.8 350.933
7.421 7.415 7.425
290.312 548.8 341.467
8.891 8.884 8.876
296.469 548.8 341.467
8.847 8.842 8.836
298.688 548.8 350.933
7.287 7.282 7.297
290.312 548.8 341.467
8.891 8.884 8.876
288.833 548.8 332
9.591 9.583 9.572
294.25 548.8 332
9.599 9.594 9.582
296.469 548.8 341.467
8.847 8.842 8.836
347.5 548.8 559.2
0.073 0.071 0.164
345.281 548.8 549.733
0.077 0.076 0.169
367.708 548.8 549.733
0.072 0.072 0.166
370.667 548.8 559.2
0.067 0.067 0.161
345.281 548.8 549.733
0.077 0.076 0.169
343.062 548.8 540.267
0.089 0.087 0.179
364.75 548.8 540.267
0.083 0.083 0.176
367.708 548.8 549.733
0.072 0.072 0.166
343.062 548.8 540.267
0.089 0.087 0.179
340.844 548.8 530.8
0.102 0.101 0.193
361.792 548.8 530.8
0.095 0.095 0.189
364.75 548.8 540.267
0.083 0.083 0.176
370.667 548.8 559.2
0.067 0.067 0.161
367.708 548.8 549.733
0.072 0.072 0.166
390.135 548.8 549.733
0.066 0.067 0.161
393.833 548.8 559.2
0.062 0.063 0.158
367.708 548.8 549.733
0.072 0.072 0.166
364.75 548.8 540.267
0.083 0.083 0.176
386.438 548.8 540.267
0.075 0.076 0.170
390.135 548.8 549.733
0.066 0.067 0.161
364.75 548.8 540.267
0.083 0.083 0.176
361.792 548.8 530.8
0.095 0.095 0.189
382.74 548.8 530.8
0.086 0.088 0.182
386.438 548.8 540.267
0.075 0.076 0.170
393.833 548.8 559.2
0.062 0.063 0.158
390.135 548.8 549.733
0.066 0.067 0.161
412.562 548.8 549.733
0.060 0.061 0.156
417 548.8 559.2
0.057 0.058 0.153
390.135 548.8 549.733
0.066 0.067 0.161
386.438 548.8 540.267
0.075 0.076 0.170
408.125 548.8 540.267
0.068 0.070 0.165
412.562 548.8 549.733
0.060 0.061 0.156
386.438 548.8 540.267
0.075 0.076 0.170
382.74 548.8 530.8
0.086 0.088 0.182
403.688 548.8 530.8
0.077 0.080 0.175
408.125 548.8 540.267
0.068 0.070 0.165
340.844 548.8 530.8
0.102 0.101 0.193
338.625 548.8 521.333
0.117 0.116 0.210
358.833 548.8 521.333
0.108 0.109 0.203
361.792 548.8 530.8
0.095 0.095 0.189
338.625 548.8 521.333
0.117 0.116 0.210
336.406 548.8 511.867
0.136 0.135 0.229
355.875 548.8 511.867
0.126 0.127 0.222
358.833 548.8 521.333
0.108 0.109 0.203
336.406 548.8 511.867
0.136 0.135 0.229
334.188 548.8 502.4
0.159 0.158 0.249
352.917 548.8 502.4
0.148 0.149 0.241
355.875 548.8 511.867
0.126 0.127 0.222
361.792 548.8 530.8
0.095 0.095 0.189
358.833 548.8 521.333
0.108 0.109 0.203
379.042 548.8 521.333
0.099 0.101 0.196
382.74 548.8 530.8
0.086 0.088 0.182
358.833 548.8 521.333
0.108 0.109 0.203
355.875 548.8 511.867
0.126 0.127 0.222
375.344 548.8 511.867
0.114 0.117 0.213
379.042 548.8 521.333
0.099 0.101 0.196
355.875 548.8 511.867
0.126 0.127 0.222
352.917 548.8 502.4
0.148 0.149 0.241
371.646 548.8 502.4
0.134 0.136 0.230
375.344 548.8 511.867
0.114 0.117 0.213
382.74 548.8 530.8
0.086 0.088 0.182
379.042 548.8 521.333
0.099 0.101 0.196
399.25 548.8 521.333
0.088 0.091 0.188
403.688 548.8 530.8
0.077 0.080 0.175
379.042 548.8 521.333
0.099 0.101 0.196
375.344 548.8 511.867
0.114 0.117 0.213
394.812 548.8 511.867
0.103 0.106 0.203
399.25 548.8 521.333
0.088 0.091 0.188
375.344 548.8 511.867
0.114 0.117 0.213
371.646 548.8 502.4
0.134 0.136 0.230
390.375 548.8 502.4
0.120 0.124 0.219
394.812 548.8 511.867
0.103 0.106 0.203
334.188 548.8 502.4
0.159 0.158 0.249
331.969 548.8 492.933
0.188 0.187 0.277
349.958 548.8 492.933
0.173 0.174 0.265
352.917 548.8 502.4
0.148 0.149 0.241
331.969 548.8 492.933
0.188 0.187 0.277
329.75 548.8 483.467
0.225 0.224 0.315
347 548.8 483.467
0.206 0.207 0.299
349.958 548.8 492.933
0.173 0.174 0.265
329.75 548.8 483.467
0.225 0.224 0.315
327.531 548.8 474
0.271 0.269 0.359
344.042 548.8 474
0.250 0.251 0.342
347 548.8 483.467
0.206 0.207 0.299
352.917 548.8 502.4
0.148 0.149 0.241
349.958 548.8 492.933
0.173 0.174 0.265
367.948 548.8 492.933
0.158 0.160 0.253
371.646 548.8 502.4
0.134 0.136 0.230
349.958 548.8 492.933
0.173 0.174 0.265
347 548.8 483.467
0.206 0.207 0.299
364.25 548.8 483.467
0.187 0.190 0.283
367.948 548.8 492.933
0.158 0.160 0.253
347 548.8 483.467
0.206 0.207 0.299
344.042 548.8 474
0.250 0.251 0.342
360.552 548.8 474
0.225 0.228 0.321
364.25 548.8 483.467
0.187 0.190 0.283
371.646 548.8 502.4
0.134 0.136 0.230
367.948 548.8 492.933
0.158 0.160 0.253
385.937 548.8 492.933
0.141 0.146 0.240
390.375 548.8 502.4
0.120 0.124 0.219
367.948 548.8 492.933
0.158 0.160 0.253
364.25 548.8 483.467
0.187 0.190 0.283
381.5 548.8 483.467
0.168 0.172 0.267
385.937 548.8 492.933
0.141 0.146 0.240
364.25 548.8 483.467
0.187 0.190 0.283
360.552 548.8 474
0.225 0.228 0.321
377.062 548.8 474
0.200 0.205 0.299
381.5 548.8 483.467
0.168 0.172 0.267
327.531 548.8 474
0.271 0.269 0.359
325.312 548.8 464.533
0.329 0.327 0.416
341.083 548.8 464.533
0.303 0.304 0.394
344.042 548.8 474
0.250 0.251 0.342
325.312 548.8 464.533
0.329 0.327 0.416
323.094 548.8 455.067
0.405 0.404 0.491
338.125 548.8 455.067
0.371 0.372 0.461
341.083 548.8 464.533
0.303 0.304 0.394
323.094 548.8 455.067
0.405 0.404 0.491
320.875 548.8 445.6
0.504 0.503 0.589
335.167 548.8 445.6
0.463 0.464 0.551
338.125 548.8 455.067
0.371 0.372 0.461
344.042 548.8 474
0.250 0.251 0.342
341.083 548.8 464.533
0.303 0.304 0.394
356.854 548.8 464.533
0.274 0.277 0.369
360.552 548.8 474
0.225 0.228 0.321
341.083 548.8 464.533
0.303 0.304 0.394
338.125 548.8 455.067
0.371 0.372 0.461
353.156 548.8 455.067
0.336 0.339 0.429
356.854 548.8 464.533
0.274 0.277 0.369
338.125 548.8 455.067
0.371 0.372 0.461
335.167 548.8 445.6
0.463 0.464 0.551
349.458 548.8 445.6
0.417 0.420 0.508
353.156 548.8 455.067
0.336 0.339 0.429
360.552 548.8 474
0.225 0.228 0.321
356.854 548.8 464.533
0.274 0.277 0.369
372.625 548.8 464.533
0.244 0.249 0.343
377.062 548.8 474
0.200 0.205 0.299
356.854 548.8 464.533
0.274 0.277 0.369
353.156 548.8 455.067
0.336 0.339 0.429
368.188 548.8 455.067
0.298 0.304 0.396
372.625 548.8 464.533
0.244 0.249 0.343
353.156 548.8 455.067
0.336 0.339 0.429
349.458 548.8 445.6
0.417 0.420 0.508
363.75 548.8 445.6
0.370 0.377 0.466
368.188 548.8 455.067
0.298 0.304 0.396
320.875 548.8 445.6
0.504 0.503 0.589
318.656 548.8 436.133
0.634 0.633 0.716
332.208 548.8 436.133
0.583 0.584 0.668
335.167 548.8 445.6
0.463 0.464 0.551
318.656 548.8 436.133
0.634 0.633 0.716
316.438 548.8 426.667
0.810 0.809 0.888
329.25 548.8 426.667
0.744 0.744 0.824
332.208 548.8 436.133
0.583 0.584 0.668
316.438 548.8 426.667
0.810 0.809 0.888
314.219 548.8 417.2
1.048 1.046 1.119
326.292 548.8 417.2
0.963 0.963 1.038
329.25 548.8 426.667
0.744 0.744 0.824
335.167 548.8 445.6
0.463 0.464 0.551
332.208 548.8 436.133
0.583 0.584 0.668
345.76 548.8 436.133
0.526 0.530 0.614
349.458 548.8 445.6
0.417 0.420 0.508
332.208 548.8 436.133
0.583 0.584 0.668
329.25 548.8 426.667
0.744 0.744 0.824
342.062 548.8 426.667
0.671 0.674 0.755
345.76 548.8 436.133
0.526 0.530 0.614
329.25 548.8 426.667
0.744 0.744 0.824
326.292 548.8 417.2
0.963 0.963 1.038
338.365 548.8 417.2
0.869 0.872 0.948
342.062 548.8 426.667
0.671 0.674 0.755
349.458 548.8 445.6
0.417 0.420 0.508
345.76 548.8 436.133
0.526 0.530 0.614
359.312 548.8 436.133
0.466 0.473 0.559
363.75 548.8 445.6
0.370 0.377 0.466
345.76 548.8 436.133
0.526 0.530 0.614
342.062 548.8 426.667
0.671 0.674 0.755
354.875 548.8 426.667
0.596 0.603 0.685
359.312 548.8 436.133
0.466 0.473 0.559
342.062 548.8 426.667
0.671 0.674 0.755
338.365 548.8 417.2
0.869 0.872 0.948
350.438 548.8 417.2
0.772 0.779 0.855
354.875 548.8 426.667
0.596 0.603 0.685
314.219 548.8 417.2
1.048 1.046 1.119
312 548.8 407.733
1.374 1.372 1.441
323.333 548.8 407.733
1.263 1.263 1.333
326.292 548.8 417.2
0.963 0.963 1.038
312 548.8 407.733
1.374 1.372 1.441
309.781 548.8 398.267
1.823 1.820 1.886
320.375 548.8 398.267
1.681 1.681 1.747
323.333 548.8 407.733
1.263 1.263 1.333
309.781 548.8 398.267
1.823 1.820 1.886
307.562 548.8 388.8
2.437 2.434 2.493
317.417 548.8 388.8
2.258 2.257 2.317
320.375 548.8 398.267
1.681 1.681 1.747
326.292 548.8 417.2
0.963 0.963 1.038
323.333 548.8 407.733
1.263 1.263 1.333
334.667 548.8 407.733
1.143 1.146 1.217
338.365 548.8 417.2
0.869 0.872 0.948
323.333 548.8 407.733
1.263 1.263 1.333
320.375 548.8 398.267
1.681 1.681 1.747
330.969 548.8 398.267
1.524 1.527 1.594
334.667 548.8 407.733
1.143 1.146 1.217
320.375 548.8 398.267
1.681 1.681 1.747
317.417 548.8 388.8
2.258 2.257 2.317
327.271 548.8 388.8
2.055 2.057 2.119
330.969 548.8 398.267
1.524 1.527 1.594
338.365 548.8 417.2
0.869 0.872 0.948
334.667 548.8 407.733
1.143 1.146 1.217
346 548.8 407.733
1.016 1.023 1.095
350.438 548.8 417.2
0.772 0.779 0.855
334.667 548.8 407.733
1.143 1.146 1.217
330.969 548.8 398.267
1.524 1.527 1.594
341.562 548.8 398.267
1.359 1.366 1.435
346 548.8 407.733
1.016 1.023 1.095
330.969 548.8 398.267
1.524 1.527 1.594
327.271 548.8 388.8
2.055 2.057 2.119
337.125 548.8 388.8
1.841 1.848 1.910
341.562 548.8 398.267
1.359 1.366 1.435
307.562 548.8 388.8
2.437 2.434 2.493
305.344 548.8 379.333
3.269 3.265 3.317
314.458 548.8 379.333
3.052 3.050 3.103
317.417 548.8 388.8
2.258 2.257 2.317
305.344 548.8 379.333
3.269 3.265 3.317
303.125 548.8 369.867
4.366 4.362 4.406
311.5 548.8 369.867
4.124 4.123 4.167
314.458 548.8 379.333
3.052 3.050 3.103
303.125 548.8 369.867
4.366 4.362 4.406
300.906 548.8 360.4
5.732 5.728 5.764
308.542 548.8 360.4
5.496 5.494 5.533
311.5 548.8 369.867
4.124 4.123 4.167
317.417 548.8 388.8
2.258 2.257 2.317
314.458 548.8 379.333
3.052 3.050 3.103
323.573 548.8 379.333
2.801 2.802 2.855
327.271 548.8 388.8
2.055 2.057 2.119
314.458 548.8 379.333
3.052 3.050 3.103
311.5 548.8 369.867
4.124 4.123 4.167
319.875 548.8 369.867
3.824 3.825 3.870
323.573 548.8 379.333
2.801 2.802 2.855
311.5 548.8 369.867
4.124 4.123 4.167
308.542 548.8 360.4
5.496 5.494 5.533
316.177 548.8 360.4
5.170 5.170 5.211
319.875 548.8 369.867
3.824 3.825 3.870
327.271 548.8 388.8
2.055 2.057 2.119
323.573 548.8 379.333
2.801 2.802 2.855
332.688 548.8 379.333
2.523 2.529 2.582
337.125 548.8 388.8
1.841 1.848 1.910
323.573 548.8 379.333
2.801 2.802 2.855
319.875 548.8 369.867
3.824 3.825 3.870
328.25 548.8 369.867
3.472 3.477 3.524
332.688 548.8 379.333
2.523 2.529 2.582
319.875 548.8 369.867
3.824 3.825 3.870
316.177 548.8 360.4
5.170 5.170 5.211
323.812 548.8 360.4
4.745 4.749 4.790
328.25 548.8 369.867
3.472 3.477 3.524
300.906 548.8 360.4
5.732 5.728 5.764
298.688 548.8 350.933
7.287 7.282 7.297
305.583 548.8 350.933
7.107 7.104 7.124
308.542 548.8 360.4
5.496 5.494 5.533
298.688 548.8 350.933
7.287 7.282 7.297
296.469 548.8 341.467
8.847 8.842 8.836
302.625 548.8 341.467
8.760 8.756 8.753
305.583 548.8 350.933
7.107 7.104 7.124
296.469 548.8 341.467
8.847 8.842 8.836
294.25 548.8 332
9.599 9.594 9.582
299.667 548.8 332
9.563 9.559 9.547
302.625 548.8 341.467
8.760 8.756 8.753
308.542 548.8 360.4
5.496 5.494 5.533
305.583 548.8 350.933
7.107 7.104 7.124
312.479 548.8 350.933
6.804 6.804 6.827
316.177 548.8 360.4
5.170 5.170 5.211
305.583 548.8 350.933
7.107 7.104 7.124
302.625 548.8 341.467
8.760 8.756 8.753
308.781 548.8 341.467
8.530 8.529 8.528
312.479 548.8 350.933
6.804 6.804 6.827
302.625 548.8 341.467
8.760 8.756 8.753
299.667 548.8 332
9.563 9.559 9.547
305.083 548.8 332
9.381 9.379 9.368
308.781 548.8 341.467
8.530 8.529 8.528
316.177 548.8 360.4
5.170 5.170 5.211
312.479 548.8 350.933
6.804 6.804 6.827
319.375 548.8 350.933
6.337 6.340 6.366
323.812 548.8 360.4
4.745 4.749 4.790
312.479 548.8 350.933
6.804 6.804 6.827
308.781 548.8 341.467
8.530 8.529 8.528
314.938 548.8 341.467
8.097 8.099 8.101
319.375 548.8 350.933
6.337 6.340 6.366
308.781 548.8 341.467
8.530 8.529 8.528
305.083 548.8 332
9.381 9.379 9.368
310.5 548.8 332
8.989 8.989 8.981
314.938 548.8 341.467
8.097 8.099 8.101
417 548.8 559.2
0.057 0.058 0.153
412.562 548.8 549.733
0.060 0.061 0.156
434.99 548.8 549.733
0.054 0.056 0.150
440.167 548.8 559.2
0.051 0.053 0.147
412.562 548.8 549.733
0.060 0.061 0.156
408.125 548.8 540.267
0.068 0.070 0.165
429.812 548.8 540.267
0.061 0.064 0.159
434.99 548.8 549.733
0.054 0.056 0.150
408.125 548.8 540.267
0.068 0.070 0.165
403.688 548.8 530.8
0.077 0.080 0.175
424.635 548.8 530.8
0.070 0.073 0.169
429.812 548.8 540.267
0.061 0.064 0.159
440.167 548.8 559.2
0.051 0.053 0.147
434.99 548.8 549.733
0.054 0.056 0.150
457.417 548.8 549.733
0.048 0.050 0.144
463.333 548.8 559.2
0.045 0.047 0.140
434.99 548.8 549.733
0.054 0.056 0.150
429.812 548.8 540.267
0.061 0.064 0.159
451.5 548.8 540.267
0.054 0.057 0.151
457.417 548.8 549.733
0.048 0.050 0.144
429.812 548.8 540.267
0.061 0.064 0.159
424.635 548.8 530.8
0.070 0.073 0.169
445.583 548.8 530.8
0.062 0.066 0.161
451.5 548.8 540.267
0.054 0.057 0.151
463.333 548.8 559.2
0.045 0.047 0.140
457.417 548.8 549.733
0.048 0.050 0.144
479.844 548.8 549.733
0.042 0.044 0.137
486.5 548.8 559.2
0.040 0.041 0.134
457.417 548.8 549.733
0.048 0.050 0.144
451.5 548.8 540.267
0.054 0.057 0.151
473.188 548.8 540.267
0.047 0.050 0.144
479.844 548.8 549.733
0.042 0.044 0.137
451.5 548.8 540.267
0.054 0.057 0.151
445.583 548.8 530.8
0.062 0.066 0.161
466.531 548.8 530.8
0.054 0.058 0.153
473.188 548.8 540.267
0.047 0.050 0.144
403.688 548.8 530.8
0.077 0.080 0.175
399.25 548.8 521.333
0.088 0.091 0.188
419.458 548.8 521.333
0.078 0.082 0.179
424.635 548.8 530.8
0.070 0.073 0.169
399.25 548.8 521.333
0.088 0.091 0.188
394.812 548.8 511.867
0.103 0.106 0.203
414.281 548.8 511.867
0.091 0.096 0.193
419.458 548.8 521.333
0.078 0.082 0.179
394.812 548.8 511.867
0.103 0.106 0.203
390.375 548.8 502.4
0.120 0.124 0.219
409.104 548.8 502.4
0.107 0.112 0.208
414.281 548.8 511.867
0.091 0.096 0.193
424.635 548.8 530.8
0.070 0.073 0.169
419.458 548.8 521.333
0.078 0.082 0.179
439.667 548.8 521.333
0.070 0.075 0.172
445.583 548.8 530.8
0.062 0.066 0.161
419.458 548.8 521.333
0.078 0.082 0.179
414.281 548.8 511.867
0.091 0.096 0.193
433.75 548.8 511.867
0.081 0.086 0.184
439.667 548.8 521.333
0.070 0.075 0.172
414.281 548.8 511.867
0.091 0.096 0.193
409.104 548.8 502.4
0.107 0.112 0.208
427.833 548.8 502.4
0.094 0.101 0.197
433.75 548.8 511.867
0.081 0.086 0.184
445.583 548.8 530.8
0.062 0.066 0.161
439.667 548.8 521.333
0.070 0.075 0.172
459.875 548.8 521.333
0.062 0.067 0.164
466.531 548.8 530.8
0.054 0.058 0.153
439.667 548.8 521.333
0.070 0.075 0.172
433.75 548.8 511.867
0.081 0.086 0.184
453.219 548.8 511.867
0.072 0.078 0.176
459.875 548.8 521.333
0.062 0.067 0.164
433.75 548.8 511.867
0.081 0.086 0.184
427.833 548.8 502.4
0.094 0.101 0.197
446.562 548.8 502.4
0.083 0.090 0.187
453.219 548.8 511.867
0.072 0.078 0.176
390.375 548.8 502.4
0.120 0.124 0.219
385.937 548.8 492.933
0.141 0.146 0.240
403.927 548.8 492.933
0.125 0.131 0.227
409.104 548.8 502.4
0.107 0.112 0.208
385.937 548.8 492.933
0.141 0.146 0.240
381.5 548.8 483.467
0.168 0.172 0.267
398.75 548.8 483.467
0.148 0.155 0.250
403.927 548.8 492.933
0.125 0.131 0.227
381.5 548.8 483.467
0.168 0.172 0.267
377.062 548.8 474
0.200 0.205 0.299
393.573 548.8 474
0.176 0.184 0.278
398.75 548.8 483.467
0.148 0.155 0.250
409.104 548.8 502.4
0.107 0.112 0.208
403.927 548.8 492.933
0.125 0.131 0.227
421.917 548.8 492.933
0.110 0.117 0.214
427.833 548.8 502.4
0.094 0.101 0.197
403.927 548.8 492.933
0.125 0.131 0.227
398.75 548.8 483.467
0.148 0.155 0.250
416 548.8 483.467
0.129 0.138 0.235
421.917 548.8 492.933
0.110 0.117 0.214
398.75 548.8 483.467
0.148 0.155 0.250
393.573 548.8 474
0.176 0.184 0.278
410.083 548.8 474
0.153 0.163 0.259
416 548.8 483.467
0.129 0.138 0.235
427.833 548.8 502.4
0.094 0.101 0.197
421.917 548.8 492.933
0.110 0.117 0.214
439.906 548.8 492.933
0.095 0.105 0.201
446.562 548.8 502.4
0.083 0.090 0.187
421.917 548.8 492.933
0.110 0.117 0.214
416 548.8 483.467
0.129 0.138 0.235
433.25 548.8 483.467
0.112 0.122 0.220
439.906 548.8 492.933
0.095 0.105 0.201
416 548.8 483.467
0.129 0.138 0.235
410.083 548.8 474
0.153 0.163 0.259
426.594 548.8 474
0.134 0.145 0.242
433.25 548.8 483.467
0.112 0.122 0.220
377.062 548.8 474
0.200 0.205 0.299
372.625 548.8 464.533
0.244 0.249 0.343
388.396 548.8 464.533
0.214 0.222 0.316
393.573 548.8 474
0.176 0.184 0.278
372.625 548.8 464.533
0.244 0.249 0.343
368.188 548.8 455.067
0.298 0.304 0.396
383.219 548.8 455.067
0.262 0.271 0.364
388.396 548.8 464.533
0.214 0.222 0.316
368.188 548.8 455.067
0.298 0.304 0.396
363.75 548.8 445.6
0.370 0.377 0.466
378.042 548.8 445.6
0.325 0.334 0.425
383.219 548.8 455.067
0.262 0.271 0.364
393.573 548.8 474
0.176 0.184 0.278
388.396 548.8 464.533
0.214 0.222 0.316
404.167 548.8 464.533
0.186 0.196 0.292
410.083 548.8 474
0.153 0.163 0.259
388.396 548.8 464.533
0.214 0.222 0.316
383.219 548.8 455.067
0.262 0.271 0.364
398.25 548.8 455.067
0.228 0.239 0.335
404.167 548.8 464.533
0.186 0.196 0.292
383.219 548.8 455.067
0.262 0.271 0.364
378.042 548.8 445.6
0.325 0.334 0.425
392.333 548.8 445.6
0.282 0.294 0.387
398.25 548.8 455.067
0.228 0.239 0.335
410.083 548.8 474
0.153 0.163 0.259
404.167 548.8 464.533
0.186 0.196 0.292
419.938 548.8 464.533
0.162 0.174 0.271
426.594 548.8 474
0.134 0.145 0.242
404.167 548.8 464.533
0.186 0.196 0.292
398.25 548.8 455.067
0.228 0.239 0.335
413.281 548.8 455.067
0.197 0.210 0.308
419.938 548.8 464.533
0.162 0.174 0.271
398.25 548.8 455.067
0.228 0.239 0.335
392.333 548.8 445.6
0.282 0.294 0.387
406.625 548.8 445.6
0.244 0.258 0.353
413.281 548.8 455.067
0.197 0.210 0.308
363.75 548.8 445.6
0.370 0.377 0.466
359.312 548.8 436.133
0.466 0.473 0.559
372.865 548.8 436.133
0.409 0.418 0.506
378.042 548.8 445.6
0.325 0.334 0.425
359.312 548.8 436.133
0.466 0.473 0.559
354.875 548.8 426.667
0.596 0.603 0.685
367.688 548.8 426.667
0.524 0.533 0.616
372.865 548.8 436.133
0.409 0.418 0.506
354.875 548.8 426.667
0.596 0.603 0.685
350.438 548.8 417.2
0.772 0.779 0.855
362.51 548.8 417.2
0.679 0.688 0.766
367.688 548.8 426.667
0.524 0.533 0.616
378.042 548.8 445.6
0.325 0.334 0.425
372.865 548.8 436.133
0.409 0.418 0.506
386.417 548.8 436.133
0.355 0.367 0.456
392.333 548.8 445.6
0.282 0.294 0.387
372.865 548.8 436.133
0.409 0.418 0.506
367.688 548.8 426.667
0.524 0.533 0.616
380.5 548.8 426.667
0.454 0.465 0.550
386.417 548.8 436.133
0.355 0.367 0.456
367.688 548.8 426.667
0.524 0.533 0.616
362.51 548.8 417.2
0.679 0.688 0.766
374.583 548.8 417.2
0.590 0.602 0.683
380.5 548.8 426.667
0.454 0.465 0.550
392.333 548.8 445.6
0.282 0.294 0.387
386.417 548.8 436.133
0.355 0.367 0.456
399.969 548.8 436.133
0.306 0.321 0.412
406.625 548.8 445.6
0.244 0.258 0.353
386.417 548.8 436.133
0.355 0.367 0.456
380.5 548.8 426.667
0.454 0.465 0.550
393.312 548.8 426.667
0.391 0.406 0.493
399.969 548.8 436.133
0.306 0.321 0.412
380.5 548.8 426.667
0.454 0.465 0.550
374.583 548.8 417.2
0.590 0.602 0.683
386.656 548.8 417.2
0.507 0.522 0.605
393.312 548.8 426.667
0.391 0.406 0.493
350.438 548.8 417.2
0.772 0.779 0.855
346 548.8 407.733
1.016 1.023 1.095
357.333 548.8 407.733
0.893 0.903 0.977
362.51 548.8 417.2
0.679 0.688 0.766
346 548.8 407.733
1.016 1.023 1.095
341.562 548.8 398.267
1.359 1.366 1.435
352.156 548.8 398.267
1.197 1.207 1.277
357.333 548.8 407.733
0.893 0.903 0.977
341.562 548.8 398.267
1.359 1.366 1.435
337.125 548.8 388.8
1.841 1.848 1.910
346.979 548.8 388.8
1.629 1.639 1.702
352.156 548.8 398.267
1.197 1.207 1.277
362.51 548.8 417.2
0.679 0.688 0.766
357.333 548.8 407.733
0.893 0.903 0.977
368.667 548.8 407.733
0.778 0.791 0.867
374.583 548.8 417.2
0.590 0.602 0.683
357.333 548.8 407.733
0.893 0.903 0.977
352.156 548.8 398.267
1.197 1.207 1.277
362.75 548.8 398.267
1.044 1.057 1.128
368.667 548.8 407.733
0.778 0.791 0.867
352.156 548.8 398.267
1.197 1.207 1.277
346.979 548.8 388.8
1.629 1.639 1.702
356.833 548.8 388.8
1.427 1.439 1.504
362.75 548.8 398.267
1.044 1.057 1.128
374.583 548.8 417.2
0.590 0.602 0.683
368.667 548.8 407.733
0.778 0.791 0.867
380 548.8 407.733
0.669 0.685 0.763
386.656 548.8 417.2
0.507 0.522 0.605
368.667 548.8 407.733
0.778 0.791 0.867
362.75 548.8 398.267
1.044 1.057 1.128
373.344 548.8 398.267
0.904 0.919 0.993
380 548.8 407.733
0.669 0.685 0.763
362.75 548.8 398.267
1.044 1.057 1.128
356.833 548.8 388.8
1.427 1.439 1.504
366.688 548.8 388.8
1.240 1.255 1.321
373.344 548.8 398.267
0.904 0.919 0.993
337.125 548.8 388.8
1.841 1.848 1.910
332.688 548.8 379.333
2.523 2.529 2.582
341.802 548.8 379.333
2.244 2.253 2.308
346.979 548.8 388.8
1.629 1.639 1.702
332.688 548.8 379.333
2.523 2.529 2.582
328.25 548.8 369.867
3.472 3.477 3.524
336.625 548.8 369.867
3.111 3.120 3.167
341.802 548.8 379.333
2.244 2.253 2.308
328.25 548.8 369.867
3.472 3.477 3.524
323.812 548.8 360.4
4.745 4.749 4.790
331.448 548.8 360.4
4.296 4.304 4.345
336.625 548.8 369.867
3.111 3.120 3.167
346.979 548.8 388.8
1.629 1.639 1.702
341.802 548.8 379.333
2.244 2.253 2.308
350.917 548.8 379.333
1.977 1.989 2.044
356.833 548.8 388.8
1.427 1.439 1.504
341.802 548.8 379.333
2.244 2.253 2.308
336.625 548.8 369.867
3.111 3.120 3.167
345 548.8 369.867
2.761 2.773 2.821
350.917 548.8 379.333
1.977 1.989 2.044
336.625 548.8 369.867
3.111 3.120 3.167
331.448 548.8 360.4
4.296 4.304 4.345
339.083 548.8 360.4
3.850 3.862 3.904
345 548.8 369.867
2.761 2.773 2.821
356.833 548.8 388.8
1.427 1.439 1.504
350.917 548.8 379.333
1.977 1.989 2.044
360.031 548.8 379.333
1.727 1.741 1.798
366.688 548.8 388.8
1.240 1.255 1.321
350.917 548.8 379.333
1.977 1.989 2.044
345 548.8 369.867
2.761 2.773 2.821
353.375 548.8 369.867
2.433 2.447 2.496
360.031 548.8 379.333
1.727 1.741 1.798
345 548.8 369.867
2.761 2.773 2.821
339.083 548.8 360.4
3.850 3.862 3.904
346.719 548.8 360.4
3.429 3.443 3.486
353.375 548.8 369.867
2.433 2.447 2.496
323.812 548.8 360.4
4.745 4.749 4.790
319.375 548.8 350.933
6.337 6.340 6.366
326.271 548.8 350.933
5.823 5.829 5.858
331.448 548.8 360.4
4.296 4.304 4.345
319.375 548.8 350.933
6.337 6.340 6.366
314.938 548.8 341.467
8.097 8.099 8.101
321.094 548.8 341.467
7.577 7.582 7.588
326.271 548.8 350.933
5.823 5.829 5.858
314.938 548.8 341.467
8.097 8.099 8.101
310.5 548.8 332
8.989 8.989 8.981
315.917 548.8 332
8.486 8.490 8.483
321.094 548.8 341.467
7.577 7.582 7.588
331.448 548.8 360.4
4.296 4.304 4.345
326.271 548.8 350.933
5.823 5.829 5.858
333.167 548.8 350.933
5.285 5.294 5.326
339.083 548.8 360.4
3.850 3.862 3.904
326.271 548.8 350.933
5.823 5.829 5.858
321.094 548.8 341.467
7.577 7.582 7.588
327.25 548.8 341.467
6.998 7.006 7.016
333.167 548.8 350.933
5.285 5.294 5.326
321.094 548.8 341.467
7.577 7.582 7.588
315.917 548.8 332
8.486 8.490 8.483
321.333 548.8 332
7.906 7.913 7.909
327.25 548.8 341.467
6.998 7.006 7.016
339.083 548.8 360.4
3.850 3.862 3.904
333.167 548.8 350.933
5.285 5.294 5.326
340.062 548.8 350.933
4.766 4.778 4.812
346.719 548.8 360.4
3.429 3.443 3.486
333.167 548.8 350.933
5.285 5.294 5.326
327.25 548.8 341.467
6.998 7.006 7.016
333.406 548.8 341.467
6.411 6.421 6.434
340.062 548.8 350.933
4.766 4.778 4.812
327.25 548.8 341.467
6.998 7.006 7.016
321.333 548.8 332
7.906 7.913 7.909
326.75 548.8 332
7.297 7.307 7.305
333.406 548.8 341.467
6.411 6.421 6.434
486.5 548.8 559.2
0.040 0.041 0.134
479.844 548.8 549.733
0.042 0.044 0.137
502.271 548.8 549.733
0.036 0.038 0.130
509.667 548.8 559.2
0.035 0.035 0.127
479.844 548.8 549.733
0.042 0.044 0.137
473.188 548.8 540.267
0.047 0.050 0.144
494.875 548.8 540.267
0.042 0.044 0.136
502.271 548.8 549.733
0.036 0.038 0.130
473.188 548.8 540.267
0.047 0.050 0.144
466.531 548.8 530.8
0.054 0.058 0.153
487.479 548.8 530.8
0.047 0.051 0.144
494.875 548.8 540.267
0.042 0.044 0.136
509.667 548.8 559.2
0.035 0.035 0.127
502.271 548.8 549.733
0.036 0.038 0.130
524.698 548.8 549.733
0.032 0.032 0.123
532.833 548.8 559.2
0.030 0.030 0.121
502.271 548.8 549.733
0.036 0.038 0.130
494.875 548.8 540.267
0.042 0.044 0.136
516.562 548.8 540.267
0.036 0.038 0.129
524.698 548.8 549.733
0.032 0.032 0.123
494.875 548.8 540.267
0.042 0.044 0.136
487.479 548.8 530.8
0.047 0.051 0.144
508.427 548.8 530.8
0.041 0.044 0.136
516.562 548.8 540.267
0.036 0.038 0.129
532.833 548.8 559.2
0.030 0.030 0.121
524.698 548.8 549.733
0.032 0.032 0.123
547.125 548.8 549.733
0.029 0.029 0.120
556 548.8 559.2
0.027 0.027 0.118
524.698 548.8 549.733
0.032 0.032 0.123
516.562 548.8 540.267
0.036 0.038 0.129
538.25 548.8 540.267
0.033 0.034 0.125
547.125 548.8 549.733
0.029 0.029 0.120
516.562 548.8 540.267
0.036 0.038 0.129
508.427 548.8 530.8
0.041 0.044 0.136
529.375 548.8 530.8
0.038 0.040 0.132
538.25 548.8 540.267
0.033 0.034 0.125
466.531 548.8 530.8
0.054 0.058 0.153
459.875 548.8 521.333
0.062 0.067 0.164
480.083 548.8 521.333
0.053 0.059 0.154
487.479 548.8 530.8
0.047 0.051 0.144
459.875 548.8 521.333
0.062 0.067 0.164
453.219 548.8 511.867
0.072 0.078 0.176
472.688 548.8 511.867
0.061 0.068 0.165
480.083 548.8 521.333
0.053 0.059 0.154
453.219 548.8 511.867
0.072 0.078 0.176
446.562 548.8 502.4
0.083 0.090 0.187
465.292 548.8 502.4
0.071 0.079 0.175
472.688 548.8 511.867
0.061 0.068 0.165
487.479 548.8 530.8
0.047 0.051 0.144
480.083 548.8 521.333
0.053 0.059 0.154
500.292 548.8 521.333
0.046 0.050 0.145
508.427 548.8 530.8
0.041 0.044 0.136
480.083 548.8 521.333
0.053 0.059 0.154
472.688 548.8 511.867
0.061 0.068 0.165
492.156 548.8 511.867
0.053 0.059 0.155
500.292 548.8 521.333
0.046 0.050 0.145
472.688 548.8 511.867
0.061 0.068 0.165
465.292 548.8 502.4
0.071 0.079 0.175
484.021 548.8 502.4
0.061 0.069 0.163
492.156 548.8 511.867
0.053 0.059 0.155
508.427 548.8 530.8
0.041 0.044 0.136
500.292 548.8 521.333
0.046 0.050 0.145
520.5 548.8 521.333
0.043 0.047 0.141
529.375 548.8 530.8
0.038 0.040 0.132
500.292 548.8 521.333
0.046 0.050 0.145
492.156 548.8 511.867
0.053 0.059 0.155
511.625 548.8 511.867
0.049 0.055 0.150
520.5 548.8 521.333
0.043 0.047 0.141
492.156 548.8 511.867
0.053 0.059 0.155
484.021 548.8 502.4
0.061 0.069 0.163
502.75 548.8 502.4
0.056 0.065 0.159
511.625 548.8 511.867
0.049 0.055 0.150
446.562 548.8 502.4
0.083 0.090 0.187
439.906 548.8 492.933
0.095 0.105 0.201
457.896 548.8 492.933
0.082 0.092 0.188
465.292 548.8 502.4
0.071 0.079 0.175
439.906 548.8 492.933
0.095 0.105 0.201
433.25 548.8 483.467
0.112 0.122 0.220
450.5 548.8 483.467
0.097 0.109 0.206
457.896 548.8 492.933
0.082 0.092 0.188
433.25 548.8 483.467
0.112 0.122 0.220
426.594 548.8 474
0.134 0.145 0.242
443.104 548.8 474
0.116 0.129 0.226
450.5 548.8 483.467
0.097 0.109 0.206
465.292 548.8 502.4
0.071 0.079 0.175
457.896 548.8 492.933
0.082 0.092 0.188
475.885 548.8 492.933
0.071 0.081 0.176
484.021 548.8 502.4
0.061 0.069 0.163
457.896 548.8 492.933
0.082 0.092 0.188
450.5 548.8 483.467
0.097 0.109 0.206
467.75 548.8 483.467
0.083 0.096 0.191
475.885 548.8 492.933
0.071 0.081 0.176
450.5 548.8 483.467
0.097 0.109 0.206
443.104 548.8 474
0.116 0.129 0.226
459.615 548.8 474
0.099 0.113 0.208
467.75 548.8 483.467
0.083 0.096 0.191
484.021 548.8 502.4
0.061 0.069 0.163
475.885 548.8 492.933
0.071 0.081 0.176
493.875 548.8 492.933
0.066 0.077 0.170
502.75 548.8 502.4
0.056 0.065 0.159
475.885 548.8 492.933
0.071 0.081 0.176
467.75 548.8 483.467
0.083 0.096 0.191
485 548.8 483.467
0.077 0.091 0.185
493.875 548.8 492.933
0.066 0.077 0.170
467.75 548.8 483.467
0.083 0.096 0.191
459.615 548.8 474
0.099 0.113 0.208
476.125 548.8 474
0.091 0.107 0.201
485 548.8 483.467
0.077 0.091 0.185
426.594 548.8 474
0.134 0.145 0.242
419.938 548.8 464.533
0.162 0.174 0.271
435.708 548.8 464.533
0.140 0.154 0.251
443.104 548.8 474
0.116 0.129 0.226
419.938 548.8 464.533
0.162 0.174 0.271
413.281 548.8 455.067
0.197 0.210 0.308
428.312 548.8 455.067
0.170 0.185 0.282
435.708 548.8 464.533
0.140 0.154 0.251
413.281 548.8 455.067
0.197 0.210 0.308
406.625 548.8 445.6
0.244 0.258 0.353
420.917 548.8 445.6
0.210 0.226 0.323
428.312 548.8 455.067
0.170 0.185 0.282
443.104 548.8 474
0.116 0.129 0.226
435.708 548.8 464.533
0.140 0.154 0.251
451.479 548.8 464.533
0.120 0.136 0.232
459.615 548.8 474
0.099 0.113 0.208
435.708 548.8 464.533
0.140 0.154 0.251
428.312 548.8 455.067
0.170 0.185 0.282
443.344 548.8 455.067
0.145 0.163 0.259
451.479 548.8 464.533
0.120 0.136 0.232
428.312 548.8 455.067
0.170 0.185 0.282
420.917 548.8 445.6
0.210 0.226 0.323
435.208 548.8 445.6
0.179 0.198 0.294
443.344 548.8 455.067
0.145 0.163 0.259
459.615 548.8 474
0.099 0.113 0.208
451.479 548.8 464.533
0.120 0.136 0.232
467.25 548.8 464.533
0.110 0.128 0.222
476.125 548.8 474
0.091 0.107 0.201
451.479 548.8 464.533
0.120 0.136 0.232
443.344 548.8 455.067
0.145 0.163 0.259
458.375 548.8 455.067
0.134 0.154 0.248
467.25 548.8 464.533
0.110 0.128 0.222
443.344 548.8 455.067
0.145 0.163 0.259
435.208 548.8 445.6
0.179 0.198 0.294
449.5 548.8 445.6
0.164 0.186 0.280
458.375 548.8 455.067
0.134 0.154 0.248
406.625 548.8 445.6
0.244 0.258 0.353
399.969 548.8 436.133
0.306 0.321 0.412
413.521 548.8 436.133
0.263 0.280 0.374
420.917 548.8 445.6
0.210 0.226 0.323
399.969 548.8 436.133
0.306 0.321 0.412
393.312 548.8 426.667
0.391 0.406 0.493
406.125 548.8 426.667
0.334 0.352 0.442
413.521 548.8 436.133
0.263 0.280 0.374
393.312 548.8 426.667
0.391 0.406 0.493
386.656 548.8 417.2
0.507 0.522 0.605
398.729 548.8 417.2
0.433 0.451 0.538
406.125 548.8 426.667
0.334 0.352 0.442
420.917 548.8 445.6
0.210 0.226 0.323
413.521 548.8 436.133
0.263 0.280 0.374
427.073 548.8 436.133
0.224 0.244 0.338
435.208 548.8 445.6
0.179 0.198 0.294
413.521 548.8 436.133
0.263 0.280 0.374
406.125 548.8 426.667
0.334 0.352 0.442
418.938 548.8 426.667
0.284 0.305 0.396
427.073 548.8 436.133
0.224 0.244 0.338
406.125 548.8 426.667
0.334 0.352 0.442
398.729 548.8 417.2
0.433 0.451 0.538
410.802 548.8 417.2
0.369 0.390 0.480
418.938 548.8 426.667
0.284 0.305 0.396
435.208 548.8 445.6
0.179 0.198 0.294
427.073 548.8 436.133
0.224 0.244 0.338
440.625 548.8 436.133
0.205 0.229 0.322
449.5 548.8 445.6
0.164 0.186 0.280
427.073 548.8 436.133
0.224 0.244 0.338
418.938 548.8 426.667
0.284 0.305 0.396
431.75 548.8 426.667
0.263 0.287 0.378
440.625 548.8 436.133
0.205 0.229 0.322
418.938 548.8 426.667
0.284 0.305 0.396
410.802 548.8 417.2
0.369 0.390 0.480
422.875 548.8 417.2
0.342 0.365 0.456
431.75 548.8 426.667
0.263 0.287 0.378
386.656 548.8 417.2
0.507 0.522 0.605
380 548.8 407.733
0.669 0.685 0.763
391.333 548.8 407.733
0.574 0.592 0.674
398.729 548.8 417.2
0.433 0.451 0.538
380 548.8 407.733
0.669 0.685 0.763
373.344 548.8 398.267
0.904 0.919 0.993
383.938 548.8 398.267
0.776 0.794 0.871
391.333 548.8 407.733
0.574 0.592 0.674
373.344 548.8 398.267
0.904 0.919 0.993
366.688 548.8 388.8
1.240 1.255 1.321
376.542 548.8 388.8
1.071 1.088 1.157
383.938 548.8 398.267
0.776 0.794 0.871
398.729 548.8 417.2
0.433 0.451 0.538
391.333 548.8 407.733
0.574 0.592 0.674
402.667 548.8 407.733
0.490 0.511 0.598
410.802 548.8 417.2
0.369 0.390 0.480
391.333 548.8 407.733
0.574 0.592 0.674
383.938 548.8 398.267
0.776 0.794 0.871
394.531 548.8 398.267
0.662 0.682 0.765
402.667 548.8 407.733
0.490 0.511 0.598
383.938 548.8 398.267
0.776 0.794 0.871
376.542 548.8 388.8
1.071 1.088 1.157
386.396 548.8 388.8
0.915 0.935 1.008
394.531 548.8 398.267
0.662 0.682 0.765
410.802 548.8 417.2
0.369 0.390 0.480
402.667 548.8 407.733
0.490 0.511 0.598
414 548.8 407.733
0.452 0.475 0.566
422.875 548.8 417.2
0.342 0.365 0.456
402.667 548.8 407.733
0.490 0.511 0.598
394.531 548.8 398.267
0.662 0.682 0.765
405.125 548.8 398.267
0.612 0.635 0.720
414 548.8 407.733
0.452 0.475 0.566
394.531 548.8 398.267
0.662 0.682 0.765
386.396 548.8 388.8
0.915 0.935 1.008
396.25 548.8 388.8
0.846 0.868 0.943
405.125 548.8 398.267
0.612 0.635 0.720
366.688 548.8 388.8
1.240 1.255 1.321
360.031 548.8 379.333
1.727 1.741 1.798
369.146 548.8 379.333
1.499 1.515 1.574
376.542 548.8 388.8
1.071 1.088 1.157
360.031 548.8 379.333
1.727 1.741 1.798
353.375 548.8 369.867
2.433 2.447 2.496
361.75 548.8 369.867
2.130 2.146 2.196
369.146 548.8 379.333
1.499 1.515 1.574
353.375 548.8 369.867
2.433 2.447 2.496
346.719 548.8 360.4
3.429 3.443 3.486
354.354 548.8 360.4
3.040 3.055 3.099
361.75 548.8 369.867
2.130 2.146 2.196
376.542 548.8 388.8
1.071 1.088 1.157
369.146 548.8 379.333
1.499 1.515 1.574
378.26 548.8 379.333
1.293 1.312 1.374
386.396 548.8 388.8
0.915 0.935 1.008
369.146 548.8 379.333
1.499 1.515 1.574
361.75 548.8 369.867
2.130 2.146 2.196
370.125 548.8 369.867
1.857 1.876 1.929
378.26 548.8 379.333
1.293 1.312 1.374
361.75 548.8 369.867
2.130 2.146 2.196
354.354 548.8 360.4
3.040 3.055 3.099
361.99 548.8 360.4
2.687 2.704 2.749
370.125 548.8 369.867
1.857 1.876 1.929
386.396 548.8 388.8
0.915 0.935 1.008
378.26 548.8 379.333
1.293 1.312 1.374
387.375 548.8 379.333
1.199 1.220 1.285
396.25 548.8 388.8
0.846 0.868 0.943
378.26 548.8 379.333
1.293 1.312 1.374
370.125 548.8 369.867
1.857 1.876 1.929
378.5 548.8 369.867
1.734 1.754 1.810
387.375 548.8 379.333
1.199 1.220 1.285
370.125 548.8 369.867
1.857 1.876 1.929
361.99 548.8 360.4
2.687 2.704 2.749
369.625 548.8 360.4
2.531 2.551 2.595
378.5 548.8 369.867
1.734 1.754 1.810
346.719 548.8 360.4
3.429 3.443 3.486
340.062 548.8 350.933
4.766 4.778 4.812
346.958 548.8 350.933
4.285 4.299 4.335
354.354 548.8 360.4
3.040 3.055 3.099
340.062 548.8 350.933
4.766 4.778 4.812
333.406 548.8 341.467
6.411 6.421 6.434
339.562 548.8 341.467
5.852 5.865 5.881
346.958 548.8 350.933
4.285 4.299 4.335
333.406 548.8 341.467
6.411 6.421 6.434
326.75 548.8 332
7.297 7.307 7.305
332.167 548.8 332
6.705 6.717 6.719
339.562 548.8 341.467
5.852 5.865 5.881
354.354 548.8 360.4
3.040 3.055 3.099
346.958 548.8 350.933
4.285 4.299 4.335
353.854 548.8 350.933
3.843 3.859 3.895
361.99 548.8 360.4
2.687 2.704 2.749
346.958 548.8 350.933
4.285 4.299 4.335
339.562 548.8 341.467
5.852 5.865 5.881
345.719 548.8 341.467
5.336 5.350 5.368
353.854 548.8 350.933
3.843 3.859 3.895
339.562 548.8 341.467
5.852 5.865 5.881
332.167 548.8 332
6.705 6.717 6.719
337.583 548.8 332
6.161 6.175 6.181
345.719 548.8 341.467
5.336 5.350 5.368
361.99 548.8 360.4
2.687 2.704 2.749
353.854 548.8 350.933
3.843 3.859 3.895
360.75 548.8 350.933
3.652 3.670 3.705
369.625 548.8 360.4
2.531 2.551 2.595
353.854 548.8 350.933
3.843 3.859 3.895
345.719 548.8 341.467
5.336 5.350 5.368
351.875 548.8 341.467
5.104 5.120 5.138
360.75 548.8 350.933
3.652 3.670 3.705
345.719 548.8 341.467
5.336 5.350 5.368
337.583 548.8 332
6.161 6.175 6.181
343 548.8 332
5.909 5.925 5.930
351.875 548.8 341.467
5.104 5.120 5.138
556 548.8 559.2
0.027 0.027 0.118
547.125 548.8 549.733
0.029 0.029 0.120
547.125 548.8 527.222
0.032 0.031 0.124
556 548.8 535.9
0.029 0.029 0.120
547.125 548.8 549.733
0.029 0.029 0.120
538.25 548.8 540.267
0.033 0.034 0.125
538.25 548.8 518.544
0.036 0.037 0.130
547.125 548.8 527.222
0.032 0.031 0.124
538.25 548.8 540.267
0.033 0.034 0.125
529.375 548.8 530.8
0.038 0.040 0.132
529.375 548.8 509.866
0.040 0.043 0.138
538.25 548.8 518.544
0.036 0.037 0.130
556 548.8 535.9
0.029 0.029 0.120
547.125 548.8 527.222
0.032 0.031 0.124
547.125 548.8 504.71
0.037 0.037 0.132
556 548.8 512.6
0.034 0.034 0.128
547.125 548.8 527.222
0.032 0.031 0.124
538.25 548.8 518.544
0.036 0.037 0.130
538.25 548.8 496.821
0.042 0.044 0.140
547.125 548.8 504.71
0.037 0.037 0.132
538.25 548.8 518.544
0.036 0.037 0.130
529.375 548.8 509.866
0.040 0.043 0.138
529.375 548.8 488.931
0.047 0.052 0.148
538.25 548.8 496.821
0.042 0.044 0.140
556 548.8 512.6
0.034 0.034 0.128
547.125 548.8 504.71
0.037 0.037 0.132
547.125 548.8 482.199
0.043 0.045 0.142
556 548.8 489.3
0.040 0.040 0.138
547.125 548.8 504.71
0.037 0.037 0.132
538.25 548.8 496.821
0.042 0.044 0.140
538.25 548.8 475.098
0.049 0.054 0.150
547.125 548.8 482.199
0.043 0.045 0.142
538.25 548.8 496.821
0.042 0.044 0.140
529.375 548.8 488.931
0.047 0.052 0.148
529.375 548.8 467.997
0.056 0.064 0.159
538.25 548.8 475.098
0.049 0.054 0.150
529.375 548.8 530.8
0.038 0.040 0.132
520.5 548.8 521.333
0.043 0.047 0.141
520.5 548.8 501.188
0.047 0.051 0.146
529.375 548.8 509.866
0.040 0.043 0.138
520.5 548.8 521.333
0.043 0.047 0.141
511.625 548.8 511.867
0.049 0.055 0.150
511.625 548.8 492.509
0.052 0.061 0.155
520.5 548.8 501.188
0.047 0.051 0.146
511.625 548.8 511.867
0.049 0.055 0.150
502.75 548.8 502.4
0.056 0.065 0.159
502.75 548.8 483.831
0.061 0.072 0.165
511.625 548.8 492.509
0.052 0.061 0.155
529.375 548.8 509.866
0.040 0.043 0.138
520.5 548.8 501.188
0.047 0.051 0.146
520.5 548.8 481.042
0.054 0.062 0.156
529.375 548.8 488.931
0.047 0.052 0.148
520.5 548.8 501.188
0.047 0.051 0.146
511.625 548.8 492.509
0.052 0.061 0.155
511.625 548.8 473.152
0.061 0.073 0.166
520.5 548.8 481.042
0.054 0.062 0.156
511.625 548.8 492.509
0.052 0.061 0.155
502.75 548.8 483.831
0.061 0.072 0.165
502.75 548.8 465.263
0.071 0.087 0.178
511.625 548.8 473.152
0.061 0.073 0.166
529.375 548.8 488.931
0.047 0.052 0.148
520.5 548.8 481.042
0.054 0.062 0.156
520.5 548.8 460.896
0.063 0.076 0.168
529.375 548.8 467.997
0.056 0.064 0.159
520.5 548.8 481.042
0.054 0.062 0.156
511.625 548.8 473.152
0.061 0.073 0.166
511.625 548.8 453.795
0.072 0.090 0.179
520.5 548.8 460.896
0.063 0.076 0.168
511.625 548.8 473.152
0.061 0.073 0.166
502.75 548.8 465.263
0.071 0.087 0.178
502.75 548.8 446.694
0.083 0.105 0.193
511.625 548.8 453.795
0.072 0.090 0.179
502.75 548.8 502.4
0.056 0.065 0.159
493.875 548.8 492.933
0.066 0.077 0.170
493.875 548.8 475.153
0.071 0.085 0.177
502.75 548.8 483.831
0.061 0.072 0.165
493.875 548.8 492.933
0.066 0.077 0.170
485 548.8 483.467
0.077 0.091 0.185
485 548.8 466.475
0.084 0.101 0.193
493.875 548.8 475.153
0.071 0.085 0.177
485 548.8 483.467
0.077 0.091 0.185
476.125 548.8 474
0.091 0.107 0.201
476.125 548.8 457.797
0.100 0.120 0.211
485 548.8 466.475
0.084 0.101 0.193
502.75 548.8 483.831
0.061 0.072 0.165
493.875 548.8 475.153
0.071 0.085 0.177
493.875 548.8 457.373
0.083 0.103 0.192
502.75 548.8 465.263
0.071 0.087 0.178
493.875 548.8 475.153
0.071 0.085 0.177
485 548.8 466.475
0.084 0.101 0.193
485 548.8 449.483
0.098 0.121 0.210
493.875 548.8 457.373
0.083 0.103 0.192
485 548.8 466.475
0.084 0.101 0.193
476.125 548.8 457.797
0.100 0.120 0.211
476.125 548.8 441.594
0.116 0.143 0.231
485 548.8 449.483
0.098 0.121 0.210
502.75 548.8 465.263
0.071 0.087 0.178
493.875 548.8 457.373
0.083 0.103 0.192
493.875 548.8 439.593
0.097 0.124 0.209
502.75 548.8 446.694
0.083 0.105 0.193
493.875 548.8 457.373
0.083 0.103 0.192
485 548.8 449.483
0.098 0.121 0.210
485 548.8 432.492
0.115 0.145 0.229
493.875 548.8 439.593
0.097 0.124 0.209
485 548.8 449.483
0.098 0.121 0.210
476.125 548.8 441.594
0.116 0.143 0.231
476.125 548.8 425.391
0.137 0.170 0.254
485 548.8 432.492
0.115 0.145 0.229
476.125 548.8 474
0.091 0.107 0.201
467.25 548.8 464.533
0.110 0.128 0.222
467.25 548.8 449.119
0.120 0.142 0.233
476.125 548.8 457.797
0.100 0.120 0.211
467.25 548.8 464.533
0.110 0.128 0.222
458.375 548.8 455.067
0.134 0.154 0.248
458.375 548.8 440.441
0.147 0.171 0.262
467.25 548.8 449.119
0.120 0.142 0.233
458.375 548.8 455.067
0.134 0.154 0.248
449.5 548.8 445.6
0.164 0.186 0.280
449.5 548.8 431.762
0.180 0.206 0.297
458.375 548.8 440.441
0.147 0.171 0.262
476.125 548.8 457.797
0.100 0.120 0.211
467.25 548.8 449.119
0.120 0.142 0.233
467.25 548.8 433.704
0.141 0.169 0.257
476.125 548.8 441.594
0.116 0.143 0.231
467.25 548.8 449.119
0.120 0.142 0.233
458.375 548.8 440.441
0.147 0.171 0.262
458.375 548.8 425.815
0.173 0.202 0.291
467.25 548.8 433.704
0.141 0.169 0.257
458.375 548.8 440.441
0.147 0.171 0.262
449.5 548.8 431.762
0.180 0.206 0.297
449.5 548.8 417.925
0.213 0.244 0.333
458.375 548.8 425.815
0.173 0.202 0.291
476.125 548.8 441.594
0.116 0.143 0.231
467.25 548.8 433.704
0.141 0.169 0.257
467.25 548.8 418.29
0.165 0.200 0.285
476.125 548.8 425.391
0.137 0.170 0.254
467.25 548.8 433.704
0.141 0.169 0.257
458.375 548.8 425.815
0.173 0.202 0.291
458.375 548.8 411.189
0.204 0.240 0.324
467.25 548.8 418.29
0.165 0.200 0.285
458.375 548.8 425.815
0.173 0.202 0.291
449.5 548.8 417.925
0.213 0.244 0.333
449.5 548.8 404.087
0.255 0.290 0.376
458.375 548.8 411.189
0.204 0.240 0.324
449.5 548.8 445.6
0.164 0.186 0.280
440.625 548.8 436.133
0.205 0.229 0.322
440.625 548.8 423.084
0.224 0.252 0.343
449.5 548.8 431.762
0.180 0.206 0.297
440.625 548.8 436.133
0.205 0.229 0.322
431.75 548.8 426.667
0.263 0.287 0.378
431.75 548.8 414.406
0.289 0.316 0.406
440.625 548.8 423.084
0.224 0.252 0.343
431.75 548.8 426.667
0.263 0.287 0.378
422.875 548.8 417.2
0.342 0.365 0.456
422.875 548.8 405.728
0.377 0.402 0.493
431.75 548.8 414.406
0.289 0.316 0.406
449.5 548.8 431.762
0.180 0.206 0.297
440.625 548.8 423.084
0.224 0.252 0.343
440.625 548.8 410.035
0.268 0.299 0.388
449.5 548.8 417.925
0.213 0.244 0.333
440.625 548.8 423.084
0.224 0.252 0.343
431.75 548.8 414.406
0.289 0.316 0.406
431.75 548.8 402.146
0.344 0.374 0.462
440.625 548.8 410.035
0.268 0.299 0.388
431.75 548.8 414.406
0.289 0.316 0.406
422.875 548.8 405.728
0.377 0.402 0.493
422.875 548.8 394.256
0.450 0.478 0.565
431.75 548.8 402.146
0.344 0.374 0.462
449.5 548.8 417.925
0.213 0.244 0.333
440.625 548.8 410.035
0.268 0.299 0.388
440.625 548.8 396.986
0.320 0.355 0.441
449.5 548.8 404.087
0.255 0.290 0.376
440.625 548.8 410.035
0.268 0.299 0.388
431.75 548.8 402.146
0.344 0.374 0.462
431.75 548.8 389.885
0.411 0.444 0.528
440.625 548.8 396.986
0.320 0.355 0.441
431.75 548.8 402.146
0.344 0.374 0.462
422.875 548.8 394.256
0.450 0.478 0.565
422.875 548.8 382.784
0.539 0.569 0.653
431.75 548.8 389.885
0.411 0.444 0.528
422.875 548.8 417.2
0.342 0.365 0.456
414 548.8 407.733
0.452 0.475 0.566
414 548.8 397.05
0.499 0.525 0.614
422.875 548.8 405.728
0.377 0.402 0.493
414 548.8 407.733
0.452 0.475 0.566
405.125 548.8 398.267
0.612 0.635 0.720
405.125 548.8 388.372
0.676 0.702 0.785
414 548.8 397.05
0.499 0.525 0.614
405.125 548.8 398.267
0.612 0.635 0.720
396.25 548.8 388.8
0.846 0.868 0.943
396.25 548.8 379.694
0.936 0.960 1.034
405.125 548.8 388.372
0.676 0.702 0.785
422.875 548.8 405.728
0.377 0.402 0.493
414 548.8 397.05
0.499 0.525 0.614
414 548.8 386.367
0.597 0.625 0.711
422.875 548.8 394.256
0.450 0.478 0.565
414 548.8 397.05
0.499 0.525 0.614
405.125 548.8 388.372
0.676 0.702 0.785
405.125 548.8 378.477
0.810 0.838 0.919
414 548.8 386.367
0.597 0.625 0.711
405.125 548.8 388.372
0.676 0.702 0.785
396.25 548.8 379.694
0.936 0.960 1.034
396.25 548.8 370.587
1.125 1.150 1.222
405.125 548.8 378.477
0.810 0.838 0.919
422.875 548.8 394.256
0.450 0.478 0.565
414 548.8 386.367
0.597 0.625 0.711
414 548.8 375.683
0.716 0.747 0.830
422.875 548.8 382.784
0.539 0.569 0.653
414 548.8 386.367
0.597 0.625 0.711
405.125 548.8 378.477
0.810 0.838 0.919
405.125 548.8 368.582
0.973 1.003 1.083
414 548.8 375.683
0.716 0.747 0.830
405.125 548.8 378.477
0.810 0.838 0.919
396.25 548.8 370.587
1.125 1.150 1.222
396.25 548.8 361.481
1.351 1.379 1.448
405.125 548.8 368.582
0.973 1.003 1.083
396.25 548.8 388.8
0.846 0.868 0.943
387.375 548.8 379.333
1.199 1.220 1.285
387.375 548.8 371.016
1.324 1.347 1.411
396.25 548.8 379.694
0.936 0.960 1.034
387.375 548.8 379.333
1.199 1.220 1.285
378.5 548.8 369.867
1.734 1.754 1.810
378.5 548.8 362.337
1.907 1.928 1.982
387.375 548.8 371.016
1.324 1.347 1.411
378.5 548.8 369.867
1.734 1.754 1.810
369.625 548.8 360.4
2.531 2.551 2.595
369.625 548.8 353.659
2.756 2.776 2.817
378.5 548.8 362.337
1.907 1.928 1.982
396.25 548.8 379.694
0.936 0.960 1.034
387.375 548.8 371.016
1.324 1.347 1.411
387.375 548.8 362.698
1.589 1.613 1.674
396.25 548.8 370.587
1.125 1.150 1.222
387.375 548.8 371.016
1.324 1.347 1.411
378.5 548.8 362.337
1.907 1.928 1.982
378.5 548.8 354.808
2.266 2.288 2.337
387.375 548.8 362.698
1.589 1.613 1.674
378.5 548.8 362.337
1.907 1.928 1.982
369.625 548.8 353.659
2.756 2.776 2.817
369.625 548.8 346.919
3.213 3.234 3.270
378.5 548.8 354.808
2.266 2.288 2.337
396.25 548.8 370.587
1.125 1.150 1.222
387.375 548.8 362.698
1.589 1.613 1.674
387.375 548.8 354.38
1.897 1.922 1.979
396.25 548.8 361.481
1.351 1.379 1.448
387.375 548.8 362.698
1.589 1.613 1.674
378.5 548.8 354.808
2.266 2.288 2.337
378.5 548.8 347.279
2.669 2.692 2.735
387.375 548.8 354.38
1.897 1.922 1.979
378.5 548.8 354.808
2.266 2.288 2.337
369.625 548.8 346.919
3.213 3.234 3.270
369.625 548.8 340.178
3.710 3.732 3.759
378.5 548.8 347.279
2.669 2.692 2.735
369.625 548.8 360.4
2.531 2.551 2.595
360.75 548.8 350.933
3.652 3.670 3.705
360.75 548.8 344.981
3.923 3.941 3.971
369.625 548.8 353.659
2.756 2.776 2.817
360.75 548.8 350.933
3.652 3.670 3.705
351.875 548.8 341.467
5.104 5.120 5.138
351.875 548.8 336.303
5.374 5.391 5.402
360.75 548.8 344.981
3.923 3.941 3.971
351.875 548.8 341.467
5.104 5.120 5.138
343 548.8 332
5.909 5.925 5.930
343 548.8 327.625
6.157 6.175 6.171
351.875 548.8 336.303
5.374 5.391 5.402
369.625 548.8 353.659
2.756 2.776 2.817
360.75 548.8 344.981
3.923 3.941 3.971
360.75 548.8 339.029
4.441 4.459 4.480
369.625 548.8 346.919
3.213 3.234 3.270
360.75 548.8 344.981
3.923 3.941 3.971
351.875 548.8 336.303
5.374 5.391 5.402
351.875 548.8 331.14
5.867 5.885 5.885
360.75 548.8 339.029
4.441 4.459 4.480
351.875 548.8 336.303
5.374 5.391 5.402
343 548.8 327.625
6.157 6.175 6.171
343 548.8 323.25
6.613 6.632 6.618
351.875 548.8 331.14
5.867 5.885 5.885
369.625 548.8 346.919
3.213 3.234 3.270
360.75 548.8 339.029
4.441 4.459 4.480
360.75 548.8 333.077
4.977 4.996 5.005
369.625 548.8 340.178
3.710 3.732 3.759
360.75 548.8 339.029
4.441 4.459 4.480
351.875 548.8 331.14
5.867 5.885 5.885
351.875 548.8 325.976
6.338 6.355 6.345
360.75 548.8 333.077
4.977 4.996 5.005
351.875 548.8 331.14
5.867 5.885 5.885
343 548.8 323.25
6.613 6.632 6.618
343 548.8 318.875
7.022 7.041 7.021
351.875 548.8 325.976
6.338 6.355 6.345
556 548.8 489.3
0.040 0.040 0.138
547.125 548.8 482.199
0.043 0.045 0.142
547.125 548.8 459.688
0.050 0.053 0.152
556 548.8 466
0.046 0.047 0.147
547.125 548.8 482.199
0.043 0.045 0.142
538.25 548.8 475.098
0.049 0.054 0.150
538.25 548.8 453.375
0.057 0.065 0.161
547.125 548.8 459.688
0.050 0.053 0.152
538.25 548.8 475.098
0.049 0.054 0.150
529.375 548.8 467.997
0.056 0.064 0.159
529.375 548.8 447.063
0.064 0.078 0.171
538.25 548.8 453.375
0.057 0.065 0.161
556 548.8 466
0.046 0.047 0.147
547.125 548.8 459.688
0.050 0.053 0.152
547.125 548.8 437.176
0.057 0.062 0.162
556 548.8 442.7
0.053 0.055 0.156
547.125 548.8 459.688
0.050 0.053 0.152
538.25 548.8 453.375
0.057 0.065 0.161
538.25 548.8 431.652
0.065 0.077 0.172
547.125 548.8 437.176
0.057 0.062 0.162
538.25 548.8 453.375
0.057 0.065 0.161
529.375 548.8 447.063
0.064 0.078 0.171
529.375 548.8 426.128
0.074 0.093 0.183
538.25 548.8 431.652
0.065 0.077 0.172
556 548.8 442.7
0.053 0.055 0.156
547.125 548.8 437.176
0.057 0.062 0.162
547.125 548.8 414.665
0.065 0.073 0.173
556 548.8 419.4
0.061 0.065 0.167
547.125 548.8 437.176
0.057 0.062 0.162
538.25 548.8 431.652
0.065 0.077 0.172
538.25 548.8 409.929
0.074 0.091 0.184
547.125 548.8 414.665
0.065 0.073 0.173
538.25 548.8 431.652
0.065 0.077 0.172
529.375 548.8 426.128
0.074 0.093 0.183
529.375 548.8 405.194
0.085 0.111 0.197
538.25 548.8 409.929
0.074 0.091 0.184
529.375 548.8 467.997
0.056 0.064 0.159
520.5 548.8 460.896
0.063 0.076 0.168
520.5 548.8 440.75
0.073 0.092 0.181
529.375 548.8 447.063
0.064 0.078 0.171
520.5 548.8 460.896
0.063 0.076 0.168
511.625 548.8 453.795
0.072 0.090 0.179
511.625 548.8 434.438
0.084 0.109 0.195
520.5 548.8 440.75
0.073 0.092 0.181
511.625 548.8 453.795
0.072 0.090 0.179
502.75 548.8 446.694
0.083 0.105 0.193
502.75 548.8 428.125
0.097 0.127 0.210
511.625 548.8 434.438
0.084 0.109 0.195
529.375 548.8 447.063
0.064 0.078 0.171
520.5 548.8 440.75
0.073 0.092 0.181
520.5 548.8 420.604
0.085 0.111 0.196
529.375 548.8 426.128
0.074 0.093 0.183
520.5 548.8 440.75
0.073 0.092 0.181
511.625 548.8 434.438
0.084 0.109 0.195
511.625 548.8 415.08
0.098 0.130 0.211
520.5 548.8 420.604
0.085 0.111 0.196
511.625 548.8 434.438
0.084 0.109 0.195
502.75 548.8 428.125
0.097 0.127 0.210
502.75 548.8 409.556
0.114 0.152 0.229
511.625 548.8 415.08
0.098 0.130 0.211
529.375 548.8 426.128
0.074 0.093 0.183
520.5 548.8 420.604
0.085 0.111 0.196
520.5 548.8 400.458
0.098 0.131 0.211
529.375 548.8 405.194
0.085 0.111 0.197
520.5 548.8 420.604
0.085 0.111 0.196
511.625 548.8 415.08
0.098 0.130 0.211
511.625 548.8 395.723
0.113 0.153 0.229
520.5 548.8 400.458
0.098 0.131 0.211
511.625 548.8 415.08
0.098 0.130 0.211
502.75 548.8 409.556
0.114 0.152 0.229
502.75 548.8 390.988
0.132 0.177 0.250
511.625 548.8 395.723
0.113 0.153 0.229
502.75 548.8 446.694
0.083 0.105 0.193
493.875 548.8 439.593
0.097 0.124 0.209
493.875 548.8 421.812
0.114 0.148 0.229
502.75 548.8 428.125
0.097 0.127 0.210
493.875 548.8 439.593
0.097 0.124 0.209
485 548.8 432.492
0.115 0.145 0.229
485 548.8 415.5
0.135 0.173 0.253
493.875 548.8 421.812
0.114 0.148 0.229
485 548.8 432.492
0.115 0.145 0.229
476.125 548.8 425.391
0.137 0.170 0.254
476.125 548.8 409.187
0.162 0.201 0.281
485 548.8 415.5
0.135 0.173 0.253
502.75 548.8 428.125
0.097 0.127 0.210
493.875 548.8 421.812
0.114 0.148 0.229
493.875 548.8 404.032
0.134 0.176 0.251
502.75 548.8 409.556
0.114 0.152 0.229
493.875 548.8 421.812
0.114 0.148 0.229
485 548.8 415.5
0.135 0.173 0.253
485 548.8 398.508
0.159 0.204 0.278
493.875 548.8 404.032
0.134 0.176 0.251
485 548.8 415.5
0.135 0.173 0.253
476.125 548.8 409.187
0.162 0.201 0.281
476.125 548.8 392.984
0.191 0.236 0.312
485 548.8 398.508
0.159 0.204 0.278
502.75 548.8 409.556
0.114 0.152 0.229
493.875 548.8 404.032
0.134 0.176 0.251
493.875 548.8 386.252
0.155 0.204 0.274
502.75 548.8 390.988
0.132 0.177 0.250
493.875 548.8 404.032
0.134 0.176 0.251
485 548.8 398.508
0.159 0.204 0.278
485 548.8 381.517
0.184 0.236 0.305
493.875 548.8 386.252
0.155 0.204 0.274
485 548.8 398.508
0.159 0.204 0.278
476.125 548.8 392.984
0.191 0.236 0.312
476.125 548.8 376.781
0.222 0.274 0.344
485 548.8 381.517
0.184 0.236 0.305
476.125 548.8 425.391
0.137 0.170 0.254
467.25 548.8 418.29
0.165 0.200 0.285
467.25 548.8 402.875
0.196 0.236 0.317
476.125 548.8 409.187
0.162 0.201 0.281
467.25 548.8 418.29
0.165 0.200 0.285
458.375 548.8 411.189
0.204 0.240 0.324
458.375 548.8 396.562
0.241 0.282 0.363
467.25 548.8 402.875
0.196 0.236 0.317
458.375 548.8 411.189
0.204 0.240 0.324
449.5 548.8 404.087
0.255 0.290 0.376
449.5 548.8 390.25
0.301 0.341 0.423
458.375 548.8 396.562
0.241 0.282 0.363
476.125 548.8 409.187
0.162 0.201 0.281
467.25 548.8 402.875
0.196 0.236 0.317
467.25 548.8 387.46
0.231 0.276 0.353
476.125 548.8 392.984
0.191 0.236 0.312
467.25 548.8 402.875
0.196 0.236 0.317
458.375 548.8 396.562
0.241 0.282 0.363
458.375 548.8 381.936
0.284 0.329 0.406
467.25 548.8 387.46
0.231 0.276 0.353
458.375 548.8 396.562
0.241 0.282 0.363
449.5 548.8 390.25
0.301 0.341 0.423
449.5 548.8 376.412
0.354 0.399 0.477
458.375 548.8 381.936
0.284 0.329 0.406
476.125 548.8 392.984
0.191 0.236 0.312
467.25 548.8 387.46
0.231 0.276 0.353
467.25 548.8 372.046
0.269 0.321 0.393
476.125 548.8 376.781
0.222 0.274 0.344
467.25 548.8 387.46
0.231 0.276 0.353
458.375 548.8 381.936
0.284 0.329 0.406
458.375 548.8 367.31
0.332 0.383 0.455
467.25 548.8 372.046
0.269 0.321 0.393
458.375 548.8 381.936
0.284 0.329 0.406
449.5 548.8 376.412
0.354 0.399 0.477
449.5 548.8 362.575
0.415 0.464 0.538
458.375 548.8 367.31
0.332 0.383 0.455
449.5 548.8 404.087
0.255 0.290 0.376
440.625 548.8 396.986
0.320 0.355 0.441
440.625 548.8 383.938
0.380 0.419 0.501
449.5 548.8 390.25
0.301 0.341 0.423
440.625 548.8 396.986
0.320 0.355 0.441
431.75 548.8 389.885
0.411 0.444 0.528
431.75 548.8 377.625
0.490 0.527 0.608
440.625 548.8 383.938
0.380 0.419 0.501
431.75 548.8 389.885
0.411 0.444 0.528
422.875 548.8 382.784
0.539 0.569 0.653
422.875 548.8 371.312
0.644 0.678 0.758
431.75 548.8 377.625
0.490 0.527 0.608
449.5 548.8 390.25
0.301 0.341 0.423
440.625 548.8 383.938
0.380 0.419 0.501
440.625 548.8 370.889
0.450 0.493 0.571
449.5 548.8 376.412
0.354 0.399 0.477
440.625 548.8 383.938
0.380 0.419 0.501
431.75 548.8 377.625
0.490 0.527 0.608
431.75 548.8 365.365
0.582 0.622 0.699
440.625 548.8 370.889
0.450 0.493 0.571
431.75 548.8 377.625
0.490 0.527 0.608
422.875 548.8 371.312
0.644 0.678 0.758
422.875 548.8 359.841
0.763 0.800 0.877
431.75 548.8 365.365
0.582 0.622 0.699
449.5 548.8 376.412
0.354 0.399 0.477
440.625 548.8 370.889
0.450 0.493 0.571
440.625 548.8 357.84
0.526 0.573 0.648
449.5 548.8 362.575
0.415 0.464 0.538
440.625 548.8 370.889
0.450 0.493 0.571
431.75 548.8 365.365
0.582 0.622 0.699
431.75 548.8 353.104
0.682 0.724 0.798
440.625 548.8 357.84
0.526 0.573 0.648
431.75 548.8 365.365
0.582 0.622 0.699
422.875 548.8 359.841
0.763 0.800 0.877
422.875 548.8 348.369
0.895 0.933 1.006
431.75 548.8 353.104
0.682 0.724 0.798
422.875 548.8 382.784
0.539 0.569 0.653
414 548.8 375.683
0.716 0.747 0.830
414 548.8 365
0.858 0.891 0.972
422.875 548.8 371.312
0.644 0.678 0.758
414 548.8 375.683
0.716 0.747 0.830
405.125 548.8 368.582
0.973 1.003 1.083
405.125 548.8 358.687
1.166 1.198 1.275
414 548.8 365
0.858 0.891 0.972
405.125 548.8 368.582
0.973 1.003 1.083
396.25 548.8 361.481
1.351 1.379 1.448
396.25 548.8 352.375
1.612 1.641 1.709
405.125 548.8 358.687
1.166 1.198 1.275
422.875 548.8 371.312
0.644 0.678 0.758
414 548.8 365
0.858 0.891 0.972
414 548.8 354.317
1.018 1.054 1.130
422.875 548.8 359.841
0.763 0.800 0.877
414 548.8 365
0.858 0.891 0.972
405.125 548.8 358.687
1.166 1.198 1.275
405.125 548.8 348.793
1.385 1.418 1.491
414 548.8 354.317
1.018 1.054 1.130
405.125 548.8 358.687
1.166 1.198 1.275
396.25 548.8 352.375
1.612 1.641 1.709
396.25 548.8 343.269
1.904 1.933 1.999
405.125 548.8 348.793
1.385 1.418 1.491
422.875 548.8 359.841
0.763 0.800 0.877
414 548.8 354.317
1.018 1.054 1.130
414 548.8 343.633
1.193 1.230 1.302
422.875 548.8 348.369
0.895 0.933 1.006
414 548.8 354.317
1.018 1.054 1.130
405.125 548.8 348.793
1.385 1.418 1.491
405.125 548.8 338.898
1.618 1.652 1.722
414 548.8 343.633
1.193 1.230 1.302
405.125 548.8 348.793
1.385 1.418 1.491
396.25 548.8 343.269
1.904 1.933 1.999
396.25 548.8 334.162
2.209 2.239 2.303
405.125 548.8 338.898
1.618 1.652 1.722
396.25 548.8 361.481
1.351 1.379 1.448
387.375 548.8 354.38
1.897 1.922 1.979
387.375 548.8 346.062
2.246 2.272 2.326
396.25 548.8 352.375
1.612 1.641 1.709
387.375 548.8 354.38
1.897 1.922 1.979
378.5 548.8 347.279
2.669 2.692 2.735
378.5 548.8 339.75
3.116 3.139 3.176
387.375 548.8 346.062
2.246 2.272 2.326
378.5 548.8 347.279
2.669 2.692 2.735
369.625 548.8 340.178
3.710 3.732 3.759
369.625 548.8 333.438
4.224 4.246 4.262
378.5 548.8 339.75
3.116 3.139 3.176
396.25 548.8 352.375
1.612 1.641 1.709
387.375 548.8 346.062
2.246 2.272 2.326
387.375 548.8 337.745
2.627 2.653 2.704
396.25 548.8 343.269
1.904 1.933 1.999
387.375 548.8 346.062
2.246 2.272 2.326
378.5 548.8 339.75
3.116 3.139 3.176
378.5 548.8 332.221
3.582 3.606 3.634
387.375 548.8 337.745
2.627 2.653 2.704
378.5 548.8 339.75
3.116 3.139 3.176
369.625 548.8 333.438
4.224 4.246 4.262
369.625 548.8 326.697
4.729 4.751 4.753
378.5 548.8 332.221
3.582 3.606 3.634
396.25 548.8 343.269
1.904 1.933 1.999
387.375 548.8 337.745
2.627 2.653 2.704
387.375 548.8 329.427
3.005 3.033 3.078
396.25 548.8 334.162
2.209 2.239 2.303
387.375 548.8 337.745
2.627 2.653 2.704
378.5 548.8 332.221
3.582 3.606 3.634
378.5 548.8 324.692
4.014 4.039 4.056
387.375 548.8 329.427
3.005 3.033 3.078
378.5 548.8 332.221
3.582 3.606 3.634
369.625 548.8 326.697
4.729 4.751 4.753
369.625 548.8 319.956
5.175 5.198 5.189
378.5 548.8 324.692
4.014 4.039 4.056
369.625 548.8 340.178
3.710 3.732 3.759
360.75 548.8 333.077
4.977 4.996 5.005
360.75 548.8 327.125
5.493 5.512 5.509
369.625 548.8 333.438
4.224 4.246 4.262
360.75 548.8 333.077
4.977 4.996 5.005
351.875 548.8 325.976
6.338 6.355 6.345
351.875 548.8 320.812
6.771 6.788 6.771
360.75 548.8 327.125
5.493 5.512 5.509
351.875 548.8 325.976
6.338 6.355 6.345
343 548.8 318.875
7.022 7.041 7.021
343 548.8 314.5
7.389 7.408 7.385
351.875 548.8 320.812
6.771 6.788 6.771
369.625 548.8 333.438
4.224 4.246 4.262
360.75 548.8 327.125
5.493 5.512 5.509
360.75 548.8 321.173
5.958 5.977 5.963
369.625 548.8 326.697
4.729 4.751 4.753
360.75 548.8 327.125
5.493 5.512 5.509
351.875 548.8 320.812
6.771 6.788 6.771
351.875 548.8 315.649
7.132 7.150 7.129
360.75 548.8 321.173
5.958 5.977 5.963
351.875 548.8 320.812
6.771 6.788 6.771
343 548.8 314.5
7.389 7.408 7.385
343 548.8 310.125
7.689 7.708 7.684
351.875 548.8 315.649
7.132 7.150 7.129
369.625 548.8 326.697
4.729 4.751 4.753
360.75 548.8 321.173
5.958 5.977 5.963
360.75 548.8 315.221
6.349 6.369 6.349
369.625 548.8 319.956
5.175 5.198 5.189
360.75 548.8 321.173
5.958 5.977 5.963
351.875 548.8 315.649
7.132 7.150 7.129
351.875 548.8 310.485
7.416 7.434 7.412
360.75 548.8 315.221
6.349 6.369 6.349
351.875 548.8 315.649
7.132 7.150 7.129
343 548.8 310.125
7.689 7.708 7.684
343 548.8 305.75
7.916 7.935 7.911
351.875 548.8 310.485
7.416 7.434 7.412
556 548.8 419.4
0.061 0.065 0.167
547.125 548.8 414.665
0.065 0.073 0.173
547.125 548.8 392.153
0.074 0.085 0.185
556 548.8 396.1
0.069 0.074 0.179
547.125 548.8 414.665
0.065 0.073 0.173
538.25 548.8 409.929
0.074 0.091 0.184
538.25 548.8 388.206
0.085 0.106 0.197
547.125 548.8 392.153
0.074 0.085 0.185
538.25 548.8 409.929
0.074 0.091 0.184
529.375 548.8 405.194
0.085 0.111 0.197
529.375 548.8 384.259
0.097 0.128 0.211
538.25 548.8 388.206
0.085 0.106 0.197
556 548.8 396.1
0.069 0.074 0.179
547.125 548.8 392.153
0.074 0.085 0.185
547.125 548.8 369.642
0.084 0.097 0.198
556 548.8 372.8
0.078 0.084 0.192
547.125 548.8 392.153
0.074 0.085 0.185
538.25 548.8 388.206
0.085 0.106 0.197
538.25 548.8 366.483
0.095 0.121 0.210
547.125 548.8 369.642
0.084 0.097 0.198
538.25 548.8 388.206
0.085 0.106 0.197
529.375 548.8 384.259
0.097 0.128 0.211
529.375 548.8 363.325
0.108 0.145 0.225
538.25 548.8 366.483
0.095 0.121 0.210
556 548.8 372.8
0.078 0.084 0.192
547.125 548.8 369.642
0.084 0.097 0.198
547.125 548.8 347.13
0.092 0.107 0.210
556 548.8 349.5
0.087 0.094 0.203
547.125 548.8 369.642
0.084 0.097 0.198
538.25 548.8 366.483
0.095 0.121 0.210
538.25 548.8 344.76
0.104 0.133 0.222
547.125 548.8 347.13
0.092 0.107 0.210
538.25 548.8 366.483
0.095 0.121 0.210
529.375 548.8 363.325
0.108 0.145 0.225
529.375 548.8 342.391
0.119 0.160 0.237
538.25 548.8 344.76
0.104 0.133 0.222
529.375 548.8 405.194
0.085 0.111 0.197
520.5 548.8 400.458
0.098 0.131 0.211
520.5 548.8 380.312
0.111 0.152 0.227
529.375 548.8 384.259
0.097 0.128 0.211
520.5 548.8 400.458
0.098 0.131 0.211
511.625 548.8 395.723
0.113 0.153 0.229
511.625 548.8 376.366
0.128 0.176 0.247
520.5 548.8 380.312
0.111 0.152 0.227
511.625 548.8 395.723
0.113 0.153 0.229
502.75 548.8 390.988
0.132 0.177 0.250
502.75 548.8 372.419
0.150 0.203 0.270
511.625 548.8 376.366
0.128 0.176 0.247
529.375 548.8 384.259
0.097 0.128 0.211
520.5 548.8 380.312
0.111 0.152 0.227
520.5 548.8 360.167
0.124 0.171 0.243
529.375 548.8 363.325
0.108 0.145 0.225
520.5 548.8 380.312
0.111 0.152 0.227
511.625 548.8 376.366
0.128 0.176 0.247
511.625 548.8 357.008
0.143 0.197 0.264
520.5 548.8 360.167
0.124 0.171 0.243
511.625 548.8 376.366
0.128 0.176 0.247
502.75 548.8 372.419
0.150 0.203 0.270
502.75 548.8 353.85
0.168 0.227 0.290
511.625 548.8 357.008
0.143 0.197 0.264
529.375 548.8 363.325
0.108 0.145 0.225
520.5 548.8 360.167
0.124 0.171 0.243
520.5 548.8 340.021
0.137 0.189 0.257
529.375 548.8 342.391
0.119 0.160 0.237
520.5 548.8 360.167
0.124 0.171 0.243
511.625 548.8 357.008
0.143 0.197 0.264
511.625 548.8 337.651
0.159 0.218 0.280
520.5 548.8 340.021
0.137 0.189 0.257
511.625 548.8 357.008
0.143 0.197 0.264
502.75 548.8 353.85
0.168 0.227 0.290
502.75 548.8 335.281
0.186 0.249 0.308
511.625 548.8 337.651
0.159 0.218 0.280
502.75 548.8 390.988
0.132 0.177 0.250
493.875 548.8 386.252
0.155 0.204 0.274
493.875 548.8 368.472
0.177 0.233 0.298
502.75 548.8 372.419
0.150 0.203 0.270
493.875 548.8 386.252
0.155 0.204 0.274
485 548.8 381.517
0.184 0.236 0.305
485 548.8 364.525
0.211 0.269 0.333
493.875 548.8 368.472
0.177 0.233 0.298
485 548.8 381.517
0.184 0.236 0.305
476.125 548.8 376.781
0.222 0.274 0.344
476.125 548.8 360.578
0.254 0.312 0.377
485 548.8 364.525
0.211 0.269 0.333
502.75 548.8 372.419
0.150 0.203 0.270
493.875 548.8 368.472
0.177 0.233 0.298
493.875 548.8 350.692
0.199 0.261 0.321
502.75 548.8 353.85
0.168 0.227 0.290
493.875 548.8 368.472
0.177 0.233 0.298
485 548.8 364.525
0.211 0.269 0.333
485 548.8 347.533
0.237 0.301 0.359
493.875 548.8 350.692
0.199 0.261 0.321
485 548.8 364.525
0.211 0.269 0.333
476.125 548.8 360.578
0.254 0.312 0.377
476.125 548.8 344.375
0.286 0.348 0.408
485 548.8 347.533
0.237 0.301 0.359
502.75 548.8 353.85
0.168 0.227 0.290
493.875 548.8 350.692
0.199 0.261 0.321
493.875 548.8 332.911
0.219 0.285 0.341
502.75 548.8 335.281
0.186 0.249 0.308
493.875 548.8 350.692
0.199 0.261 0.321
485 548.8 347.533
0.237 0.301 0.359
485 548.8 330.542
0.261 0.329 0.383
493.875 548.8 332.911
0.219 0.285 0.341
485 548.8 347.533
0.237 0.301 0.359
476.125 548.8 344.375
0.286 0.348 0.408
476.125 548.8 328.172
0.315 0.381 0.437
485 548.8 330.542
0.261 0.329 0.383
476.125 548.8 376.781
0.222 0.274 0.344
467.25 548.8 372.046
0.269 0.321 0.393
467.25 548.8 356.631
0.309 0.366 0.433
476.125 548.8 360.578
0.254 0.312 0.377
467.25 548.8 372.046
0.269 0.321 0.393
458.375 548.8 367.31
0.332 0.383 0.455
458.375 548.8 352.684
0.382 0.437 0.505
467.25 548.8 356.631
0.309 0.366 0.433
458.375 548.8 367.31
0.332 0.383 0.455
449.5 548.8 362.575
0.415 0.464 0.538
449.5 548.8 348.737
0.478 0.532 0.601
458.375 548.8 352.684
0.382 0.437 0.505
476.125 548.8 360.578
0.254 0.312 0.377
467.25 548.8 356.631
0.309 0.366 0.433
467.25 548.8 341.217
0.348 0.409 0.470
476.125 548.8 344.375
0.286 0.348 0.408
467.25 548.8 356.631
0.309 0.366 0.433
458.375 548.8 352.684
0.382 0.437 0.505
458.375 548.8 338.058
0.431 0.490 0.552
467.25 548.8 341.217
0.348 0.409 0.470
458.375 548.8 352.684
0.382 0.437 0.505
449.5 548.8 348.737
0.478 0.532 0.601
449.5 548.8 334.9
0.539 0.596 0.660
458.375 548.8 338.058
0.431 0.490 0.552
476.125 548.8 344.375
0.286 0.348 0.408
467.25 548.8 341.217
0.348 0.409 0.470
467.25 548.8 325.802
0.383 0.447 0.505
476.125 548.8 328.172
0.315 0.381 0.437
467.25 548.8 341.217
0.348 0.409 0.470
458.375 548.8 338.058
0.431 0.490 0.552
458.375 548.8 323.432
0.473 0.535 0.594
467.25 548.8 325.802
0.383 0.447 0.505
458.375 548.8 338.058
0.431 0.490 0.552
449.5 548.8 334.9
0.539 0.596 0.660
449.5 548.8 321.062
0.591 0.650 0.712
458.375 548.8 323.432
0.473 0.535 0.594
449.5 548.8 362.575
0.415 0.464 0.538
440.625 548.8 357.84
0.526 0.573 0.648
440.625 548.8 344.791
0.606 0.656 0.726
449.5 548.8 348.737
0.478 0.532 0.601
440.625 548.8 357.84
0.526 0.573 0.648
431.75 548.8 353.104
0.682 0.724 0.798
431.75 548.8 340.844
0.783 0.828 0.898
440.625 548.8 344.791
0.606 0.656 0.726
431.75 548.8 353.104
0.682 0.724 0.798
422.875 548.8 348.369
0.895 0.933 1.006
422.875 548.8 336.897
1.030 1.071 1.140
431.75 548.8 340.844
0.783 0.828 0.898
449.5 548.8 348.737
0.478 0.532 0.601
440.625 548.8 344.791
0.606 0.656 0.726
440.625 548.8 331.742
0.684 0.736 0.802
449.5 548.8 334.9
0.539 0.596 0.660
440.625 548.8 344.791
0.606 0.656 0.726
431.75 548.8 340.844
0.783 0.828 0.898
431.75 548.8 328.583
0.881 0.928 0.994
440.625 548.8 331.742
0.684 0.736 0.802
431.75 548.8 340.844
0.783 0.828 0.898
422.875 548.8 336.897
1.030 1.071 1.140
422.875 548.8 325.425
1.152 1.194 1.260
431.75 548.8 328.583
0.881 0.928 0.994
449.5 548.8 334.9
0.539 0.596 0.660
440.625 548.8 331.742
0.684 0.736 0.802
440.625 548.8 318.693
0.748 0.802 0.866
449.5 548.8 321.062
0.591 0.650 0.712
440.625 548.8 331.742
0.684 0.736 0.802
431.75 548.8 328.583
0.881 0.928 0.994
431.75 548.8 316.323
0.961 1.009 1.073
440.625 548.8 318.693
0.748 0.802 0.866
431.75 548.8 328.583
0.881 0.928 0.994
422.875 548.8 325.425
1.152 1.194 1.260
422.875 548.8 313.953
1.249 1.292 1.353
431.75 548.8 316.323
0.961 1.009 1.073
422.875 548.8 348.369
0.895 0.933 1.006
414 548.8 343.633
1.193 1.230 1.302
414 548.8 332.95
1.370 1.408 1.477
422.875 548.8 336.897
1.030 1.071 1.140
414 548.8 343.633
1.193 1.230 1.302
405.125 548.8 338.898
1.618 1.652 1.722
405.125 548.8 329.003
1.843 1.878 1.945
414 548.8 332.95
1.370 1.408 1.477
405.125 548.8 338.898
1.618 1.652 1.722
396.25 548.8 334.162
2.209 2.239 2.303
396.25 548.8 325.056
2.493 2.524 2.582
405.125 548.8 329.003
1.843 1.878 1.945
422.875 548.8 336.897
1.030 1.071 1.140
414 548.8 332.95
1.370 1.408 1.477
414 548.8 322.267
1.524 1.564 1.629
422.875 548.8 325.425
1.152 1.194 1.260
414 548.8 332.95
1.370 1.408 1.477
405.125 548.8 329.003
1.843 1.878 1.945
405.125 548.8 319.108
2.035 2.072 2.132
414 548.8 322.267
1.524 1.564 1.629
405.125 548.8 329.003
1.843 1.878 1.945
396.25 548.8 325.056
2.493 2.524 2.582
396.25 548.8 315.95
2.720 2.752 2.802
405.125 548.8 319.108
2.035 2.072 2.132
422.875 548.8 325.425
1.152 1.194 1.260
414 548.8 322.267
1.524 1.564 1.629
414 548.8 311.583
1.640 1.681 1.738
422.875 548.8 313.953
1.249 1.292 1.353
414 548.8 322.267
1.524 1.564 1.629
405.125 548.8 319.108
2.035 2.072 2.132
405.125 548.8 309.214
2.171 2.208 2.260
414 548.8 311.583
1.640 1.681 1.738
405.125 548.8 319.108
2.035 2.072 2.132
396.25 548.8 315.95
2.720 2.752 2.802
396.25 548.8 306.844
2.867 2.900 2.944
405.125 548.8 309.214
2.171 2.208 2.260
396.25 548.8 334.162
2.209 2.239 2.303
387.375 548.8 329.427
3.005 3.033 3.078
387.375 548.8 321.109
3.341 3.369 3.407
396.25 548.8 325.056
2.493 2.524 2.582
387.375 548.8 329.427
3.005 3.033 3.078
378.5 548.8 324.692
4.014 4.039 4.056
378.5 548.8 317.162
4.377 4.401 4.411
387.375 548.8 321.109
3.341 3.369 3.407
378.5 548.8 324.692
4.014 4.039 4.056
369.625 548.8 319.956
5.175 5.198 5.189
369.625 548.8 313.216
5.519 5.542 5.528
378.5 548.8 317.162
4.377 4.401 4.411
396.25 548.8 325.056
2.493 2.524 2.582
387.375 548.8 321.109
3.341 3.369 3.407
387.375 548.8 312.792
3.594 3.623 3.655
396.25 548.8 315.95
2.720 2.752 2.802
387.375 548.8 321.109
3.341 3.369 3.407
378.5 548.8 317.162
4.377 4.401 4.411
378.5 548.8 309.633
4.631 4.656 4.666
387.375 548.8 312.792
3.594 3.623 3.655
378.5 548.8 317.162
4.377 4.401 4.411
369.625 548.8 313.216
5.519 5.542 5.528
369.625 548.8 306.475
5.738 5.761 5.749
378.5 548.8 309.633
4.631 4.656 4.666
396.25 548.8 315.95
2.720 2.752 2.802
387.375 548.8 312.792
3.594 3.623 3.655
387.375 548.8 304.474
3.743 3.772 3.806
396.25 548.8 306.844
2.867 2.900 2.944
387.375 548.8 312.792
3.594 3.623 3.655
378.5 548.8 309.633
4.631 4.656 4.666
378.5 548.8 302.104
4.763 4.788 4.803
387.375 548.8 304.474
3.743 3.772 3.806
378.5 548.8 309.633
4.631 4.656 4.666
369.625 548.8 306.475
5.738 5.761 5.749
369.625 548.8 299.734
5.845 5.869 5.861
378.5 548.8 302.104
4.763 4.788 4.803
369.625 548.8 319.956
5.175 5.198 5.189
360.75 548.8 315.221
6.349 6.369 6.349
360.75 548.8 309.269
6.631 6.650 6.629
369.625 548.8 313.216
5.519 5.542 5.528
360.75 548.8 315.221
6.349 6.369 6.349
351.875 548.8 310.485
7.416 7.434 7.412
351.875 548.8 305.322
7.624 7.642 7.620
360.75 548.8 309.269
6.631 6.650 6.629
351.875 548.8 310.485
7.416 7.434 7.412
343 548.8 305.75
7.916 7.935 7.911
343 548.8 301.375
8.087 8.107 8.083
351.875 548.8 305.322
7.624 7.642 7.620
369.625 548.8 313.216
5.519 5.542 5.528
360.75 548.8 309.269
6.631 6.650 6.629
360.75 548.8 303.317
6.804 6.824 6.804
369.625 548.8 306.475
5.738 5.761 5.749
360.75 548.8 309.269
6.631 6.650 6.629
351.875 548.8 305.322
7.624 7.642 7.620
351.875 548.8 300.158
7.766 7.784 7.763
360.75 548.8 303.317
6.804 6.824 6.804
351.875 548.8 305.322
7.624 7.642 7.620
343 548.8 301.375
8.087 8.107 8.083
343 548.8 297
8.219 8.238 8.214
351.875 548.8 300.158
7.766 7.784 7.763
369.625 548.8 306.475
5.738 5.761 5.749
360.75 548.8 303.317
6.804 6.824 6.804
360.75 548.8 297.365
6.902 6.922 6.904
369.625 548.8 299.734
5.845 5.869 5.861
360.75 548.8 303.317
6.804 6.824 6.804
351.875 548.8 300.158
7.766 7.784 7.763
351.875 548.8 294.995
7.873 7.891 7.870
360.75 548.8 297.365
6.902 6.922 6.904
351.875 548.8 300.158
7.766 7.784 7.763
343 548.8 297
8.219 8.238 8.214
343 548.8 292.625
8.333 8.352 8.329
351.875 548.8 294.995
7.873 7.891 7.870
556 548.8 349.5
0.087 0.094 0.203
547.125 548.8 347.13
0.092 0.107 0.210
547.125 548.8 324.619
0.100 0.116 0.219
556 548.8 326.2
0.093 0.101 0.212
547.125 548.8 347.13
0.092 0.107 0.210
538.25 548.8 344.76
0.104 0.133 0.222
538.25 548.8 323.038
0.113 0.144 0.233
547.125 548.8 324.619
0.100 0.116 0.219
538.25 548.8 344.76
0.104 0.133 0.222
529.375 548.8 342.391
0.119 0.160 0.237
529.375 548.8 321.456
0.129 0.173 0.248
538.25 548.8 323.038
0.113 0.144 0.233
556 548.8 326.2
0.093 0.101 0.212
547.125 548.8 324.619
0.100 0.116 0.219
547.125 548.8 302.107
0.106 0.122 0.227
556 548.8 302.9
0.099 0.107 0.219
547.125 548.8 324.619
0.100 0.116 0.219
538.25 548.8 323.038
0.113 0.144 0.233
538.25 548.8 301.315
0.120 0.152 0.241
547.125 548.8 302.107
0.106 0.122 0.227
538.25 548.8 323.038
0.113 0.144 0.233
529.375 548.8 321.456
0.129 0.173 0.248
529.375 548.8 300.522
0.135 0.181 0.256
538.25 548.8 301.315
0.120 0.152 0.241
556 548.8 302.9
0.099 0.107 0.219
547.125 548.8 302.107
0.106 0.122 0.227
547.125 548.8 279.596
0.109 0.126 0.231
556 548.8 279.6
0.103 0.111 0.223
547.125 548.8 302.107
0.106 0.122 0.227
538.25 548.8 301.315
0.120 0.152 0.241
538.25 548.8 279.592
0.123 0.156 0.246
547.125 548.8 279.596
0.109 0.126 0.231
538.25 548.8 301.315
0.120 0.152 0.241
529.375 548.8 300.522
0.135 0.181 0.256
529.375 548.8 279.588
0.140 0.186 0.262
538.25 548.8 279.592
0.123 0.156 0.246
529.375 548.8 342.391
0.119 0.160 0.237
520.5 548.8 340.021
0.137 0.189 0.257
520.5 548.8 319.875
0.148 0.202 0.268
529.375 548.8 321.456
0.129 0.173 0.248
520.5 548.8 340.021
0.137 0.189 0.257
511.625 548.8 337.651
0.159 0.218 0.280
511.625 548.8 318.294
0.172 0.233 0.292
520.5 548.8 319.875
0.148 0.202 0.268
511.625 548.8 337.651
0.159 0.218 0.280
502.75 548.8 335.281
0.186 0.249 0.308
502.75 548.8 316.712
0.200 0.267 0.322
511.625 548.8 318.294
0.172 0.233 0.292
529.375 548.8 321.456
0.129 0.173 0.248
520.5 548.8 319.875
0.148 0.202 0.268
520.5 548.8 299.729
0.156 0.212 0.276
529.375 548.8 300.522
0.135 0.181 0.256
520.5 548.8 319.875
0.148 0.202 0.268
511.625 548.8 318.294
0.172 0.233 0.292
511.625 548.8 298.936
0.180 0.244 0.300
520.5 548.8 299.729
0.156 0.212 0.276
511.625 548.8 318.294
0.172 0.233 0.292
502.75 548.8 316.712
0.200 0.267 0.322
502.75 548.8 298.144
0.210 0.279 0.332
511.625 548.8 298.936
0.180 0.244 0.300
529.375 548.8 300.522
0.135 0.181 0.256
520.5 548.8 299.729
0.156 0.212 0.276
520.5 548.8 279.583
0.161 0.218 0.282
529.375 548.8 279.588
0.140 0.186 0.262
520.5 548.8 299.729
0.156 0.212 0.276
511.625 548.8 298.936
0.180 0.244 0.300
511.625 548.8 279.579
0.185 0.250 0.305
520.5 548.8 279.583
0.161 0.218 0.282
511.625 548.8 298.936
0.180 0.244 0.300
502.75 548.8 298.144
0.210 0.279 0.332
502.75 548.8 279.575
0.215 0.285 0.335
511.625 548.8 279.579
0.185 0.250 0.305
502.75 548.8 335.281
0.186 0.249 0.308
493.875 548.8 332.911
0.219 0.285 0.341
493.875 548.8 315.131
0.236 0.306 0.359
502.75 548.8 316.712
0.200 0.267 0.322
493.875 548.8 332.911
0.219 0.285 0.341
485 548.8 330.542
0.261 0.329 0.383
485 548.8 313.55
0.280 0.351 0.403
493.875 548.8 315.131
0.236 0.306 0.359
485 548.8 330.542
0.261 0.329 0.383
476.125 548.8 328.172
0.315 0.381 0.437
476.125 548.8 311.969
0.337 0.406 0.459
485 548.8 313.55
0.280 0.351 0.403
502.75 548.8 316.712
0.200 0.267 0.322
493.875 548.8 315.131
0.236 0.306 0.359
493.875 548.8 297.351
0.248 0.319 0.370
502.75 548.8 298.144
0.210 0.279 0.332
493.875 548.8 315.131
0.236 0.306 0.359
485 548.8 313.55
0.280 0.351 0.403
485 548.8 296.558
0.293 0.366 0.415
493.875 548.8 297.351
0.248 0.319 0.370
485 548.8 313.55
0.280 0.351 0.403
476.125 548.8 311.969
0.337 0.406 0.459
476.125 548.8 295.766
0.352 0.423 0.472
485 548.8 296.558
0.293 0.366 0.415
502.75 548.8 298.144
0.210 0.279 0.332
493.875 548.8 297.351
0.248 0.319 0.370
493.875 548.8 279.571
0.252 0.324 0.373
502.75 548.8 279.575
0.215 0.285 0.335
493.875 548.8 297.351
0.248 0.319 0.370
485 548.8 296.558
0.293 0.366 0.415
485 548.8 279.567
0.299 0.372 0.419
493.875 548.8 279.571
0.252 0.324 0.373
485 548.8 296.558
0.293 0.366 0.415
476.125 548.8 295.766
0.352 0.423 0.472
476.125 548.8 279.562
0.357 0.430 0.477
485 548.8 279.567
0.299 0.372 0.419
476.125 548.8 328.172
0.315 0.381 0.437
467.25 548.8 325.802
0.383 0.447 0.505
467.25 548.8 310.387
0.411 0.476 0.531
476.125 548.8 311.969
0.337 0.406 0.459
467.25 548.8 325.802
0.383 0.447 0.505
458.375 548.8 323.432
0.473 0.535 0.594
458.375 548.8 308.806
0.505 0.569 0.624
467.25 548.8 310.387
0.411 0.476 0.531
458.375 548.8 323.432
0.473 0.535 0.594
449.5 548.8 321.062
0.591 0.650 0.712
449.5 548.8 307.225
0.629 0.690 0.747
458.375 548.8 308.806
0.505 0.569 0.624
476.125 548.8 311.969
0.337 0.406 0.459
467.25 548.8 310.387
0.411 0.476 0.531
467.25 548.8 294.973
0.427 0.494 0.546
476.125 548.8 295.766
0.352 0.423 0.472
467.25 548.8 310.387
0.411 0.476 0.531
458.375 548.8 308.806
0.505 0.569 0.624
458.375 548.8 294.18
0.523 0.589 0.641
467.25 548.8 294.973
0.427 0.494 0.546
458.375 548.8 308.806
0.505 0.569 0.624
449.5 548.8 307.225
0.629 0.690 0.747
449.5 548.8 293.388
0.650 0.712 0.766
458.375 548.8 294.18
0.523 0.589 0.641
476.125 548.8 295.766
0.352 0.423 0.472
467.25 548.8 294.973
0.427 0.494 0.546
467.25 548.8 279.558
0.432 0.501 0.550
476.125 548.8 279.562
0.357 0.430 0.477
467.25 548.8 294.973
0.427 0.494 0.546
458.375 548.8 294.18
0.523 0.589 0.641
458.375 548.8 279.554
0.528 0.595 0.644
467.25 548.8 279.558
0.432 0.501 0.550
458.375 548.8 294.18
0.523 0.589 0.641
449.5 548.8 293.388
0.650 0.712 0.766
449.5 548.8 279.55
0.653 0.716 0.767
458.375 548.8 279.554
0.528 0.595 0.644
449.5 548.8 321.062
0.591 0.650 0.712
440.625 548.8 318.693
0.748 0.802 0.866
440.625 548.8 305.644
0.793 0.849 0.909
449.5 548.8 307.225
0.629 0.690 0.747
440.625 548.8 318.693
0.748 0.802 0.866
431.75 548.8 316.323
0.961 1.009 1.073
431.75 548.8 304.062
1.014 1.064 1.122
440.625 548.8 305.644
0.793 0.849 0.909
431.75 548.8 316.323
0.961 1.009 1.073
422.875 548.8 313.953
1.249 1.292 1.353
422.875 548.8 302.481
1.311 1.356 1.411
431.75 548.8 304.062
1.014 1.064 1.122
449.5 548.8 307.225
0.629 0.690 0.747
440.625 548.8 305.644
0.793 0.849 0.909
440.625 548.8 292.595
0.817 0.873 0.930
449.5 548.8 293.388
0.650 0.712 0.766
440.625 548.8 305.644
0.793 0.849 0.909
431.75 548.8 304.062
1.014 1.064 1.122
431.75 548.8 291.802
1.039 1.089 1.145
440.625 548.8 292.595
0.817 0.873 0.930
431.75 548.8 304.062
1.014 1.064 1.122
422.875 548.8 302.481
1.311 1.356 1.411
422.875 548.8 291.009
1.336 1.382 1.435
431.75 548.8 291.802
1.039 1.089 1.145
449.5 548.8 293.388
0.650 0.712 0.766
440.625 548.8 292.595
0.817 0.873 0.930
440.625 548.8 279.546
0.818 0.875 0.929
449.5 548.8 279.55
0.653 0.716 0.767
440.625 548.8 292.595
0.817 0.873 0.930
431.75 548.8 291.802
1.039 1.089 1.145
431.75 548.8 279.542
1.037 1.088 1.142
440.625 548.8 279.546
0.818 0.875 0.929
431.75 548.8 291.802
1.039 1.089 1.145
422.875 548.8 291.009
1.336 1.382 1.435
422.875 548.8 279.538
1.326 1.372 1.425
431.75 548.8 279.542
1.037 1.088 1.142
422.875 548.8 313.953
1.249 1.292 1.353
414 548.8 311.583
1.640 1.681 1.738
414 548.8 300.9
1.709 1.750 1.803
422.875 548.8 302.481
1.311 1.356 1.411
414 548.8 311.583
1.640 1.681 1.738
405.125 548.8 309.214
2.171 2.208 2.260
405.125 548.8 299.319
2.239 2.277 2.326
414 548.8 300.9
1.709 1.750 1.803
405.125 548.8 309.214
2.171 2.208 2.260
396.25 548.8 306.844
2.867 2.900 2.944
396.25 548.8 297.737
2.933 2.966 3.009
405.125 548.8 299.319
2.239 2.277 2.326
422.875 548.8 302.481
1.311 1.356 1.411
414 548.8 300.9
1.709 1.750 1.803
414 548.8 290.217
1.730 1.772 1.824
422.875 548.8 291.009
1.336 1.382 1.435
414 548.8 300.9
1.709 1.750 1.803
405.125 548.8 299.319
2.239 2.277 2.326
405.125 548.8 289.424
2.252 2.291 2.340
414 548.8 290.217
1.730 1.772 1.824
405.125 548.8 299.319
2.239 2.277 2.326
396.25 548.8 297.737
2.933 2.966 3.009
396.25 548.8 288.631
2.932 2.966 3.011
405.125 548.8 289.424
2.252 2.291 2.340
422.875 548.8 291.009
1.336 1.382 1.435
414 548.8 290.217
1.730 1.772 1.824
414 548.8 279.533
1.711 1.754 1.805
422.875 548.8 279.538
1.326 1.372 1.425
414 548.8 290.217
1.730 1.772 1.824
405.125 548.8 289.424
2.252 2.291 2.340
405.125 548.8 279.529
2.223 2.262 2.312
414 548.8 279.533
1.711 1.754 1.805
405.125 548.8 289.424
2.252 2.291 2.340
396.25 548.8 288.631
2.932 2.966 3.011
396.25 548.8 279.525
2.887 2.921 2.968
405.125 548.8 279.529
2.223 2.262 2.312
396.25 548.8 306.844
2.867 2.900 2.944
387.375 548.8 304.474
3.743 3.772 3.806
387.375 548.8 296.156
3.795 3.824 3.862
396.25 548.8 297.737
2.933 2.966 3.009
387.375 548.8 304.474
3.743 3.772 3.806
378.5 548.8 302.104
4.763 4.788 4.803
378.5 548.8 294.575
4.799 4.824 4.846
387.375 548.8 296.156
3.795 3.824 3.862
378.5 548.8 302.104
4.763 4.788 4.803
369.625 548.8 299.734
5.845 5.869 5.861
369.625 548.8 292.994
5.879 5.903 5.901
378.5 548.8 294.575
4.799 4.824 4.846
396.25 548.8 297.737
2.933 2.966 3.009
387.375 548.8 296.156
3.795 3.824 3.862
387.375 548.8 287.839
3.779 3.808 3.849
396.25 548.8 288.631
2.932 2.966 3.011
387.375 548.8 296.156
3.795 3.824 3.862
378.5 548.8 294.575
4.799 4.824 4.846
378.5 548.8 287.046
4.778 4.804 4.832
387.375 548.8 287.839
3.779 3.808 3.849
378.5 548.8 294.575
4.799 4.824 4.846
369.625 548.8 292.994
5.879 5.903 5.901
369.625 548.8 286.253
5.879 5.903 5.908
378.5 548.8 287.046
4.778 4.804 4.832
396.25 548.8 288.631
2.932 2.966 3.011
387.375 548.8 287.839
3.779 3.808 3.849
387.375 548.8 279.521
3.727 3.756 3.799
396.25 548.8 279.525
2.887 2.921 2.968
387.375 548.8 287.839
3.779 3.808 3.849
378.5 548.8 287.046
4.778 4.804 4.832
378.5 548.8 279.517
4.736 4.762 4.796
387.375 548.8 279.521
3.727 3.756 3.799
378.5 548.8 287.046
4.778 4.804 4.832
369.625 548.8 286.253
5.879 5.903 5.908
369.625 548.8 279.513
5.875 5.899 5.911
378.5 548.8 279.517
4.736 4.762 4.796
369.625 548.8 299.734
5.845 5.869 5.861
360.75 548.8 297.365
6.902 6.922 6.904
360.75 548.8 291.412
6.956 6.977 6.961
369.625 548.8 292.994
5.879 5.903 5.901
360.75 548.8 297.365
6.902 6.922 6.904
351.875 548.8 294.995
7.873 7.891 7.870
351.875 548.8 289.831
7.968 7.987 7.966
360.75 548.8 291.412
6.956 6.977 6.961
351.875 548.8 294.995
7.873 7.891 7.870
343 548.8 292.625
8.333 8.352 8.329
343 548.8 288.25
8.451 8.470 8.447
351.875 548.8 289.831
7.968 7.987 7.966
369.625 548.8 292.994
5.879 5.903 5.901
360.75 548.8 291.412
6.956 6.977 6.961
360.75 548.8 285.46
7.005 7.025 7.013
369.625 548.8 286.253
5.879 5.903 5.908
360.75 548.8 291.412
6.956 6.977 6.961
351.875 548.8 289.831
7.968 7.987 7.966
351.875 548.8 284.668
8.074 8.093 8.073
360.75 548.8 285.46
7.005 7.025 7.013
351.875 548.8 289.831
7.968 7.987 7.966
343 548.8 288.25
8.451 8.470 8.447
343 548.8 283.875
8.585 8.604 8.582
351.875 548.8 284.668
8.074 8.093 8.073
369.625 548.8 286.253
5.879 5.903 5.908
360.75 548.8 285.46
7.005 7.025 7.013
360.75 548.8 279.508
7.058 7.079 7.070
369.625 548.8 279.513
5.875 5.899 5.911
360.75 548.8 285.46
7.005 7.025 7.013
351.875 548.8 284.668
8.074 8.093 8.073
351.875 548.8 279.504
8.190 8.208 8.189
360.75 548.8 279.508
7.058 7.079 7.070
351.875 548.8 284.668
8.074 8.093 8.073
343 548.8 283.875
8.585 8.604 8.582
343 548.8 279.5
8.733 8.753 8.731
351.875 548.8 279.504
8.190 8.208 8.189
556 548.8 279.6
0.103 0.111 0.223
547.125 548.8 279.596
0.109 0.126 0.231
547.125 548.8 257.084
0.110 0.127 0.231
556 548.8 256.3
0.104 0.112 0.225
547.125 548.8 279.596
0.109 0.126 0.231
538.25 548.8 279.592
0.123 0.156 0.246
538.25 548.8 257.869
0.124 0.156 0.247
547.125 548.8 257.084
0.110 0.127 0.231
538.25 548.8 279.592
0.123 0.156 0.246
529.375 548.8 279.588
0.140 0.186 0.262
529.375 548.8 258.653
0.141 0.187 0.264
538.25 548.8 257.869
0.124 0.156 0.247
556 548.8 256.3
0.104 0.112 0.225
547.125 548.8 257.084
0.110 0.127 0.231
547.125 548.8 234.573
0.108 0.125 0.230
556 548.8 233
0.102 0.111 0.224
547.125 548.8 257.084
0.110 0.127 0.231
538.25 548.8 257.869
0.124 0.156 0.247
538.25 548.8 236.146
0.123 0.154 0.245
547.125 548.8 234.573
0.108 0.125 0.230
538.25 548.8 257.869
0.124 0.156 0.247
529.375 548.8 258.653
0.141 0.187 0.264
529.375 548.8 237.719
0.138 0.184 0.262
538.25 548.8 236.146
0.123 0.154 0.245
556 548.8 233
0.102 0.111 0.224
547.125 548.8 234.573
0.108 0.125 0.230
547.125 548.8 212.061
0.106 0.121 0.229
556 548.8 209.7
0.100 0.108 0.224
547.125 548.8 234.573
0.108 0.125 0.230
538.25 548.8 236.146
0.123 0.154 0.245
538.25 548.8 214.423
0.119 0.149 0.241
547.125 548.8 212.061
0.106 0.121 0.229
538.25 548.8 236.146
0.123 0.154 0.245
529.375 548.8 237.719
0.138 0.184 0.262
529.375 548.8 216.784
0.134 0.177 0.257
538.25 548.8 214.423
0.119 0.149 0.241
529.375 548.8 279.588
0.140 0.186 0.262
520.5 548.8 279.583
0.161 0.218 0.282
520.5 548.8 259.438
0.161 0.218 0.283
529.375 548.8 258.653
0.141 0.187 0.264
520.5 548.8 279.583
0.161 0.218 0.282
511.625 548.8 279.579
0.185 0.250 0.305
511.625 548.8 260.222
0.185 0.250 0.305
520.5 548.8 259.438
0.161 0.218 0.283
511.625 548.8 279.579
0.185 0.250 0.305
502.75 548.8 279.575
0.215 0.285 0.335
502.75 548.8 261.006
0.214 0.284 0.334
511.625 548.8 260.222
0.185 0.250 0.305
529.375 548.8 258.653
0.141 0.187 0.264
520.5 548.8 259.438
0.161 0.218 0.283
520.5 548.8 239.292
0.157 0.213 0.280
529.375 548.8 237.719
0.138 0.184 0.262
520.5 548.8 259.438
0.161 0.218 0.283
511.625 548.8 260.222
0.185 0.250 0.305
511.625 548.8 240.865
0.181 0.244 0.302
520.5 548.8 239.292
0.157 0.213 0.280
511.625 548.8 260.222
0.185 0.250 0.305
502.75 548.8 261.006
0.214 0.284 0.334
502.75 548.8 242.438
0.209 0.278 0.329
511.625 548.8 240.865
0.181 0.244 0.302
529.375 548.8 237.719
0.138 0.184 0.262
520.5 548.8 239.292
0.157 0.213 0.280
520.5 548.8 219.146
0.152 0.205 0.275
529.375 548.8 216.784
0.134 0.177 0.257
520.5 548.8 239.292
0.157 0.213 0.280
511.625 548.8 240.865
0.181 0.244 0.302
511.625 548.8 221.507
0.174 0.234 0.296
520.5 548.8 219.146
0.152 0.205 0.275
511.625 548.8 240.865
0.181 0.244 0.302
502.75 548.8 242.438
0.209 0.278 0.329
502.75 548.8 223.869
0.201 0.266 0.321
511.625 548.8 221.507
0.174 0.234 0.296
502.75 548.8 279.575
0.215 0.285 0.335
493.875 548.8 279.571
0.252 0.324 0.373
493.875 548.8 261.791
0.252 0.324 0.372
502.75 548.8 261.006
0.214 0.284 0.334
493.875 548.8 279.571
0.252 0.324 0.373
485 548.8 279.567
0.299 0.372 0.419
485 548.8 262.575
0.296 0.370 0.417
493.875 548.8 261.791
0.252 0.324 0.372
485 548.8 279.567
0.299 0.372 0.419
476.125 548.8 279.562
0.357 0.430 0.477
476.125 548.8 263.359
0.353 0.425 0.472
485 548.8 262.575
0.296 0.370 0.417
502.75 548.8 261.006
0.214 0.284 0.334
493.875 548.8 261.791
0.252 0.324 0.372
493.875 548.8 244.01
0.245 0.315 0.364
502.75 548.8 242.438
0.209 0.278 0.329
493.875 548.8 261.791
0.252 0.324 0.372
485 548.8 262.575
0.296 0.370 0.417
485 548.8 245.583
0.288 0.360 0.408
493.875 548.8 244.01
0.245 0.315 0.364
485 548.8 262.575
0.296 0.370 0.417
476.125 548.8 263.359
0.353 0.425 0.472
476.125 548.8 247.156
0.342 0.413 0.460
485 548.8 245.583
0.288 0.360 0.408
502.75 548.8 242.438
0.209 0.278 0.329
493.875 548.8 244.01
0.245 0.315 0.364
493.875 548.8 226.23
0.233 0.301 0.351
502.75 548.8 223.869
0.201 0.266 0.321
493.875 548.8 244.01
0.245 0.315 0.364
485 548.8 245.583
0.288 0.360 0.408
485 548.8 228.592
0.274 0.343 0.393
493.875 548.8 226.23
0.233 0.301 0.351
485 548.8 245.583
0.288 0.360 0.408
476.125 548.8 247.156
0.342 0.413 0.460
476.125 548.8 230.953
0.325 0.393 0.443
485 548.8 228.592
0.274 0.343 0.393
476.125 548.8 279.562
0.357 0.430 0.477
467.25 548.8 279.558
0.432 0.501 0.550
467.25 548.8 264.144
0.426 0.494 0.543
476.125 548.8 263.359
0.353 0.425 0.472
467.25 548.8 279.558
0.432 0.501 0.550
458.375 548.8 279.554
0.528 0.595 0.644
458.375 548.8 264.928
0.520 0.587 0.635
467.25 548.8 264.144
0.426 0.494 0.543
458.375 548.8 279.554
0.528 0.595 0.644
449.5 548.8 279.55
0.653 0.716 0.767
449.5 548.8 265.712
0.642 0.705 0.755
458.375 548.8 264.928
0.520 0.587 0.635
476.125 548.8 263.359
0.353 0.425 0.472
467.25 548.8 264.144
0.426 0.494 0.543
467.25 548.8 248.729
0.410 0.478 0.527
476.125 548.8 247.156
0.342 0.413 0.460
467.25 548.8 264.144
0.426 0.494 0.543
458.375 548.8 264.928
0.520 0.587 0.635
458.375 548.8 250.302
0.500 0.566 0.616
467.25 548.8 248.729
0.410 0.478 0.527
458.375 548.8 264.928
0.520 0.587 0.635
449.5 548.8 265.712
0.642 0.705 0.755
449.5 548.8 251.875
0.616 0.679 0.729
458.375 548.8 250.302
0.500 0.566 0.616
476.125 548.8 247.156
0.342 0.413 0.460
467.25 548.8 248.729
0.410 0.478 0.527
467.25 548.8 233.315
0.389 0.454 0.506
476.125 548.8 230.953
0.325 0.393 0.443
467.25 548.8 248.729
0.410 0.478 0.527
458.375 548.8 250.302
0.500 0.566 0.616
458.375 548.8 235.676
0.472 0.536 0.587
467.25 548.8 233.315
0.389 0.454 0.506
458.375 548.8 250.302
0.500 0.566 0.616
449.5 548.8 251.875
0.616 0.679 0.729
449.5 548.8 238.038
0.579 0.640 0.692
458.375 548.8 235.676
0.472 0.536 0.587
449.5 548.8 279.55
0.653 0.716 0.767
440.625 548.8 279.546
0.818 0.875 0.929
440.625 548.8 266.497
0.799 0.857 0.910
449.5 548.8 265.712
0.642 0.705 0.755
440.625 548.8 279.546
0.818 0.875 0.929
431.75 548.8 279.542
1.037 1.088 1.142
431.75 548.8 267.281
1.010 1.061 1.115
440.625 548.8 266.497
0.799 0.857 0.910
431.75 548.8 279.542
1.037 1.088 1.142
422.875 548.8 279.538
1.326 1.372 1.425
422.875 548.8 268.066
1.291 1.337 1.390
431.75 548.8 267.281
1.010 1.061 1.115
449.5 548.8 265.712
0.642 0.705 0.755
440.625 548.8 266.497
0.799 0.857 0.910
440.625 548.8 253.448
0.767 0.824 0.878
449.5 548.8 251.875
0.616 0.679 0.729
440.625 548.8 266.497
0.799 0.857 0.910
431.75 548.8 267.281
1.010 1.061 1.115
431.75 548.8 255.021
0.967 1.018 1.073
440.625 548.8 253.448
0.767 0.824 0.878
431.75 548.8 267.281
1.010 1.061 1.115
422.875 548.8 268.066
1.291 1.337 1.390
422.875 548.8 256.594
1.235 1.281 1.335
431.75 548.8 255.021
0.967 1.018 1.073
449.5 548.8 251.875
0.616 0.679 0.729
440.625 548.8 253.448
0.767 0.824 0.878
440.625 548.8 240.399
0.721 0.777 0.832
449.5 548.8 238.038
0.579 0.640 0.692
440.625 548.8 253.448
0.767 0.824 0.878
431.75 548.8 255.021
0.967 1.018 1.073
431.75 548.8 242.76
0.910 0.959 1.016
440.625 548.8 240.399
0.721 0.777 0.832
431.75 548.8 255.021
0.967 1.018 1.073
422.875 548.8 256.594
1.235 1.281 1.335
422.875 548.8 245.122
1.161 1.205 1.261
431.75 548.8 242.76
0.910 0.959 1.016
422.875 548.8 279.538
1.326 1.372 1.425
414 548.8 279.533
1.711 1.754 1.805
414 548.8 268.85
1.665 1.707 1.760
422.875 548.8 268.066
1.291 1.337 1.390
414 548.8 279.533
1.711 1.754 1.805
405.125 548.8 279.529
2.223 2.262 2.312
405.125 548.8 269.634
2.161 2.200 2.251
414 548.8 268.85
1.665 1.707 1.760
405.125 548.8 279.529
2.223 2.262 2.312
396.25 548.8 279.525
2.887 2.921 2.968
396.25 548.8 270.419
2.814 2.848 2.896
405.125 548.8 269.634
2.161 2.200 2.251
422.875 548.8 268.066
1.291 1.337 1.390
414 548.8 268.85
1.665 1.707 1.760
414 548.8 258.167
1.593 1.635 1.690
422.875 548.8 256.594
1.235 1.281 1.335
414 548.8 268.85
1.665 1.707 1.760
405.125 548.8 269.634
2.161 2.200 2.251
405.125 548.8 259.74
2.074 2.112 2.166
414 548.8 258.167
1.593 1.635 1.690
405.125 548.8 269.634
2.161 2.200 2.251
396.25 548.8 270.419
2.814 2.848 2.896
396.25 548.8 261.312
2.714 2.747 2.797
405.125 548.8 259.74
2.074 2.112 2.166
422.875 548.8 256.594
1.235 1.281 1.335
414 548.8 258.167
1.593 1.635 1.690
414 548.8 247.483
1.499 1.541 1.597
422.875 548.8 245.122
1.161 1.205 1.261
414 548.8 258.167
1.593 1.635 1.690
405.125 548.8 259.74
2.074 2.112 2.166
405.125 548.8 249.845
1.959 1.996 2.052
414 548.8 247.483
1.499 1.541 1.597
405.125 548.8 259.74
2.074 2.112 2.166
396.25 548.8 261.312
2.714 2.747 2.797
396.25 548.8 252.206
2.576 2.609 2.660
405.125 548.8 249.845
1.959 1.996 2.052
396.25 548.8 279.525
2.887 2.921 2.968
387.375 548.8 279.521
3.727 3.756 3.799
387.375 548.8 271.203
3.651 3.680 3.724
396.25 548.8 270.419
2.814 2.848 2.896
387.375 548.8 279.521
3.727 3.756 3.799
378.5 548.8 279.517
4.736 4.762 4.796
378.5 548.8 271.987
4.678 4.703 4.742
387.375 548.8 271.203
3.651 3.680 3.724
378.5 548.8 279.517
4.736 4.762 4.796
369.625 548.8 279.513
5.875 5.899 5.911
369.625 548.8 272.772
5.862 5.886 5.904
378.5 548.8 271.987
4.678 4.703 4.742
396.25 548.8 270.419
2.814 2.848 2.896
387.375 548.8 271.203
3.651 3.680 3.724
387.375 548.8 262.885
3.543 3.573 3.619
396.25 548.8 261.312
2.714 2.747 2.797
387.375 548.8 271.203
3.651 3.680 3.724
378.5 548.8 271.987
4.678 4.703 4.742
378.5 548.8 264.458
4.587 4.613 4.656
387.375 548.8 262.885
3.543 3.573 3.619
378.5 548.8 271.987
4.678 4.703 4.742
369.625 548.8 272.772
5.862 5.886 5.904
369.625 548.8 266.031
5.813 5.837 5.861
378.5 548.8 264.458
4.587 4.613 4.656
396.25 548.8 261.312
2.714 2.747 2.797
387.375 548.8 262.885
3.543 3.573 3.619
387.375 548.8 254.568
3.392 3.421 3.471
396.25 548.8 252.206
2.576 2.609 2.660
387.375 548.8 262.885
3.543 3.573 3.619
378.5 548.8 264.458
4.587 4.613 4.656
378.5 548.8 256.929
4.440 4.466 4.511
387.375 548.8 254.568
3.392 3.421 3.471
378.5 548.8 264.458
4.587 4.613 4.656
369.625 548.8 266.031
5.813 5.837 5.861
369.625 548.8 259.291
5.698 5.722 5.752
378.5 548.8 256.929
4.440 4.466 4.511
369.625 548.8 279.513
5.875 5.899 5.911
360.75 548.8 279.508
7.058 7.079 7.070
360.75 548.8 273.556
7.111 7.132 7.126
369.625 548.8 272.772
5.862 5.886 5.904
360.75 548.8 279.508
7.058 7.079 7.070
351.875 548.8 279.504
8.190 8.208 8.189
351.875 548.8 274.341
8.303 8.321 8.304
360.75 548.8 273.556
7.111 7.132 7.126
351.875 548.8 279.504
8.190 8.208 8.189
343 548.8 279.5
8.733 8.753 8.731
343 548.8 275.125
8.870 8.890 8.868
351.875 548.8 274.341
8.303 8.321 8.304
369.625 548.8 272.772
5.862 5.886 5.904
360.75 548.8 273.556
7.111 7.132 7.126
360.75 548.8 267.604
7.127 7.147 7.147
369.625 548.8 266.031
5.813 5.837 5.861
360.75 548.8 273.556
7.111 7.132 7.126
351.875 548.8 274.341
8.303 8.321 8.304
351.875 548.8 269.177
8.381 8.399 8.383
360.75 548.8 267.604
7.127 7.147 7.147
351.875 548.8 274.341
8.303 8.321 8.304
343 548.8 275.125
8.870 8.890 8.868
343 548.8 270.75
8.970 8.989 8.968
351.875 548.8 269.177
8.381 8.399 8.383
369.625 548.8 266.031
5.813 5.837 5.861
360.75 548.8 267.604
7.127 7.147 7.147
360.75 548.8 261.652
7.069 7.089 7.095
369.625 548.8 259.291
5.698 5.722 5.752
360.75 548.8 267.604
7.127 7.147 7.147
351.875 548.8 269.177
8.381 8.399 8.383
351.875 548.8 264.014
8.389 8.408 8.394
360.75 548.8 261.652
7.069 7.089 7.095
351.875 548.8 269.177
8.381 8.399 8.383
343 548.8 270.75
8.970 8.989 8.968
343 548.8 266.375
9.014 9.033 9.013
351.875 548.8 264.014
8.389 8.408 8.394
556 548.8 209.7
0.100 0.108 0.224
547.125 548.8 212.061
0.106 0.121 0.229
547.125 548.8 189.55
0.102 0.116 0.227
556 548.8 186.4
0.096 0.104 0.221
547.125 548.8 212.061
0.106 0.121 0.229
538.25 548.8 214.423
0.119 0.149 0.241
538.25 548.8 192.7
0.114 0.141 0.238
547.125 548.8 189.55
0.102 0.116 0.227
538.25 548.8 214.423
0.119 0.149 0.241
529.375 548.8 216.784
0.134 0.177 0.257
529.375 548.8 195.85
0.128 0.167 0.252
538.25 548.8 192.7
0.114 0.141 0.238
556 548.8 186.4
0.096 0.104 0.221
547.125 548.8 189.55
0.102 0.116 0.227
547.125 548.8 167.039
0.098 0.110 0.222
556 548.8 163.1
0.092 0.098 0.215
547.125 548.8 189.55
0.102 0.116 0.227
538.25 548.8 192.7
0.114 0.141 0.238
538.25 548.8 170.977
0.109 0.133 0.234
547.125 548.8 167.039
0.098 0.110 0.222
538.25 548.8 192.7
0.114 0.141 0.238
529.375 548.8 195.85
0.128 0.167 0.252
529.375 548.8 174.916
0.122 0.156 0.247
538.25 548.8 170.977
0.109 0.133 0.234
556 548.8 163.1
0.092 0.098 0.215
547.125 548.8 167.039
0.098 0.110 0.222
547.125 548.8 144.527
0.093 0.102 0.214
556 548.8 139.8
0.088 0.093 0.208
547.125 548.8 167.039
0.098 0.110 0.222
538.25 548.8 170.977
0.109 0.133 0.234
538.25 548.8 149.254
0.104 0.123 0.227
547.125 548.8 144.527
0.093 0.102 0.214
538.25 548.8 170.977
0.109 0.133 0.234
529.375 548.8 174.916
0.122 0.156 0.247
529.375 548.8 153.981
0.115 0.144 0.239
538.25 548.8 149.254
0.104 0.123 0.227
529.375 548.8 216.784
0.134 0.177 0.257
520.5 548.8 219.146
0.152 0.205 0.275
520.5 548.8 199
0.145 0.194 0.269
529.375 548.8 195.85
0.128 0.167 0.252
520.5 548.8 219.146
0.152 0.205 0.275
511.625 548.8 221.507
0.174 0.234 0.296
511.625 548.8 202.15
0.165 0.221 0.288
520.5 548.8 199
0.145 0.194 0.269
511.625 548.8 221.507
0.174 0.234 0.296
502.75 548.8 223.869
0.201 0.266 0.321
502.75 548.8 205.3
0.189 0.250 0.310
511.625 548.8 202.15
0.165 0.221 0.288
529.375 548.8 195.85
0.128 0.167 0.252
520.5 548.8 199
0.145 0.194 0.269
520.5 548.8 178.854
0.137 0.180 0.262
529.375 548.8 174.916
0.122 0.156 0.247
520.5 548.8 199
0.145 0.194 0.269
511.625 548.8 202.15
0.165 0.221 0.288
511.625 548.8 182.793
0.155 0.206 0.280
520.5 548.8 178.854
0.137 0.180 0.262
511.625 548.8 202.15
0.165 0.221 0.288
502.75 548.8 205.3
0.189 0.250 0.310
502.75 548.8 186.731
0.177 0.233 0.301
511.625 548.8 182.793
0.155 0.206 0.280
529.375 548.8 174.916
0.122 0.156 0.247
520.5 548.8 178.854
0.137 0.180 0.262
520.5 548.8 158.708
0.128 0.165 0.253
529.375 548.8 153.981
0.115 0.144 0.239
520.5 548.8 178.854
0.137 0.180 0.262
511.625 548.8 182.793
0.155 0.206 0.280
511.625 548.8 163.435
0.145 0.188 0.270
520.5 548.8 158.708
0.128 0.165 0.253
511.625 548.8 182.793
0.155 0.206 0.280
502.75 548.8 186.731
0.177 0.233 0.301
502.75 548.8 168.163
0.165 0.214 0.290
511.625 548.8 163.435
0.145 0.188 0.270
502.75 548.8 223.869
0.201 0.266 0.321
493.875 548.8 226.23
0.233 0.301 0.351
493.875 548.8 208.45
0.219 0.283 0.337
502.75 548.8 205.3
0.189 0.250 0.310
493.875 548.8 226.23
0.233 0.301 0.351
485 548.8 228.592
0.274 0.343 0.393
485 548.8 211.6
0.255 0.321 0.373
493.875 548.8 208.45
0.219 0.283 0.337
485 548.8 228.592
0.274 0.343 0.393
476.125 548.8 230.953
0.325 0.393 0.443
476.125 548.8 214.75
0.303 0.368 0.421
485 548.8 211.6
0.255 0.321 0.373
502.75 548.8 205.3
0.189 0.250 0.310
493.875 548.8 208.45
0.219 0.283 0.337
493.875 548.8 190.67
0.203 0.262 0.326
502.75 548.8 186.731
0.177 0.233 0.301
493.875 548.8 208.45
0.219 0.283 0.337
485 548.8 211.6
0.255 0.321 0.373
485 548.8 194.608
0.236 0.297 0.357
493.875 548.8 190.67
0.203 0.262 0.326
485 548.8 211.6
0.255 0.321 0.373
476.125 548.8 214.75
0.303 0.368 0.421
476.125 548.8 198.547
0.278 0.340 0.397
485 548.8 194.608
0.236 0.297 0.357
502.75 548.8 186.731
0.177 0.233 0.301
493.875 548.8 190.67
0.203 0.262 0.326
493.875 548.8 172.89
0.189 0.242 0.315
502.75 548.8 168.163
0.165 0.214 0.290
493.875 548.8 190.67
0.203 0.262 0.326
485 548.8 194.608
0.236 0.297 0.357
485 548.8 177.617
0.217 0.273 0.342
493.875 548.8 172.89
0.189 0.242 0.315
485 548.8 194.608
0.236 0.297 0.357
476.125 548.8 198.547
0.278 0.340 0.397
476.125 548.8 182.344
0.253 0.309 0.376
485 548.8 177.617
0.217 0.273 0.342
476.125 548.8 230.953
0.325 0.393 0.443
467.25 548.8 233.315
0.389 0.454 0.506
467.25 548.8 217.9
0.361 0.424 0.479
476.125 548.8 214.75
0.303 0.368 0.421
467.25 548.8 233.315
0.389 0.454 0.506
458.375 548.8 235.676
0.472 0.536 0.587
458.375 548.8 221.05
0.436 0.498 0.552
467.25 548.8 217.9
0.361 0.424 0.479
458.375 548.8 235.676
0.472 0.536 0.587
449.5 548.8 238.038
0.579 0.640 0.692
449.5 548.8 224.2
0.536 0.595 0.650
458.375 548.8 221.05
0.436 0.498 0.552
476.125 548.8 214.75
0.303 0.368 0.421
467.25 548.8 217.9
0.361 0.424 0.479
467.25 548.8 202.485
0.331 0.391 0.449
476.125 548.8 198.547
0.278 0.340 0.397
467.25 548.8 217.9
0.361 0.424 0.479
458.375 548.8 221.05
0.436 0.498 0.552
458.375 548.8 206.424
0.399 0.458 0.516
467.25 548.8 202.485
0.331 0.391 0.449
458.375 548.8 221.05
0.436 0.498 0.552
449.5 548.8 224.2
0.536 0.595 0.650
449.5 548.8 210.362
0.488 0.545 0.603
458.375 548.8 206.424
0.399 0.458 0.516
476.125 548.8 198.547
0.278 0.340 0.397
467.25 548.8 202.485
0.331 0.391 0.449
467.25 548.8 187.071
0.301 0.356 0.422
476.125 548.8 182.344
0.253 0.309 0.376
467.25 548.8 202.485
0.331 0.391 0.449
458.375 548.8 206.424
0.399 0.458 0.516
458.375 548.8 191.798
0.362 0.418 0.481
467.25 548.8 187.071
0.301 0.356 0.422
458.375 548.8 206.424
0.399 0.458 0.516
449.5 548.8 210.362
0.488 0.545 0.603
449.5 548.8 196.525
0.440 0.493 0.555
458.375 548.8 191.798
0.362 0.418 0.481
449.5 548.8 238.038
0.579 0.640 0.692
440.625 548.8 240.399
0.721 0.777 0.832
440.625 548.8 227.35
0.665 0.719 0.777
449.5 548.8 224.2
0.536 0.595 0.650
440.625 548.8 240.399
0.721 0.777 0.832
431.75 548.8 242.76
0.910 0.959 1.016
431.75 548.8 230.5
0.839 0.887 0.945
440.625 548.8 227.35
0.665 0.719 0.777
431.75 548.8 242.76
0.910 0.959 1.016
422.875 548.8 245.122
1.161 1.205 1.261
422.875 548.8 233.65
1.073 1.117 1.175
431.75 548.8 230.5
0.839 0.887 0.945
449.5 548.8 224.2
0.536 0.595 0.650
440.625 548.8 227.35
0.665 0.719 0.777
440.625 548.8 214.301
0.605 0.657 0.717
449.5 548.8 210.362
0.488 0.545 0.603
440.625 548.8 227.35
0.665 0.719 0.777
431.75 548.8 230.5
0.839 0.887 0.945
431.75 548.8 218.24
0.762 0.809 0.869
440.625 548.8 214.301
0.605 0.657 0.717
431.75 548.8 230.5
0.839 0.887 0.945
422.875 548.8 233.65
1.073 1.117 1.175
422.875 548.8 222.178
0.975 1.018 1.078
431.75 548.8 218.24
0.762 0.809 0.869
449.5 548.8 210.362
0.488 0.545 0.603
440.625 548.8 214.301
0.605 0.657 0.717
440.625 548.8 201.252
0.543 0.593 0.656
449.5 548.8 196.525
0.440 0.493 0.555
440.625 548.8 214.301
0.605 0.657 0.717
431.75 548.8 218.24
0.762 0.809 0.869
431.75 548.8 205.979
0.684 0.729 0.793
440.625 548.8 201.252
0.543 0.593 0.656
431.75 548.8 218.24
0.762 0.809 0.869
422.875 548.8 222.178
0.975 1.018 1.078
422.875 548.8 210.706
0.875 0.916 0.979
431.75 548.8 205.979
0.684 0.729 0.793
422.875 548.8 245.122
1.161 1.205 1.261
414 548.8 247.483
1.499 1.541 1.597
414 548.8 236.8
1.388 1.429 1.489
422.875 548.8 233.65
1.073 1.117 1.175
414 548.8 247.483
1.499 1.541 1.597
405.125 548.8 249.845
1.959 1.996 2.052
405.125 548.8 239.95
1.821 1.858 1.916
414 548.8 236.8
1.388 1.429 1.489
405.125 548.8 249.845
1.959 1.996 2.052
396.25 548.8 252.206
2.576 2.609 2.660
396.25 548.8 243.1
2.405 2.438 2.492
405.125 548.8 239.95
1.821 1.858 1.916
422.875 548.8 233.65
1.073 1.117 1.175
414 548.8 236.8
1.388 1.429 1.489
414 548.8 226.117
1.264 1.304 1.365
422.875 548.8 222.178
0.975 1.018 1.078
414 548.8 236.8
1.388 1.429 1.489
405.125 548.8 239.95
1.821 1.858 1.916
405.125 548.8 230.055
1.660 1.697 1.756
414 548.8 226.117
1.264 1.304 1.365
405.125 548.8 239.95
1.821 1.858 1.916
396.25 548.8 243.1
2.405 2.438 2.492
396.25 548.8 233.994
2.210 2.242 2.299
405.125 548.8 230.055
1.660 1.697 1.756
422.875 548.8 222.178
0.975 1.018 1.078
414 548.8 226.117
1.264 1.304 1.365
414 548.8 215.433
1.135 1.174 1.237
422.875 548.8 210.706
0.875 0.916 0.979
414 548.8 226.117
1.264 1.304 1.365
405.125 548.8 230.055
1.660 1.697 1.756
405.125 548.8 220.16
1.495 1.531 1.593
414 548.8 215.433
1.135 1.174 1.237
405.125 548.8 230.055
1.660 1.697 1.756
396.25 548.8 233.994
2.210 2.242 2.299
396.25 548.8 224.887
2.000 2.032 2.091
405.125 548.8 220.16
1.495 1.531 1.593
396.25 548.8 252.206
2.576 2.609 2.660
387.375 548.8 254.568
3.392 3.421 3.471
387.375 548.8 246.25
3.192 3.220 3.272
396.25 548.8 243.1
2.405 2.438 2.492
387.375 548.8 254.568
3.392 3.421 3.471
378.5 548.8 256.929
4.440 4.466 4.511
378.5 548.8 249.4
4.224 4.249 4.297
387.375 548.8 246.25
3.192 3.220 3.272
378.5 548.8 256.929
4.440 4.466 4.511
369.625 548.8 259.291
5.698 5.722 5.752
369.625 548.8 252.55
5.497 5.520 5.556
378.5 548.8 249.4
4.224 4.249 4.297
396.25 548.8 243.1
2.405 2.438 2.492
387.375 548.8 246.25
3.192 3.220 3.272
387.375 548.8 237.932
2.955 2.983 3.037
396.25 548.8 233.994
2.210 2.242 2.299
387.375 548.8 246.25
3.192 3.220 3.272
378.5 548.8 249.4
4.224 4.249 4.297
378.5 548.8 241.871
3.948 3.974 4.023
387.375 548.8 237.932
2.955 2.983 3.037
378.5 548.8 249.4
4.224 4.249 4.297
369.625 548.8 252.55
5.497 5.520 5.556
369.625 548.8 245.809
5.203 5.226 5.267
378.5 548.8 241.871
3.948 3.974 4.023
396.25 548.8 233.994
2.210 2.242 2.299
387.375 548.8 237.932
2.955 2.983 3.037
387.375 548.8 229.615
2.695 2.723 2.778
396.25 548.8 224.887
2.000 2.032 2.091
387.375 548.8 237.932
2.955 2.983 3.037
378.5 548.8 241.871
3.948 3.974 4.023
378.5 548.8 234.342
3.633 3.658 3.710
387.375 548.8 229.615
2.695 2.723 2.778
378.5 548.8 241.871
3.948 3.974 4.023
369.625 548.8 245.809
5.203 5.226 5.267
369.625 548.8 239.069
4.842 4.866 4.911
378.5 548.8 234.342
3.633 3.658 3.710
369.625 548.8 259.291
5.698 5.722 5.752
360.75 548.8 261.652
7.069 7.089 7.095
360.75 548.8 255.7
6.917 6.938 6.949
369.625 548.8 252.55
5.497 5.520 5.556
360.75 548.8 261.652
7.069 7.089 7.095
351.875 548.8 264.014
8.389 8.408 8.394
351.875 548.8 258.85
8.306 8.325 8.314
360.75 548.8 255.7
6.917 6.938 6.949
351.875 548.8 264.014
8.389 8.408 8.394
343 548.8 266.375
9.014 9.033 9.013
343 548.8 262
8.968 8.987 8.967
351.875 548.8 258.85
8.306 8.325 8.314
369.625 548.8 252.55
5.497 5.520 5.556
360.75 548.8 255.7
6.917 6.938 6.949
360.75 548.8 249.748
6.647 6.667 6.685
369.625 548.8 245.809
5.203 5.226 5.267
360.75 548.8 255.7
6.917 6.938 6.949
351.875 548.8 258.85
8.306 8.325 8.314
351.875 548.8 253.686
8.108 8.127 8.119
360.75 548.8 249.748
6.647 6.667 6.685
351.875 548.8 258.85
8.306 8.325 8.314
343 548.8 262
8.968 8.987 8.967
343 548.8 257.625
8.813 8.833 8.815
351.875 548.8 253.686
8.108 8.127 8.119
369.625 548.8 245.809
5.203 5.226 5.267
360.75 548.8 249.748
6.647 6.667 6.685
360.75 548.8 243.796
6.287 6.307 6.330
369.625 548.8 239.069
4.842 4.866 4.911
360.75 548.8 249.748
6.647 6.667 6.685
351.875 548.8 253.686
8.108 8.127 8.119
351.875 548.8 248.523
7.804 7.822 7.818
360.75 548.8 243.796
6.287 6.307 6.330
351.875 548.8 253.686
8.108 8.127 8.119
343 548.8 257.625
8.813 8.833 8.815
343 548.8 253.25
8.548 8.567 8.551
351.875 548.8 248.523
7.804 7.822 7.818
556 548.8 139.8
0.088 0.093 0.208
547.125 548.8 144.527
0.093 0.102 0.214
547.125 548.8 122.016
0.089 0.095 0.208
556 548.8 116.5
0.084 0.087 0.202
547.125 548.8 144.527
0.093 0.102 0.214
538.25 548.8 149.254
0.104 0.123 0.227
538.25 548.8 127.531
0.100 0.113 0.220
547.125 548.8 122.016
0.089 0.095 0.208
538.25 548.8 149.254
0.104 0.123 0.227
529.375 548.8 153.981
0.115 0.144 0.239
529.375 548.8 133.047
0.110 0.131 0.232
538.25 548.8 127.531
0.100 0.113 0.220
556 548.8 116.5
0.084 0.087 0.202
547.125 548.8 122.016
0.089 0.095 0.208
547.125 548.8 99.5042
0.085 0.088 0.202
556 548.8 93.2
0.079 0.081 0.196
547.125 548.8 122.016
0.089 0.095 0.208
538.25 548.8 127.531
0.100 0.113 0.220
538.25 548.8 105.808
0.095 0.103 0.215
547.125 548.8 99.5042
0.085 0.088 0.202
538.25 548.8 127.531
0.100 0.113 0.220
529.375 548.8 133.047
0.110 0.131 0.232
529.375 548.8 112.113
0.105 0.119 0.227
538.25 548.8 105.808
0.095 0.103 0.215
556 548.8 93.2
0.079 0.081 0.196
547.125 548.8 99.5042
0.085 0.088 0.202
547.125 548.8 76.9927
0.078 0.080 0.192
556 548.8 69.9
0.073 0.074 0.185
547.125 548.8 99.5042
0.085 0.088 0.202
538.25 548.8 105.808
0.095 0.103 0.215
538.25 548.8 84.0854
0.088 0.094 0.205
547.125 548.8 76.9927
0.078 0.080 0.192
538.25 548.8 105.808
0.095 0.103 0.215
529.375 548.8 112.113
0.105 0.119 0.227
529.375 548.8 91.1781
0.098 0.108 0.218
538.25 548.8 84.0854
0.088 0.094 0.205
529.375 548.8 153.981
0.115 0.144 0.239
520.5 548.8 158.708
0.128 0.165 0.253
520.5 548.8 138.562
0.122 0.150 0.244
529.375 548.8 133.047
0.110 0.131 0.232
520.5 548.8 158.708
0.128 0.165 0.253
511.625 548.8 163.435
0.145 0.188 0.270
511.625 548.8 144.078
0.136 0.171 0.259
520.5 548.8 138.562
0.122 0.150 0.244
511.625 548.8 163.435
0.145 0.188 0.270
502.75 548.8 168.163
0.165 0.214 0.290
502.75 548.8 149.594
0.154 0.194 0.277
511.625 548.8 144.078
0.136 0.171 0.259
529.375 548.8 133.047
0.110 0.131 0.232
520.5 548.8 138.562
0.122 0.150 0.244
520.5 548.8 118.417
0.116 0.136 0.239
529.375 548.8 112.113
0.105 0.119 0.227
520.5 548.8 138.562
0.122 0.150 0.244
511.625 548.8 144.078
0.136 0.171 0.259
511.625 548.8 124.721
0.129 0.156 0.254
520.5 548.8 118.417
0.116 0.136 0.239
511.625 548.8 144.078
0.136 0.171 0.259
502.75 548.8 149.594
0.154 0.194 0.277
502.75 548.8 131.025
0.144 0.176 0.269
511.625 548.8 124.721
0.129 0.156 0.254
529.375 548.8 112.113
0.105 0.119 0.227
520.5 548.8 118.417
0.116 0.136 0.239
520.5 548.8 98.2708
0.109 0.124 0.233
529.375 548.8 91.1781
0.098 0.108 0.218
520.5 548.8 118.417
0.116 0.136 0.239
511.625 548.8 124.721
0.129 0.156 0.254
511.625 548.8 105.364
0.122 0.141 0.248
520.5 548.8 98.2708
0.109 0.124 0.233
511.625 548.8 124.721
0.129 0.156 0.254
502.75 548.8 131.025
0.144 0.176 0.269
502.75 548.8 112.456
0.136 0.159 0.263
511.625 548.8 105.364
0.122 0.141 0.248
502.75 548.8 168.163
0.165 0.214 0.290
493.875 548.8 172.89
0.189 0.242 0.315
493.875 548.8 155.109
0.175 0.219 0.299
502.75 548.8 149.594
0.154 0.194 0.277
493.875 548.8 172.89
0.189 0.242 0.315
485 548.8 177.617
0.217 0.273 0.342
485 548.8 160.625
0.199 0.247 0.324
493.875 548.8 155.109
0.175 0.219 0.299
485 548.8 177.617
0.217 0.273 0.342
476.125 548.8 182.344
0.253 0.309 0.376
476.125 548.8 166.141
0.231 0.281 0.356
485 548.8 160.625
0.199 0.247 0.324
502.75 548.8 149.594
0.154 0.194 0.277
493.875 548.8 155.109
0.175 0.219 0.299
493.875 548.8 137.329
0.162 0.198 0.286
502.75 548.8 131.025
0.144 0.176 0.269
493.875 548.8 155.109
0.175 0.219 0.299
485 548.8 160.625
0.199 0.247 0.324
485 548.8 143.633
0.184 0.224 0.308
493.875 548.8 137.329
0.162 0.198 0.286
485 548.8 160.625
0.199 0.247 0.324
476.125 548.8 166.141
0.231 0.281 0.356
476.125 548.8 149.938
0.212 0.255 0.335
485 548.8 143.633
0.184 0.224 0.308
502.75 548.8 131.025
0.144 0.176 0.269
493.875 548.8 137.329
0.162 0.198 0.286
493.875 548.8 119.549
0.152 0.180 0.280
502.75 548.8 112.456
0.136 0.159 0.263
493.875 548.8 137.329
0.162 0.198 0.286
485 548.8 143.633
0.184 0.224 0.308
485 548.8 126.642
0.171 0.203 0.299
493.875 548.8 119.549
0.152 0.180 0.280
485 548.8 143.633
0.184 0.224 0.308
476.125 548.8 149.938
0.212 0.255 0.335
476.125 548.8 133.734
0.195 0.230 0.322
485 548.8 126.642
0.171 0.203 0.299
476.125 548.8 182.344
0.253 0.309 0.376
467.25 548.8 187.071
0.301 0.356 0.422
467.25 548.8 171.656
0.272 0.322 0.397
476.125 548.8 166.141
0.231 0.281 0.356
467.25 548.8 187.071
0.301 0.356 0.422
458.375 548.8 191.798
0.362 0.418 0.481
458.375 548.8 177.172
0.325 0.376 0.449
467.25 548.8 171.656
0.272 0.322 0.397
458.375 548.8 191.798
0.362 0.418 0.481
449.5 548.8 196.525
0.440 0.493 0.555
449.5 548.8 182.687
0.394 0.443 0.513
458.375 548.8 177.172
0.325 0.376 0.449
476.125 548.8 166.141
0.231 0.281 0.356
467.25 548.8 171.656
0.272 0.322 0.397
467.25 548.8 156.242
0.246 0.290 0.370
476.125 548.8 149.938
0.212 0.255 0.335
467.25 548.8 171.656
0.272 0.322 0.397
458.375 548.8 177.172
0.325 0.376 0.449
458.375 548.8 162.546
0.292 0.337 0.416
467.25 548.8 156.242
0.246 0.290 0.370
458.375 548.8 177.172
0.325 0.376 0.449
449.5 548.8 182.687
0.394 0.443 0.513
449.5 548.8 168.85
0.351 0.396 0.474
458.375 548.8 162.546
0.292 0.337 0.416
476.125 548.8 149.938
0.212 0.255 0.335
467.25 548.8 156.242
0.246 0.290 0.370
467.25 548.8 140.827
0.224 0.261 0.350
476.125 548.8 133.734
0.195 0.230 0.322
467.25 548.8 156.242
0.246 0.290 0.370
458.375 548.8 162.546
0.292 0.337 0.416
458.375 548.8 147.92
0.263 0.302 0.387
467.25 548.8 140.827
0.224 0.261 0.350
458.375 548.8 162.546
0.292 0.337 0.416
449.5 548.8 168.85
0.351 0.396 0.474
449.5 548.8 155.012
0.313 0.353 0.436
458.375 548.8 147.92
0.263 0.302 0.387
449.5 548.8 196.525
0.440 0.493 0.555
440.625 548.8 201.252
0.543 0.593 0.656
440.625 548.8 188.203
0.484 0.531 0.599
449.5 548.8 182.687
0.394 0.443 0.513
440.625 548.8 201.252
0.543 0.593 0.656
431.75 548.8 205.979
0.684 0.729 0.793
431.75 548.8 193.719
0.609 0.653 0.719
440.625 548.8 188.203
0.484 0.531 0.599
431.75 548.8 205.979
0.684 0.729 0.793
422.875 548.8 210.706
0.875 0.916 0.979
422.875 548.8 199.234
0.778 0.818 0.883
431.75 548.8 193.719
0.609 0.653 0.719
449.5 548.8 182.687
0.394 0.443 0.513
440.625 548.8 188.203
0.484 0.531 0.599
440.625 548.8 175.154
0.430 0.473 0.550
449.5 548.8 168.85
0.351 0.396 0.474
440.625 548.8 188.203
0.484 0.531 0.599
431.75 548.8 193.719
0.609 0.653 0.719
431.75 548.8 181.458
0.538 0.579 0.651
440.625 548.8 175.154
0.430 0.473 0.550
431.75 548.8 193.719
0.609 0.653 0.719
422.875 548.8 199.234
0.778 0.818 0.883
422.875 548.8 187.762
0.686 0.724 0.793
431.75 548.8 181.458
0.538 0.579 0.651
449.5 548.8 168.85
0.351 0.396 0.474
440.625 548.8 175.154
0.430 0.473 0.550
440.625 548.8 162.105
0.381 0.420 0.503
449.5 548.8 155.012
0.313 0.353 0.436
440.625 548.8 175.154
0.430 0.473 0.550
431.75 548.8 181.458
0.538 0.579 0.651
431.75 548.8 169.198
0.474 0.511 0.591
440.625 548.8 162.105
0.381 0.420 0.503
431.75 548.8 181.458
0.538 0.579 0.651
422.875 548.8 187.762
0.686 0.724 0.793
422.875 548.8 176.291
0.602 0.637 0.713
431.75 548.8 169.198
0.474 0.511 0.591
422.875 548.8 210.706
0.875 0.916 0.979
414 548.8 215.433
1.135 1.174 1.237
414 548.8 204.75
1.010 1.047 1.113
422.875 548.8 199.234
0.778 0.818 0.883
414 548.8 215.433
1.135 1.174 1.237
405.125 548.8 220.16
1.495 1.531 1.593
405.125 548.8 210.266
1.337 1.372 1.437
414 548.8 204.75
1.010 1.047 1.113
405.125 548.8 220.16
1.495 1.531 1.593
396.25 548.8 224.887
2.000 2.032 2.091
396.25 548.8 215.781
1.794 1.825 1.886
405.125 548.8 210.266
1.337 1.372 1.437
422.875 548.8 199.234
0.778 0.818 0.883
414 548.8 204.75
1.010 1.047 1.113
414 548.8 194.067
0.891 0.928 0.996
422.875 548.8 187.762
0.686 0.724 0.793
414 548.8 204.75
1.010 1.047 1.113
405.125 548.8 210.266
1.337 1.372 1.437
405.125 548.8 200.371
1.182 1.216 1.282
414 548.8 194.067
0.891 0.928 0.996
405.125 548.8 210.266
1.337 1.372 1.437
396.25 548.8 215.781
1.794 1.825 1.886
396.25 548.8 206.675
1.595 1.625 1.689
405.125 548.8 200.371
1.182 1.216 1.282
422.875 548.8 187.762
0.686 0.724 0.793
414 548.8 194.067
0.891 0.928 0.996
414 548.8 183.383
0.783 0.817 0.890
422.875 548.8 176.291
0.602 0.637 0.713
414 548.8 194.067
0.891 0.928 0.996
405.125 548.8 200.371
1.182 1.216 1.282
405.125 548.8 190.476
1.039 1.071 1.140
414 548.8 183.383
0.783 0.817 0.890
405.125 548.8 200.371
1.182 1.216 1.282
396.25 548.8 206.675
1.595 1.625 1.689
396.25 548.8 197.569
1.407 1.437 1.502
405.125 548.8 190.476
1.039 1.071 1.140
396.25 548.8 224.887
2.000 2.032 2.091
387.375 548.8 229.615
2.695 2.723 2.778
387.375 548.8 221.297
2.430 2.457 2.515
396.25 548.8 215.781
1.794 1.825 1.886
387.375 548.8 229.615
2.695 2.723 2.778
378.5 548.8 234.342
3.633 3.658 3.710
378.5 548.8 226.812
3.305 3.329 3.384
387.375 548.8 221.297
2.430 2.457 2.515
378.5 548.8 234.342
3.633 3.658 3.710
369.625 548.8 239.069
4.842 4.866 4.911
369.625 548.8 232.328
4.457 4.480 4.528
378.5 548.8 226.812
3.305 3.329 3.384
396.25 548.8 215.781
1.794 1.825 1.886
387.375 548.8 221.297
2.430 2.457 2.515
387.375 548.8 212.979
2.176 2.202 2.262
396.25 548.8 206.675
1.595 1.625 1.689
387.375 548.8 221.297
2.430 2.457 2.515
378.5 548.8 226.812
3.305 3.329 3.384
378.5 548.8 219.283
2.983 3.007 3.063
387.375 548.8 212.979
2.176 2.202 2.262
378.5 548.8 226.812
3.305 3.329 3.384
369.625 548.8 232.328
4.457 4.480 4.528
369.625 548.8 225.587
4.070 4.092 4.143
378.5 548.8 219.283
2.983 3.007 3.063
396.25 548.8 206.675
1.595 1.625 1.689
387.375 548.8 212.979
2.176 2.202 2.262
387.375 548.8 204.661
1.936 1.962 2.025
396.25 548.8 197.569
1.407 1.437 1.502
387.375 548.8 212.979
2.176 2.202 2.262
378.5 548.8 219.283
2.983 3.007 3.063
378.5 548.8 211.754
2.680 2.703 2.761
387.375 548.8 204.661
1.936 1.962 2.025
378.5 548.8 219.283
2.983 3.007 3.063
369.625 548.8 225.587
4.070 4.092 4.143
369.625 548.8 218.847
3.698 3.720 3.773
378.5 548.8 211.754
2.680 2.703 2.761
369.625 548.8 239.069
4.842 4.866 4.911
360.75 548.8 243.796
6.287 6.307 6.330
360.75 548.8 237.844
5.873 5.894 5.921
369.625 548.8 232.328
4.457 4.480 4.528
360.75 548.8 243.796
6.287 6.307 6.330
351.875 548.8 248.523
7.804 7.822 7.818
351.875 548.8 243.359
7.417 7.435 7.434
360.75 548.8 237.844
5.873 5.894 5.921
351.875 548.8 248.523
7.804 7.822 7.818
343 548.8 253.25
8.548 8.567 8.551
343 548.8 248.875
8.193 8.212 8.198
351.875 548.8 243.359
7.417 7.435 7.434
369.625 548.8 232.328
4.457 4.480 4.528
360.75 548.8 237.844
5.873 5.894 5.921
360.75 548.8 231.892
5.435 5.455 5.488
369.625 548.8 225.587
4.070 4.092 4.143
360.75 548.8 237.844
5.873 5.894 5.921
351.875 548.8 243.359
7.417 7.435 7.434
351.875 548.8 238.196
6.985 7.003 7.007
360.75 548.8 231.892
5.435 5.455 5.488
351.875 548.8 243.359
7.417 7.435 7.434
343 548.8 248.875
8.193 8.212 8.198
343 548.8 244.5
7.786 7.805 7.794
351.875 548.8 238.196
6.985 7.003 7.007
369.625 548.8 225.587
4.070 4.092 4.143
360.75 548.8 231.892
5.435 5.455 5.488
360.75 548.8 225.94
5.009 5.029 5.067
369.625 548.8 218.847
3.698 3.720 3.773
360.75 548.8 231.892
5.435 5.455 5.488
351.875 548.8 238.196
6.985 7.003 7.007
351.875 548.8 233.032
6.541 6.559 6.568
360.75 548.8 225.94
5.009 5.029 5.067
351.875 548.8 238.196
6.985 7.003 7.007
343 548.8 244.5
7.786 7.805 7.794
343 548.8 240.125
7.346 7.365 7.357
351.875 548.8 233.032
6.541 6.559 6.568
556 548.8 69.9
0.073 0.074 0.185
547.125 548.8 76.9927
0.078 0.080 0.192
547.125 548.8 54.4812
0.068 0.069 0.174
556 548.8 46.6
0.062 0.063 0.167
547.125 548.8 76.9927
0.078 0.080 0.192
538.25 548.8 84.0854
0.088 0.094 0.205
538.25 548.8 62.3625
0.079 0.082 0.189
547.125 548.8 54.4812
0.068 0.069 0.174
538.25 548.8 84.0854
0.088 0.094 0.205
529.375 548.8 91.1781
0.098 0.108 0.218
529.375 548.8 70.2438
0.090 0.097 0.204
538.25 548.8 62.3625
0.079 0.082 0.189
556 548.8 46.6
0.062 0.063 0.167
547.125 548.8 54.4812
0.068 0.069 0.174
547.125 548.8 31.9698
0.053 0.053 0.150
556 548.8 23.3
0.046 0.046 0.142
547.125 548.8 54.4812
0.068 0.069 0.174
538.25 548.8 62.3625
0.079 0.082 0.189
538.25 548.8 40.6396
0.066 0.067 0.168
547.125 548.8 31.9698
0.053 0.053 0.150
538.25 548.8 62.3625
0.079 0.082 0.189
529.375 548.8 70.2438
0.090 0.097 0.204
529.375 548.8 49.3094
0.079 0.082 0.186
538.25 548.8 40.6396
0.066 0.067 0.168
556 548.8 23.3
0.046 0.046 0.142
547.125 548.8 31.9698
0.053 0.053 0.150
547.125 548.8 9.45833
0.040 0.040 0.131
556 548.8 0
0.033 0.033 0.121
547.125 548.8 31.9698
0.053 0.053 0.150
538.25 548.8 40.6396
0.066 0.067 0.168
538.25 548.8 18.9167
0.055 0.056 0.151
547.125 548.8 9.45833
0.040 0.040 0.131
538.25 548.8 40.6396
0.066 0.067 0.168
529.375 548.8 49.3094
0.079 0.082 0.186
529.375 548.8 28.375
0.071 0.073 0.173
538.25 548.8 18.9167
0.055 0.056 0.151
529.375 548.8 91.1781
0.098 0.108 0.218
520.5 548.8 98.2708
0.109 0.124 0.233
520.5 548.8 78.125
0.102 0.112 0.220
529.375 548.8 70.2438
0.090 0.097 0.204
520.5 548.8 98.2708
0.109 0.124 0.233
511.625 548.8 105.364
0.122 0.141 0.248
511.625 548.8 86.0063
0.115 0.129 0.237
520.5 548.8 78.125
0.102 0.112 0.220
511.625 548.8 105.364
0.122 0.141 0.248
502.75 548.8 112.456
0.136 0.159 0.263
502.75 548.8 93.8875
0.128 0.146 0.253
511.625 548.8 86.0063
0.115 0.129 0.237
529.375 548.8 70.2438
0.090 0.097 0.204
520.5 548.8 78.125
0.102 0.112 0.220
520.5 548.8 57.9792
0.093 0.099 0.204
529.375 548.8 49.3094
0.079 0.082 0.186
520.5 548.8 78.125
0.102 0.112 0.220
511.625 548.8 86.0063
0.115 0.129 0.237
511.625 548.8 66.649
0.106 0.116 0.222
520.5 548.8 57.9792
0.093 0.099 0.204
511.625 548.8 86.0063
0.115 0.129 0.237
502.75 548.8 93.8875
0.128 0.146 0.253
502.75 548.8 75.3188
0.121 0.133 0.240
511.625 548.8 66.649
0.106 0.116 0.222
529.375 548.8 49.3094
0.079 0.082 0.186
520.5 548.8 57.9792
0.093 0.099 0.204
520.5 548.8 37.8333
0.088 0.093 0.195
529.375 548.8 28.375
0.071 0.073 0.173
520.5 548.8 57.9792
0.093 0.099 0.204
511.625 548.8 66.649
0.106 0.116 0.222
511.625 548.8 47.2917
0.104 0.111 0.216
520.5 548.8 37.8333
0.088 0.093 0.195
511.625 548.8 66.649
0.106 0.116 0.222
502.75 548.8 75.3188
0.121 0.133 0.240
502.75 548.8 56.75
0.121 0.130 0.237
511.625 548.8 47.2917
0.104 0.111 0.216
502.75 548.8 112.456
0.136 0.159 0.263
493.875 548.8 119.549
0.152 0.180 0.280
493.875 548.8 101.769
0.143 0.164 0.270
502.75 548.8 93.8875
0.128 0.146 0.253
493.875 548.8 119.549
0.152 0.180 0.280
485 548.8 126.642
0.171 0.203 0.299
485 548.8 109.65
0.159 0.185 0.290
493.875 548.8 101.769
0.143 0.164 0.270
485 548.8 126.642
0.171 0.203 0.299
476.125 548.8 133.734
0.195 0.230 0.322
476.125 548.8 117.531
0.180 0.209 0.312
485 548.8 109.65
0.159 0.185 0.290
502.75 548.8 93.8875
0.128 0.146 0.253
493.875 548.8 101.769
0.143 0.164 0.270
493.875 548.8 83.9885
0.135 0.150 0.257
502.75 548.8 75.3188
0.121 0.133 0.240
493.875 548.8 101.769
0.143 0.164 0.270
485 548.8 109.65
0.159 0.185 0.290
485 548.8 92.6583
0.150 0.170 0.276
493.875 548.8 83.9885
0.135 0.150 0.257
485 548.8 109.65
0.159 0.185 0.290
476.125 548.8 117.531
0.180 0.209 0.312
476.125 548.8 101.328
0.169 0.192 0.297
485 548.8 92.6583
0.150 0.170 0.276
502.75 548.8 75.3188
0.121 0.133 0.240
493.875 548.8 83.9885
0.135 0.150 0.257
493.875 548.8 66.2083
0.136 0.148 0.256
502.75 548.8 56.75
0.121 0.130 0.237
493.875 548.8 83.9885
0.135 0.150 0.257
485 548.8 92.6583
0.150 0.170 0.276
485 548.8 75.6667
0.150 0.166 0.273
493.875 548.8 66.2083
0.136 0.148 0.256
485 548.8 92.6583
0.150 0.170 0.276
476.125 548.8 101.328
0.169 0.192 0.297
476.125 548.8 85.125
0.167 0.186 0.293
485 548.8 75.6667
0.150 0.166 0.273
476.125 548.8 133.734
0.195 0.230 0.322
467.25 548.8 140.827
0.224 0.261 0.350
467.25 548.8 125.412
0.205 0.236 0.337
476.125 548.8 117.531
0.180 0.209 0.312
467.25 548.8 140.827
0.224 0.261 0.350
458.375 548.8 147.92
0.263 0.302 0.387
458.375 548.8 133.294
0.238 0.271 0.368
467.25 548.8 125.412
0.205 0.236 0.337
458.375 548.8 147.92
0.263 0.302 0.387
449.5 548.8 155.012
0.313 0.353 0.436
449.5 548.8 141.175
0.281 0.316 0.408
458.375 548.8 133.294
0.238 0.271 0.368
476.125 548.8 117.531
0.180 0.209 0.312
467.25 548.8 125.412
0.205 0.236 0.337
467.25 548.8 109.998
0.190 0.216 0.321
476.125 548.8 101.328
0.169 0.192 0.297
467.25 548.8 125.412
0.205 0.236 0.337
458.375 548.8 133.294
0.238 0.271 0.368
458.375 548.8 118.668
0.218 0.246 0.351
467.25 548.8 109.998
0.190 0.216 0.321
458.375 548.8 133.294
0.238 0.271 0.368
449.5 548.8 141.175
0.281 0.316 0.408
449.5 548.8 127.338
0.254 0.284 0.387
458.375 548.8 118.668
0.218 0.246 0.351
476.125 548.8 101.328
0.169 0.192 0.297
467.25 548.8 109.998
0.190 0.216 0.321
467.25 548.8 94.5833
0.187 0.209 0.315
476.125 548.8 85.125
0.167 0.186 0.293
467.25 548.8 109.998
0.190 0.216 0.321
458.375 548.8 118.668
0.218 0.246 0.351
458.375 548.8 104.042
0.212 0.236 0.342
467.25 548.8 94.5833
0.187 0.209 0.315
458.375 548.8 118.668
0.218 0.246 0.351
449.5 548.8 127.338
0.254 0.284 0.387
449.5 548.8 113.5
0.245 0.271 0.375
458.375 548.8 104.042
0.212 0.236 0.342
449.5 548.8 155.012
0.313 0.353 0.436
440.625 548.8 162.105
0.381 0.420 0.503
440.625 548.8 149.056
0.338 0.373 0.462
449.5 548.8 141.175
0.281 0.316 0.408
440.625 548.8 162.105
0.381 0.420 0.503
431.75 548.8 169.198
0.474 0.511 0.591
431.75 548.8 156.938
0.418 0.451 0.535
440.625 548.8 149.056
0.338 0.373 0.462
431.75 548.8 169.198
0.474 0.511 0.591
422.875 548.8 176.291
0.602 0.637 0.713
422.875 548.8 164.819
0.528 0.560 0.641
431.75 548.8 156.938
0.418 0.451 0.535
449.5 548.8 141.175
0.281 0.316 0.408
440.625 548.8 149.056
0.338 0.373 0.462
440.625 548.8 136.007
0.301 0.331 0.430
449.5 548.8 127.338
0.254 0.284 0.387
440.625 548.8 149.056
0.338 0.373 0.462
431.75 548.8 156.938
0.418 0.451 0.535
431.75 548.8 144.677
0.369 0.398 0.491
440.625 548.8 136.007
0.301 0.331 0.430
431.75 548.8 156.938
0.418 0.451 0.535
422.875 548.8 164.819
0.528 0.560 0.641
422.875 548.8 153.347
0.463 0.492 0.579
431.75 548.8 144.677
0.369 0.398 0.491
449.5 548.8 127.338
0.254 0.284 0.387
440.625 548.8 136.007
0.301 0.331 0.430
440.625 548.8 122.958
0.288 0.315 0.419
449.5 548.8 113.5
0.245 0.271 0.375
440.625 548.8 136.007
0.301 0.331 0.430
431.75 548.8 144.677
0.369 0.398 0.491
431.75 548.8 132.417
0.350 0.377 0.479
440.625 548.8 122.958
0.288 0.315 0.419
431.75 548.8 144.677
0.369 0.398 0.491
422.875 548.8 153.347
0.463 0.492 0.579
422.875 548.8 141.875
0.438 0.464 0.561
431.75 548.8 132.417
0.350 0.377 0.479
422.875 548.8 176.291
0.602 0.637 0.713
414 548.8 183.383
0.783 0.817 0.890
414 548.8 172.7
0.683 0.715 0.795
422.875 548.8 164.819
0.528 0.560 0.641
414 548.8 183.383
0.783 0.817 0.890
405.125 548.8 190.476
1.039 1.071 1.140
405.125 548.8 180.581
0.909 0.939 1.013
414 548.8 172.7
0.683 0.715 0.795
405.125 548.8 190.476
1.039 1.071 1.140
396.25 548.8 197.569
1.407 1.437 1.502
396.25 548.8 188.462
1.237 1.265 1.334
405.125 548.8 180.581
0.909 0.939 1.013
422.875 548.8 164.819
0.528 0.560 0.641
414 548.8 172.7
0.683 0.715 0.795
414 548.8 162.017
0.596 0.625 0.709
422.875 548.8 153.347
0.463 0.492 0.579
414 548.8 172.7
0.683 0.715 0.795
405.125 548.8 180.581
0.909 0.939 1.013
405.125 548.8 170.686
0.791 0.819 0.900
414 548.8 162.017
0.596 0.625 0.709
405.125 548.8 180.581
0.909 0.939 1.013
396.25 548.8 188.462
1.237 1.265 1.334
396.25 548.8 179.356
1.081 1.107 1.181
405.125 548.8 170.686
0.791 0.819 0.900
422.875 548.8 153.347
0.463 0.492 0.579
414 548.8 162.017
0.596 0.625 0.709
414 548.8 151.333
0.561 0.587 0.677
422.875 548.8 141.875
0.438 0.464 0.561
414 548.8 162.017
0.596 0.625 0.709
405.125 548.8 170.686
0.791 0.819 0.900
405.125 548.8 160.792
0.746 0.771 0.855
414 548.8 151.333
0.561 0.587 0.677
405.125 548.8 170.686
0.791 0.819 0.900
396.25 548.8 179.356
1.081 1.107 1.181
396.25 548.8 170.25
1.020 1.044 1.122
405.125 548.8 160.792
0.746 0.771 0.855
396.25 548.8 197.569
1.407 1.437 1.502
387.375 548.8 204.661
1.936 1.962 2.025
387.375 548.8 196.344
1.715 1.740 1.805
396.25 548.8 188.462
1.237 1.265 1.334
387.375 548.8 204.661
1.936 1.962 2.025
378.5 548.8 211.754
2.680 2.703 2.761
378.5 548.8 204.225
2.399 2.422 2.482
387.375 548.8 196.344
1.715 1.740 1.805
378.5 548.8 211.754
2.680 2.703 2.761
369.625 548.8 218.847
3.698 3.720 3.773
369.625 548.8 212.106
3.355 3.377 3.431
378.5 548.8 204.225
2.399 2.422 2.482
396.25 548.8 188.462
1.237 1.265 1.334
387.375 548.8 196.344
1.715 1.740 1.805
387.375 548.8 188.026
1.508 1.531 1.599
396.25 548.8 179.356
1.081 1.107 1.181
387.375 548.8 196.344
1.715 1.740 1.805
378.5 548.8 204.225
2.399 2.422 2.482
378.5 548.8 196.696
2.138 2.160 2.222
387.375 548.8 188.026
1.508 1.531 1.599
378.5 548.8 204.225
2.399 2.422 2.482
369.625 548.8 212.106
3.355 3.377 3.431
369.625 548.8 205.366
3.035 3.056 3.113
378.5 548.8 196.696
2.138 2.160 2.222
396.25 548.8 179.356
1.081 1.107 1.181
387.375 548.8 188.026
1.508 1.531 1.599
387.375 548.8 179.708
1.432 1.455 1.524
396.25 548.8 170.25
1.020 1.044 1.122
387.375 548.8 188.026
1.508 1.531 1.599
378.5 548.8 196.696
2.138 2.160 2.222
378.5 548.8 189.167
2.048 2.069 2.132
387.375 548.8 179.708
1.432 1.455 1.524
378.5 548.8 196.696
2.138 2.160 2.222
369.625 548.8 205.366
3.035 3.056 3.113
369.625 548.8 198.625
2.931 2.952 3.009
378.5 548.8 189.167
2.048 2.069 2.132
369.625 548.8 218.847
3.698 3.720 3.773
360.75 548.8 225.94
5.009 5.029 5.067
360.75 548.8 219.987
4.606 4.626 4.669
369.625 548.8 212.106
3.355 3.377 3.431
360.75 548.8 225.94
5.009 5.029 5.067
351.875 548.8 233.032
6.541 6.559 6.568
351.875 548.8 227.869
6.106 6.123 6.138
360.75 548.8 219.987
4.606 4.626 4.669
351.875 548.8 233.032
6.541 6.559 6.568
343 548.8 240.125
7.346 7.365 7.357
343 548.8 235.75
6.906 6.925 6.921
351.875 548.8 227.869
6.106 6.123 6.138
369.625 548.8 212.106
3.355 3.377 3.431
360.75 548.8 219.987
4.606 4.626 4.669
360.75 548.8 214.035
4.232 4.251 4.297
369.625 548.8 205.366
3.035 3.056 3.113
360.75 548.8 219.987
4.606 4.626 4.669
351.875 548.8 227.869
6.106 6.123 6.138
351.875 548.8 222.705
5.698 5.715 5.734
360.75 548.8 214.035
4.232 4.251 4.297
351.875 548.8 227.869
6.106 6.123 6.138
343 548.8 235.75
6.906 6.925 6.921
343 548.8 231.375
6.486 6.504 6.504
351.875 548.8 222.705
5.698 5.715 5.734
369.625 548.8 205.366
3.035 3.056 3.113
360.75 548.8 214.035
4.232 4.251 4.297
360.75 548.8 208.083
4.118 4.137 4.182
369.625 548.8 198.625
2.931 2.952 3.009
360.75 548.8 214.035
4.232 4.251 4.297
351.875 548.8 222.705
5.698 5.715 5.734
351.875 548.8 217.542
5.561 5.577 5.596
360.75 548.8 208.083
4.118 4.137 4.182
351.875 548.8 222.705
5.698 5.715 5.734
343 548.8 231.375
6.486 6.504 6.504
343 548.8 227
6.333 6.349 6.349
351.875 548.8 217.542
5.561 5.577 5.596
343 548.8 227
68.928 68.938 68.923
343 548.8 244.5
69.675 69.686 69.671
321.333 548.8 244.5
70.433 70.442 70.427
321.333 548.8 227
69.599 69.608 69.594
343 548.8 244.5
69.675 69.686 69.671
343 548.8 262
70.663 70.676 70.658
321.333 548.8 262
71.671 71.681 71.664
321.333 548.8 244.5
70.433 70.442 70.427
343 548.8 262
70.663 70.676 70.658
343 548.8 279.5
70.652 70.666 70.646
321.333 548.8 279.5
71.881 71.891 71.873
321.333 548.8 262
71.671 71.681 71.664
321.333 548.8 227
69.599 69.608 69.594
321.333 548.8 244.5
70.433 70.442 70.427
299.667 548.8 244.5
71.797 71.800 71.786
299.667 548.8 227
70.852 70.855 70.843
321.333 548.8 244.5
70.433 70.442 70.427
321.333 548.8 262
71.671 71.681 71.664
299.667 548.8 262
73.405 73.407 73.392
299.667 548.8 244.5
71.797 71.800 71.786
321.333 548.8 262
71.671 71.681 71.664
321.333 548.8 279.5
71.881 71.891 71.873
299.667 548.8 279.5
73.902 73.903 73.888
299.667 548.8 262
73.405 73.407 73.392
299.667 548.8 227
70.852 70.855 70.843
299.667 548.8 244.5
71.797 71.800 71.786
278 548.8 244.5
72.262 72.254 72.243
278 548.8 227
71.397 71.390 71.380
299.667 548.8 244.5
71.797 71.800 71.786
299.667 548.8 262
73.405 73.407 73.392
278 548.8 262
73.823 73.814 73.803
278 548.8 244.5
72.262 72.254 72.243
299.667 548.8 262
73.405 73.407 73.392
299.667 548.8 279.5
73.902 73.903 73.888
278 548.8 279.5
74.418 74.408 74.397
278 548.8 262
73.823 73.814 73.803
343 548.8 279.5
70.652 70.666 70.646
343 548.8 297
70.098 70.113 70.091
321.333 548.8 297
71.288 71.298 71.279
321.333 548.8 279.5
71.881 71.891 71.873
343 548.8 297
70.098 70.113 70.091
343 548.8 314.5
69.271 69.284 69.265
321.333 548.8 314.5
70.347 70.354 70.336
321.333 548.8 297
71.288 71.298 71.279
343 548.8 314.5
69.271 69.284 69.265
343 548.8 332
68.747 68.757 68.741
321.333 548.8 332
69.803 69.809 69.792
321.333 548.8 314.5
70.347 70.354 70.336
321.333 548.8 279.5
71.881 71.891 71.873
321.333 548.8 297
71.288 71.298 71.279
299.667 548.8 297
73.113 73.112 73.097
299.667 548.8 279.5
73.902 73.903 73.888
321.333 548.8 297
71.288 71.298 71.279
321.333 548.8 314.5
70.347 70.354 70.336
299.667 548.8 314.5
71.820 71.817 71.802
299.667 548.8 297
73.113 73.112 73.097
321.333 548.8 314.5
70.347 70.354 70.336
321.333 548.8 332
69.803 69.809 69.792
299.667 548.8 332
71.149 71.146 71.130
299.667 548.8 314.5
71.820 71.817 71.802
299.667 548.8 279.5
73.902 73.903 73.888
299.667 548.8 297
73.113 73.112 73.097
278 548.8 297
73.570 73.559 73.547
278 548.8 279.5
74.418 74.408 74.397
299.667 548.8 297
73.113 73.112 73.097
299.667 548.8 314.5
71.820 71.817 71.802
278 548.8 314.5
72.020 72.008 71.997
278 548.8 297
73.570 73.559 73.547
299.667 548.8 314.5
71.820 71.817 71.802
299.667 548.8 332
71.149 71.146 71.130
278 548.8 332
71.217 71.205 71.192
278 548.8 314.5
72.020 72.008 71.997
278 548.8 227
71.397 71.390 71.380
278 548.8 244.5
72.262 72.254 72.243
256.333 548.8 244.5
71.509 71.492 71.484
256.333 548.8 227
70.828 70.811 70.803
278 548.8 244.5
72.262 72.254 72.243
278 548.8 262
73.823 73.814 73.803
256.333 548.8 262
72.830 72.811 72.802
256.333 548.8 244.5
71.509 71.492 71.484
278 548.8 262
73.823 73.814 73.803
278 548.8 279.5
74.418 74.408 74.397
256.333 548.8 279.5
73.579 73.560 73.551
256.333 548.8 262
72.830 72.811 72.802
256.333 548.8 227
70.828 70.811 70.803
256.333 548.8 244.5
71.509 71.492 71.484
234.667 548.8 244.5
70.132 70.109 70.104
234.667 548.8 227
69.603 69.582 69.580
256.333 548.8 244.5
71.509 71.492 71.484
256.333 548.8 262
72.830 72.811 72.802
234.667 548.8 262
71.141 71.116 71.108
234.667 548.8 244.5
70.132 70.109 70.104
256.333 548.8 262
72.830 72.811 72.802
256.333 548.8 279.5
73.579 73.560 73.551
234.667 548.8 279.5
71.796 71.771 71.764
234.667 548.8 262
71.141 71.116 71.108
234.667 548.8 227
69.603 69.582 69.580
234.667 548.8 244.5
70.132 70.109 70.104
213 548.8 244.5
69.366 69.342 69.338
213 548.8 227
68.912 68.890 68.892
234.667 548.8 244.5
70.132 70.109 70.104
234.667 548.8 262
71.141 71.116 71.108
213 548.8 262
70.138 70.111 70.104
213 548.8 244.5
69.366 69.342 69.338
234.667 548.8 262
71.141 71.116 71.108
234.667 548.8 279.5
71.796 71.771 71.764
213 548.8 279.5
70.575 70.548 70.543
213 548.8 262
70.138 70.111 70.104
278 548.8 279.5
74.418 74.408 74.397
278 548.8 297
73.570 73.559 73.547
256.333 548.8 297
73.015 72.996 72.988
256.333 548.8 279.5
73.579 73.560 73.551
278 548.8 297
73.570 73.559 73.547
278 548.8 314.5
72.020 72.008 71.997
256.333 548.8 314.5
71.448 71.429 71.420
256.333 548.8 297
73.015 72.996 72.988
278 548.8 314.5
72.020 72.008 71.997
278 548.8 332
71.217 71.205 71.192
256.333 548.8 332
70.557 70.538 70.528
256.333 548.8 314.5
71.448 71.429 71.420
256.333 548.8 279.5
73.579 73.560 73.551
256.333 548.8 297
73.015 72.996 72.988
234.667 548.8 297
71.377 71.352 71.348
234.667 548.8 279.5
71.796 71.771 71.764
256.333 548.8 297
73.015 72.996 72.988
256.333 548.8 314.5
71.448 71.429 71.420
234.667 548.8 314.5
69.833 69.808 69.807
234.667 548.8 297
71.377 71.352 71.348
256.333 548.8 314.5
71.448 71.429 71.420
256.333 548.8 332
70.557 70.538 70.528
234.667 548.8 332
68.883 68.859 68.859
234.667 548.8 314.5
69.833 69.808 69.807
234.667 548.8 279.5
71.796 71.771 71.764
234.667 548.8 297
71.377 71.352 71.348
213 548.8 297
70.116 70.090 70.088
213 548.8 279.5
70.575 70.548 70.543
234.667 548.8 297
71.377 71.352 71.348
234.667 548.8 314.5
69.833 69.808 69.807
213 548.8 314.5
68.592 68.566 68.571
213 548.8 297
70.116 70.090 70.088
234.667 548.8 314.5
69.833 69.808 69.807
234.667 548.8 332
68.883 68.859 68.859
213 548.8 332
67.646 67.621 67.629
213 548.8 314.5
68.592 68.566 68.571
552.8 0 0
0.015 0.015 0.342
552.933 22.8667 0
0.017 0.017 0.373
529.894 22.8667 0
0.018 0.018 0.395
529.767 0 0
0.016 0.016 0.359
552.933 22.8667 0
0.017 0.017 0.373
553.067 45.7333 0
0.020 0.021 0.426
530.022 45.7333 0
0.021 0.022 0.455
529.894 22.8667 0
0.018 0.018 0.395
553.067 45.7333 0
0.020 0.021 0.426
553.2 68.6 0
0.023 0.024 0.463
530.15 68.6 0
0.024 0.025 0.494
530.022 45.7333 0
0.021 0.022 0.455
529.767 0 0
0.016 0.016 0.359
529.894 22.8667 0
0.018 0.018 0.395
506.856 22.8667 0
0.020 0.020 0.446
506.733 0 0
0.017 0.018 0.401
529.894 22.8667 0
0.018 0.018 0.395
530.022 45.7333 0
0.021 0.022 0.455
506.978 45.7333 0
0.023 0.024 0.517
506.856 22.8667 0
0.020 0.020 0.446
530.022 45.7333 0
0.021 0.022 0.455
530.15 68.6 0
0.024 0.025 0.494
507.1 68.6 0
0.025 0.027 0.557
506.978 45.7333 0
0.023 0.024 0.517
506.733 0 0
0.017 0.018 0.401
506.856 22.8667 0
0.020 0.020 0.446
483.817 22.8667 0
0.023 0.024 0.523
483.7 0 0
0.020 0.021 0.468
506.856 22.8667 0
0.020 0.020 0.446
506.978 45.7333 0
0.023 0.024 0.517
483.933 45.7333 0
0.026 0.027 0.596
483.817 22.8667 0
0.023 0.024 0.523
506.978 45.7333 0
0.023 0.024 0.517
507.1 68.6 0
0.025 0.027 0.557
484.05 68.6 0
0.027 0.029 0.625
483.933 45.7333 0
0.026 0.027 0.596
553.2 68.6 0
0.023 0.024 0.463
553.333 91.4667 0
0.026 0.026 0.484
530.278 91.4667 0
0.026 0.027 0.517
530.15 68.6 0
0.024 0.025 0.494
553.333 91.4667 0
0.026 0.026 0.484
553.467 114.333 0
0.028 0.028 0.497
530.406 114.333 0
0.029 0.029 0.532
530.278 91.4667 0
0.026 0.027 0.517
553.467 114.333 0
0.028 0.028 0.497
553.6 137.2 0
0.030 0.031 0.503
530.533 137.2 0
0.031 0.032 0.536
530.406 114.333 0
0.029 0.029 0.532
530.15 68.6 0
0.024 0.025 0.494
530.278 91.4667 0
0.026 0.027 0.517
507.222 91.4667 0
0.027 0.029 0.582
507.1 68.6 0
0.025 0.027 0.557
530.278 91.4667 0
0.026 0.027 0.517
530.406 114.333 0
0.029 0.029 0.532
507.344 114.333 0
0.030 0.031 0.597
507.222 91.4667 0
0.027 0.029 0.582
530.406 114.333 0
0.029 0.029 0.532
530.533 137.2 0
0.031 0.032 0.536
507.467 137.2 0
0.032 0.034 0.601
507.344 114.333 0
0.030 0.031 0.597
507.1 68.6 0
0.025 0.027 0.557
507.222 91.4667 0
0.027 0.029 0.582
484.167 91.4667 0
0.029 0.030 0.646
484.05 68.6 0
0.027 0.029 0.625
507.222 91.4667 0
0.027 0.029 0.582
507.344 114.333 0
0.030 0.031 0.597
484.283 114.333 0
0.031 0.033 0.660
484.167 91.4667 0
0.029 0.030 0.646
507.344 114.333 0
0.030 0.031 0.597
507.467 137.2 0
0.032 0.034 0.601
484.4 137.2 0
0.033 0.036 0.665
484.283 114.333 0
0.031 0.033 0.660
553.6 137.2 0
0.030 0.031 0.503
553.733 160.067 0
0.032 0.033 0.499
530.661 160.067 0
0.033 0.034 0.531
530.533 137.2 0
0.031 0.032 0.536
553.733 160.067 0
0.032 0.033 0.499
553.867 182.933 0
0.035 0.036 0.487
530.789 182.933 0
0.037 0.038 0.517
530.661 160.067 0
0.033 0.034 0.531
553.867 182.933 0
0.035 0.036 0.487
554 205.8 0
0.039 0.039 0.464
530.917 205.8 0
0.041 0.041 0.492
530.789 182.933 0
0.037 0.038 0.517
530.533 137.2 0
0.031 0.032 0.536
530.661 160.067 0
0.033 0.034 0.531
507.589 160.067 0
0.035 0.037 0.595
507.467 137.2 0
0.032 0.034 0.601
530.661 160.067 0
0.033 0.034 0.531
530.789 182.933 0
0.037 0.038 0.517
507.711 182.933 0
0.039 0.042 0.582
507.589 160.067 0
0.035 0.037 0.595
530.789 182.933 0
0.037 0.038 0.517
530.917 205.8 0
0.041 0.041 0.492
507.833 205.8 0
0.044 0.046 0.556
507.711 182.933 0
0.039 0.042 0.582
507.467 137.2 0
0.032 0.034 0.601
507.589 160.067 0
0.035 0.037 0.595
484.517 160.067 0
0.037 0.040 0.662
484.4 137.2 0
0.033 0.036 0.665
507.589 160.067 0
0.035 0.037 0.595
507.711 182.933 0
0.039 0.042 0.582
484.633 182.933 0
0.041 0.045 0.651
484.517 160.067 0
0.037 0.040 0.662
507.711 182.933 0
0.039 0.042 0.582
507.833 205.8 0
0.044 0.046 0.556
484.75 205.8 0
0.046 0.050 0.625
484.633 182.933 0
0.041 0.045 0.651
554 205.8 0
0.039 0.039 0.464
554.133 228.667 0
0.044 0.043 0.431
531.044 228.667 0
0.045 0.045 0.457
530.917 205.8 0
0.041 0.041 0.492
554.133 228.667 0
0.044 0.043 0.431
554.267 251.533 0
0.068 0.066 0.405
531.172 251.533 0
0.060 0.060 0.421
531.044 228.667 0
0.045 0.045 0.457
554.267 251.533 0
0.068 0.066 0.405
554.4 274.4 0
0.127 0.125 0.406
531.3 274.4 0
0.106 0.105 0.405
531.172 251.533 0
0.060 0.060 0.421
530.917 205.8 0
0.041 0.041 0.492
531.044 228.667 0
0.045 0.045 0.457
507.956 228.667 0
0.049 0.051 0.517
507.833 205.8 0
0.044 0.046 0.556
531.044 228.667 0
0.045 0.045 0.457
531.172 251.533 0
0.060 0.060 0.421
508.078 251.533 0
0.055 0.057 0.465
507.956 228.667 0
0.049 0.051 0.517
531.172 251.533 0
0.060 0.060 0.421
531.3 274.4 0
0.106 0.105 0.405
508.2 274.4 0
0.074 0.076 0.412
508.078 251.533 0
0.055 0.057 0.465
507.833 205.8 0
0.044 0.046 0.556
507.956 228.667 0
0.049 0.051 0.517
484.867 228.667 0
0.053 0.056 0.583
484.75 205.8 0
0.046 0.050 0.625
507.956 228.667 0
0.049 0.051 0.517
508.078 251.533 0
0.055 0.057 0.465
484.983 251.533 0
0.059 0.062 0.523
484.867 228.667 0
0.053 0.056 0.583
508.078 251.533 0
0.055 0.057 0.465
508.2 274.4 0
0.074 0.076 0.412
485.1 274.4 0
0.066 0.069 0.446
484.983 251.533 0
0.059 0.062 0.523
554.4 274.4 0
0.127 0.125 0.406
554.533 297.267 0
0.181 0.178 0.396
531.428 297.267 0
0.168 0.167 0.398
531.3 274.4 0
0.106 0.105 0.405
554.533 297.267 0
0.181 0.178 0.396
554.667 320.133 0
0.237 0.234 0.389
531.556 320.133 0
0.232 0.230 0.391
531.428 297.267 0
0.168 0.167 0.398
554.667 320.133 0
0.237 0.234 0.389
554.8 343 0
0.282 0.279 0.397
531.683 343 0
0.286 0.285 0.405
531.556 320.133 0
0.232 0.230 0.391
531.3 274.4 0
0.106 0.105 0.405
531.428 297.267 0
0.168 0.167 0.398
508.322 297.267 0
0.131 0.132 0.387
508.2 274.4 0
0.074 0.076 0.412
531.428 297.267 0
0.168 0.167 0.398
531.556 320.133 0
0.232 0.230 0.391
508.444 320.133 0
0.207 0.208 0.381
508.322 297.267 0
0.131 0.132 0.387
531.556 320.133 0
0.232 0.230 0.391
531.683 343 0
0.286 0.285 0.405
508.567 343 0
0.286 0.288 0.413
508.444 320.133 0
0.207 0.208 0.381
508.2 274.4 0
0.074 0.076 0.412
508.322 297.267 0
0.131 0.132 0.387
485.217 297.267 0
0.091 0.094 0.376
485.1 274.4 0
0.066 0.069 0.446
508.322 297.267 0
0.131 0.132 0.387
508.444 320.133 0
0.207 0.208 0.381
485.333 320.133 0
0.160 0.163 0.349
485.217 297.267 0
0.091 0.094 0.376
508.444 320.133 0
0.207 0.208 0.381
508.567 343 0
0.286 0.288 0.413
485.45 343 0
0.261 0.266 0.396
485.333 320.133 0
0.160 0.163 0.349
554.8 343 0
0.282 0.279 0.397
554.933 365.867 0
0.294 0.292 0.399
531.811 365.867 0
0.318 0.317 0.426
531.683 343 0
0.286 0.285 0.405
554.933 365.867 0
0.294 0.292 0.399
555.067 388.733 0
0.341 0.338 0.435
531.939 388.733 0
0.359 0.360 0.458
531.811 365.867 0
0.318 0.317 0.426
555.067 388.733 0
0.341 0.338 0.435
555.2 411.6 0
0.382 0.380 0.464
532.067 411.6 0
0.401 0.401 0.486
531.939 388.733 0
0.359 0.360 0.458
531.683 343 0
0.286 0.285 0.405
531.811 365.867 0
0.318 0.317 0.426
508.689 365.867 0
0.365 0.369 0.480
508.567 343 0
0.286 0.288 0.413
531.811 365.867 0
0.318 0.317 0.426
531.939 388.733 0
0.359 0.360 0.458
508.811 388.733 0
0.412 0.417 0.517
508.689 365.867 0
0.365 0.369 0.480
531.939 388.733 0
0.359 0.360 0.458
532.067 411.6 0
0.401 0.401 0.486
508.933 411.6 0
0.445 0.451 0.536
508.811 388.733 0
0.412 0.417 0.517
508.567 343 0
0.286 0.288 0.413
508.689 365.867 0
0.365 0.369 0.480
485.567 365.867 0
0.397 0.403 0.517
485.45 343 0
0.261 0.266 0.396
508.689 365.867 0
0.365 0.369 0.480
508.811 388.733 0
0.412 0.417 0.517
485.683 388.733 0
0.481 0.489 0.592
485.567 365.867 0
0.397 0.403 0.517
508.811 388.733 0
0.412 0.417 0.517
508.933 411.6 0
0.445 0.451 0.536
485.8 411.6 0
0.502 0.511 0.597
485.683 388.733 0
0.481 0.489 0.592
555.2 411.6 0
0.382 0.380 0.464
555.333 434.467 0
0.355 0.354 0.428
532.194 434.467 0
0.384 0.385 0.458
532.067 411.6 0
0.401 0.401 0.486
555.333 434.467 0
0.355 0.354 0.428
555.467 457.333 0
0.300 0.298 0.363
532.322 457.333 0
0.327 0.328 0.392
532.194 434.467 0
0.384 0.385 0.458
555.467 457.333 0
0.300 0.298 0.363
555.6 480.2 0
0.240 0.238 0.293
532.45 480.2 0
0.262 0.263 0.317
532.322 457.333 0
0.327 0.328 0.392
532.067 411.6 0
0.401 0.401 0.486
532.194 434.467 0
0.384 0.385 0.458
509.056 434.467 0
0.441 0.447 0.519
508.933 411.6 0
0.445 0.451 0.536
532.194 434.467 0
0.384 0.385 0.458
532.322 457.333 0
0.327 0.328 0.392
509.178 457.333 0
0.383 0.389 0.452
509.056 434.467 0
0.441 0.447 0.519
532.322 457.333 0
0.327 0.328 0.392
532.45 480.2 0
0.262 0.263 0.317
509.3 480.2 0
0.308 0.314 0.367
509.178 457.333 0
0.383 0.389 0.452
508.933 411.6 0
0.445 0.451 0.536
509.056 434.467 0
0.441 0.447 0.519
485.917 434.467 0
0.502 0.511 0.582
485.8 411.6 0
0.502 0.511 0.597
509.056 434.467 0
0.441 0.447 0.519
509.178 457.333 0
0.383 0.389 0.452
486.033 457.333 0
0.444 0.454 0.516
485.917 434.467 0
0.502 0.511 0.582
509.178 457.333 0
0.383 0.389 0.452
509.3 480.2 0
0.308 0.314 0.367
486.15 480.2 0
0.357 0.366 0.418
486.033 457.333 0
0.444 0.454 0.516
555.6 480.2 0
0.240 0.238 0.293
555.733 503.067 0
0.186 0.184 0.234
532.578 503.067 0
0.202 0.202 0.251
532.45 480.2 0
0.262 0.263 0.317
555.733 503.067 0
0.186 0.184 0.234
555.867 525.933 0
0.143 0.141 0.186
532.706 525.933 0
0.155 0.155 0.199
532.578 503.067 0
0.202 0.202 0.251
555.867 525.933 0
0.143 0.141 0.186
556 548.8 0
0.120 0.118 0.160
532.833 548.8 0
0.131 0.131 0.172
532.706 525.933 0
0.155 0.155 0.199
532.45 480.2 0
0.262 0.263 0.317
532.578 503.067 0
0.202 0.202 0.251
509.422 503.067 0
0.238 0.243 0.288
509.3 480.2 0
0.308 0.314 0.367
532.578 503.067 0
0.202 0.202 0.251
532.706 525.933 0
0.155 0.155 0.199
509.544 525.933 0
0.183 0.187 0.228
509.422 503.067 0
0.238 0.243 0.288
532.706 525.933 0
0.155 0.155 0.199
532.833 548.8 0
0.131 0.131 0.172
509.667 548.8 0
0.155 0.158 0.196
509.544 525.933 0
0.183 0.187 0.228
509.3 480.2 0
0.308 0.314 0.367
509.422 503.067 0
0.238 0.243 0.288
486.267 503.067 0
0.278 0.286 0.329
486.15 480.2 0
0.357 0.366 0.418
509.422 503.067 0
0.238 0.243 0.288
509.544 525.933 0
0.183 0.187 0.228
486.383 525.933 0
0.214 0.220 0.259
486.267 503.067 0
0.278 0.286 0.329
509.544 525.933 0
0.183 0.187 0.228
509.667 548.8 0
0.155 0.158 0.196
486.5 548.8 0
0.180 0.186 0.222
486.383 525.933 0
0.214 0.220 0.259
483.7 0 0
0.020 0.021 0.468
483.817 22.8667 0
0.023 0.024 0.523
460.778 22.8667 0
0.027 0.028 0.617
460.667 0 0
0.024 0.025 0.555
483.817 22.8667 0
0.023 0.024 0.523
483.933 45.7333 0
0.026 0.027 0.596
460.889 45.7333 0
0.029 0.031 0.682
460.778 22.8667 0
0.027 0.028 0.617
483.933 45.7333 0
0.026 0.027 0.596
484.05 68.6 0
0.027 0.029 0.625
461 68.6 0
0.029 0.031 0.694
460.889 45.7333 0
0.029 0.031 0.682
460.667 0 0
0.024 0.025 0.555
460.778 22.8667 0
0.027 0.028 0.617
437.739 22.8667 0
0.027 0.030 0.664
437.633 0 0
0.024 0.026 0.594
460.778 22.8667 0
0.027 0.028 0.617
460.889 45.7333 0
0.029 0.031 0.682
437.844 45.7333 0
0.030 0.032 0.738
437.739 22.8667 0
0.027 0.030 0.664
460.889 45.7333 0
0.029 0.031 0.682
461 68.6 0
0.029 0.031 0.694
437.95 68.6 0
0.029 0.032 0.750
437.844 45.7333 0
0.030 0.032 0.738
437.633 0 0
0.024 0.026 0.594
437.739 22.8667 0
0.027 0.030 0.664
414.7 22.8667 0
0.026 0.028 0.679
414.6 0 0
0.022 0.024 0.600
437.739 22.8667 0
0.027 0.030 0.664
437.844 45.7333 0
0.030 0.032 0.738
414.8 45.7333 0
0.029 0.032 0.771
414.7 22.8667 0
0.026 0.028 0.679
437.844 45.7333 0
0.030 0.032 0.738
437.95 68.6 0
0.029 0.032 0.750
414.9 68.6 0
0.029 0.032 0.792
414.8 45.7333 0
0.029 0.032 0.771
484.05 68.6 0
0.027 0.029 0.625
484.167 91.4667 0
0.029 0.030 0.646
461.111 91.4667 0
0.030 0.032 0.709
461 68.6 0
0.029 0.031 0.694
484.167 91.4667 0
0.029 0.030 0.646
484.283 114.333 0
0.031 0.033 0.660
461.222 114.333 0
0.032 0.034 0.725
461.111 91.4667 0
0.030 0.032 0.709
484.283 114.333 0
0.031 0.033 0.660
484.4 137.2 0
0.033 0.036 0.665
461.333 137.2 0
0.035 0.038 0.732
461.222 114.333 0
0.032 0.034 0.725
461 68.6 0
0.029 0.031 0.694
461.111 91.4667 0
0.030 0.032 0.709
438.055 91.4667 0
0.030 0.033 0.766
437.95 68.6 0
0.029 0.032 0.750
461.111 91.4667 0
0.030 0.032 0.709
461.222 114.333 0
0.032 0.034 0.725
438.161 114.333 0
0.033 0.036 0.783
438.055 91.4667 0
0.030 0.033 0.766
461.222 114.333 0
0.032 0.034 0.725
461.333 137.2 0
0.035 0.038 0.732
438.267 137.2 0
0.036 0.039 0.794
438.161 114.333 0
0.033 0.036 0.783
437.95 68.6 0
0.029 0.032 0.750
438.055 91.4667 0
0.030 0.033 0.766
415 91.4667 0
0.031 0.034 0.811
414.9 68.6 0
0.029 0.032 0.792
438.055 91.4667 0
0.030 0.033 0.766
438.161 114.333 0
0.033 0.036 0.783
415.1 114.333 0
0.033 0.037 0.833
415 91.4667 0
0.031 0.034 0.811
438.161 114.333 0
0.033 0.036 0.783
438.267 137.2 0
0.036 0.039 0.794
415.2 137.2 0
0.036 0.040 0.848
415.1 114.333 0
0.033 0.037 0.833
484.4 137.2 0
0.033 0.036 0.665
484.517 160.067 0
0.037 0.040 0.662
461.444 160.067 0
0.038 0.042 0.730
461.333 137.2 0
0.035 0.038 0.732
484.517 160.067 0
0.037 0.040 0.662
484.633 182.933 0
0.041 0.045 0.651
461.556 182.933 0
0.042 0.047 0.719
461.444 160.067 0
0.038 0.042 0.730
484.633 182.933 0
0.041 0.045 0.651
484.75 205.8 0
0.046 0.050 0.625
461.667 205.8 0
0.048 0.053 0.692
461.556 182.933 0
0.042 0.047 0.719
461.333 137.2 0
0.035 0.038 0.732
461.444 160.067 0
0.038 0.042 0.730
438.372 160.067 0
0.039 0.043 0.796
438.267 137.2 0
0.036 0.039 0.794
461.444 160.067 0
0.038 0.042 0.730
461.556 182.933 0
0.042 0.047 0.719
438.478 182.933 0
0.044 0.048 0.787
438.372 160.067 0
0.039 0.043 0.796
461.556 182.933 0
0.042 0.047 0.719
461.667 205.8 0
0.048 0.053 0.692
438.583 205.8 0
0.050 0.055 0.759
438.478 182.933 0
0.044 0.048 0.787
438.267 137.2 0
0.036 0.039 0.794
438.372 160.067 0
0.039 0.043 0.796
415.3 160.067 0
0.040 0.044 0.853
415.2 137.2 0
0.036 0.040 0.848
438.372 160.067 0
0.039 0.043 0.796
438.478 182.933 0
0.044 0.048 0.787
415.4 182.933 0
0.045 0.050 0.846
415.3 160.067 0
0.040 0.044 0.853
438.478 182.933 0
0.044 0.048 0.787
438.583 205.8 0
0.050 0.055 0.759
415.5 205.8 0
0.051 0.057 0.820
415.4 182.933 0
0.045 0.050 0.846
484.75 205.8 0
0.046 0.050 0.625
484.867 228.667 0
0.053 0.056 0.583
461.778 228.667 0
0.055 0.060 0.647
461.667 205.8 0
0.048 0.053 0.692
484.867 228.667 0
0.053 0.056 0.583
484.983 251.533 0
0.059 0.062 0.523
461.889 251.533 0
0.063 0.068 0.583
461.778 228.667 0
0.055 0.060 0.647
484.983 251.533 0
0.059 0.062 0.523
485.1 274.4 0
0.066 0.069 0.446
462 274.4 0
0.071 0.076 0.497
461.889 251.533 0
0.063 0.068 0.583
461.667 205.8 0
0.048 0.053 0.692
461.778 228.667 0
0.055 0.060 0.647
438.689 228.667 0
0.057 0.062 0.711
438.583 205.8 0
0.050 0.055 0.759
461.778 228.667 0
0.055 0.060 0.647
461.889 251.533 0
0.063 0.068 0.583
438.794 251.533 0
0.066 0.071 0.641
438.689 228.667 0
0.057 0.062 0.711
461.889 251.533 0
0.063 0.068 0.583
462 274.4 0
0.071 0.076 0.497
438.9 274.4 0
0.076 0.081 0.547
438.794 251.533 0
0.066 0.071 0.641
438.583 205.8 0
0.050 0.055 0.759
438.689 228.667 0
0.057 0.062 0.711
415.6 228.667 0
0.058 0.064 0.773
415.5 205.8 0
0.051 0.057 0.820
438.689 228.667 0
0.057 0.062 0.711
438.794 251.533 0
0.066 0.071 0.641
415.7 251.533 0
0.067 0.074 0.698
415.6 228.667 0
0.058 0.064 0.773
438.794 251.533 0
0.066 0.071 0.641
438.9 274.4 0
0.076 0.081 0.547
415.8 274.4 0
0.079 0.084 0.592
415.7 251.533 0
0.067 0.074 0.698
485.1 274.4 0
0.066 0.069 0.446
485.217 297.267 0
0.091 0.094 0.376
462.111 297.267 0
0.079 0.084 0.395
462 274.4 0
0.071 0.076 0.497
485.217 297.267 0
0.091 0.094 0.376
485.333 320.133 0
0.160 0.163 0.349
462.222 320.133 0
0.112 0.117 0.316
462.111 297.267 0
0.079 0.084 0.395
485.333 320.133 0
0.160 0.163 0.349
485.45 343 0
0.261 0.266 0.396
462.333 343 0
0.217 0.223 0.358
462.222 320.133 0
0.112 0.117 0.316
462 274.4 0
0.071 0.076 0.497
462.111 297.267 0
0.079 0.084 0.395
439.006 297.267 0
0.086 0.091 0.431
438.9 274.4 0
0.076 0.081 0.547
462.111 297.267 0
0.079 0.084 0.395
462.222 320.133 0
0.112 0.117 0.316
439.111 320.133 0
0.096 0.101 0.313
439.006 297.267 0
0.086 0.091 0.431
462.222 320.133 0
0.112 0.117 0.316
462.333 343 0
0.217 0.223 0.358
439.217 343 0
0.184 0.190 0.327
439.111 320.133 0
0.096 0.101 0.313
438.9 274.4 0
0.076 0.081 0.547
439.006 297.267 0
0.086 0.091 0.431
415.9 297.267 0
0.091 0.096 0.461
415.8 274.4 0
0.079 0.084 0.592
439.006 297.267 0
0.086 0.091 0.431
439.111 320.133 0
0.096 0.101 0.313
416 320.133 0
0.108 0.111 0.331
415.9 297.267 0
0.091 0.096 0.461
439.111 320.133 0
0.096 0.101 0.313
439.217 343 0
0.184 0.190 0.327
416.1 343 0
0.193 0.198 0.333
416 320.133 0
0.108 0.111 0.331
485.45 343 0
0.261 0.266 0.396
485.567 365.867 0
0.397 0.403 0.517
462.444 365.867 0
0.395 0.403 0.520
462.333 343 0
0.217 0.223 0.358
485.567 365.867 0
0.397 0.403 0.517
485.683 388.733 0
0.481 0.489 0.592
462.556 388.733 0
0.521 0.531 0.635
462.444 365.867 0
0.395 0.403 0.520
485.683 388.733 0
0.481 0.489 0.592
485.8 411.6 0
0.502 0.511 0.597
462.667 411.6 0
0.559 0.570 0.657
462.556 388.733 0
0.521 0.531 0.635
462.333 343 0
0.217 0.223 0.358
462.444 365.867 0
0.395 0.403 0.520
439.322 365.867 0
0.364 0.372 0.489
439.217 343 0
0.184 0.190 0.327
462.444 365.867 0
0.395 0.403 0.520
462.556 388.733 0
0.521 0.531 0.635
439.428 388.733 0
0.523 0.532 0.637
439.322 365.867 0
0.364 0.372 0.489
462.556 388.733 0
0.521 0.531 0.635
462.667 411.6 0
0.559 0.570 0.657
439.533 411.6 0
0.620 0.630 0.717
439.428 388.733 0
0.523 0.532 0.637
439.217 343 0
0.184 0.190 0.327
439.322 365.867 0
0.364 0.372 0.489
416.2 365.867 0
0.335 0.341 0.456
416.1 343 0
0.193 0.198 0.333
439.322 365.867 0
0.364 0.372 0.489
439.428 388.733 0
0.523 0.532 0.637
416.3 388.733 0
0.489 0.497 0.598
416.2 365.867 0
0.335 0.341 0.456
439.428 388.733 0
0.523 0.532 0.637
439.533 411.6 0
0.620 0.630 0.717
416.4 411.6 0
0.662 0.670 0.756
416.3 388.733 0
0.489 0.497 0.598
485.8 411.6 0
0.502 0.511 0.597
485.917 434.467 0
0.502 0.511 0.582
462.778 434.467 0
0.563 0.574 0.644
462.667 411.6 0
0.559 0.570 0.657
485.917 434.467 0
0.502 0.511 0.582
486.033 457.333 0
0.444 0.454 0.516
462.889 457.333 0
0.512 0.523 0.585
462.778 434.467 0
0.563 0.574 0.644
486.033 457.333 0
0.444 0.454 0.516
486.15 480.2 0
0.357 0.366 0.418
463 480.2 0
0.416 0.427 0.479
462.889 457.333 0
0.512 0.523 0.585
462.667 411.6 0
0.559 0.570 0.657
462.778 434.467 0
0.563 0.574 0.644
439.639 434.467 0
0.641 0.652 0.721
439.533 411.6 0
0.620 0.630 0.717
462.778 434.467 0
0.563 0.574 0.644
462.889 457.333 0
0.512 0.523 0.585
439.744 457.333 0
0.585 0.596 0.656
439.639 434.467 0
0.641 0.652 0.721
462.889 457.333 0
0.512 0.523 0.585
463 480.2 0
0.416 0.427 0.479
439.85 480.2 0
0.481 0.492 0.543
439.744 457.333 0
0.585 0.596 0.656
439.533 411.6 0
0.620 0.630 0.717
439.639 434.467 0
0.641 0.652 0.721
416.5 434.467 0
0.733 0.741 0.809
416.4 411.6 0
0.662 0.670 0.756
439.639 434.467 0
0.641 0.652 0.721
439.744 457.333 0
0.585 0.596 0.656
416.6 457.333 0
0.671 0.680 0.737
416.5 434.467 0
0.733 0.741 0.809
439.744 457.333 0
0.585 0.596 0.656
439.85 480.2 0
0.481 0.492 0.543
416.7 480.2 0
0.551 0.559 0.609
416.6 457.333 0
0.671 0.680 0.737
486.15 480.2 0
0.357 0.366 0.418
486.267 503.067 0
0.278 0.286 0.329
463.111 503.067 0
0.325 0.334 0.377
463 480.2 0
0.416 0.427 0.479
486.267 503.067 0
0.278 0.286 0.329
486.383 525.933 0
0.214 0.220 0.259
463.222 525.933 0
0.250 0.259 0.295
463.111 503.067 0
0.325 0.334 0.377
486.383 525.933 0
0.214 0.220 0.259
486.5 548.8 0
0.180 0.186 0.222
463.333 548.8 0
0.211 0.218 0.252
463.222 525.933 0
0.250 0.259 0.295
463 480.2 0
0.416 0.427 0.479
463.111 503.067 0
0.325 0.334 0.377
439.956 503.067 0
0.377 0.387 0.429
439.85 480.2 0
0.481 0.492 0.543
463.111 503.067 0
0.325 0.334 0.377
463.222 525.933 0
0.250 0.259 0.295
440.061 525.933 0
0.292 0.300 0.334
439.956 503.067 0
0.377 0.387 0.429
463.222 525.933 0
0.250 0.259 0.295
463.333 548.8 0
0.211 0.218 0.252
440.167 548.8 0
0.246 0.253 0.285
440.061 525.933 0
0.292 0.300 0.334
439.85 480.2 0
0.481 0.492 0.543
439.956 503.067 0
0.377 0.387 0.429
416.8 503.067 0
0.431 0.439 0.481
416.7 480.2 0
0.551 0.559 0.609
439.956 503.067 0
0.377 0.387 0.429
440.061 525.933 0
0.292 0.300 0.334
416.9 525.933 0
0.333 0.340 0.373
416.8 503.067 0
0.431 0.439 0.481
440.061 525.933 0
0.292 0.300 0.334
440.167 548.8 0
0.246 0.253 0.285
417 548.8 0
0.282 0.288 0.318
416.9 525.933 0
0.333 0.340 0.373
414.6 0 0
0.022 0.024 0.600
414.7 22.8667 0
0.026 0.028 0.679
391.661 22.8667 0
0.025 0.028 0.722
391.567 0 0
0.022 0.024 0.644
414.7 22.8667 0
0.026 0.028 0.679
414.8 45.7333 0
0.029 0.032 0.771
391.755 45.7333 0
0.028 0.031 0.807
391.661 22.8667 0
0.025 0.028 0.722
414.8 45.7333 0
0.029 0.032 0.771
414.9 68.6 0
0.029 0.032 0.792
391.85 68.6 0
0.029 0.032 0.823
391.755 45.7333 0
0.028 0.031 0.807
391.567 0 0
0.022 0.024 0.644
391.661 22.8667 0
0.025 0.028 0.722
368.622 22.8667 0
0.023 0.026 0.733
368.533 0 0
0.020 0.023 0.655
391.661 22.8667 0
0.025 0.028 0.722
391.755 45.7333 0
0.028 0.031 0.807
368.711 45.7333 0
0.026 0.030 0.819
368.622 22.8667 0
0.023 0.026 0.733
391.755 45.7333 0
0.028 0.031 0.807
391.85 68.6 0
0.029 0.032 0.823
368.8 68.6 0
0.027 0.030 0.837
368.711 45.7333 0
0.026 0.030 0.819
368.533 0 0
0.020 0.023 0.655
368.622 22.8667 0
0.023 0.026 0.733
345.583 22.8667 0
0.020 0.023 0.708
345.5 0 0
0.017 0.020 0.627
368.622 22.8667 0
0.023 0.026 0.733
368.711 45.7333 0
0.026 0.030 0.819
345.667 45.7333 0
0.024 0.027 0.804
345.583 22.8667 0
0.020 0.023 0.708
368.711 45.7333 0
0.026 0.030 0.819
368.8 68.6 0
0.027 0.030 0.837
345.75 68.6 0
0.024 0.028 0.833
345.667 45.7333 0
0.024 0.027 0.804
414.9 68.6 0
0.029 0.032 0.792
415 91.4667 0
0.031 0.034 0.811
391.944 91.4667 0
0.030 0.034 0.845
391.85 68.6 0
0.029 0.032 0.823
415 91.4667 0
0.031 0.034 0.811
415.1 114.333 0
0.033 0.037 0.833
392.039 114.333 0
0.033 0.036 0.870
391.944 91.4667 0
0.030 0.034 0.845
415.1 114.333 0
0.033 0.037 0.833
415.2 137.2 0
0.036 0.040 0.848
392.133 137.2 0
0.036 0.040 0.889
392.039 114.333 0
0.033 0.036 0.870
391.85 68.6 0
0.029 0.032 0.823
391.944 91.4667 0
0.030 0.034 0.845
368.889 91.4667 0
0.028 0.032 0.862
368.8 68.6 0
0.027 0.030 0.837
391.944 91.4667 0
0.030 0.034 0.845
392.039 114.333 0
0.033 0.036 0.870
368.978 114.333 0
0.031 0.035 0.890
368.889 91.4667 0
0.028 0.032 0.862
392.039 114.333 0
0.033 0.036 0.870
392.133 137.2 0
0.036 0.040 0.889
369.067 137.2 0
0.035 0.040 0.913
368.978 114.333 0
0.031 0.035 0.890
368.8 68.6 0
0.027 0.030 0.837
368.889 91.4667 0
0.028 0.032 0.862
345.833 91.4667 0
0.026 0.030 0.861
345.75 68.6 0
0.024 0.028 0.833
368.889 91.4667 0
0.028 0.032 0.862
368.978 114.333 0
0.031 0.035 0.890
345.917 114.333 0
0.029 0.033 0.893
345.833 91.4667 0
0.026 0.030 0.861
368.978 114.333 0
0.031 0.035 0.890
369.067 137.2 0
0.035 0.040 0.913
346 137.2 0
0.033 0.038 0.919
345.917 114.333 0
0.029 0.033 0.893
415.2 137.2 0
0.036 0.040 0.848
415.3 160.067 0
0.040 0.044 0.853
392.228 160.067 0
0.040 0.045 0.898
392.133 137.2 0
0.036 0.040 0.889
415.3 160.067 0
0.040 0.044 0.853
415.4 182.933 0
0.045 0.050 0.846
392.322 182.933 0
0.046 0.051 0.895
392.228 160.067 0
0.040 0.045 0.898
415.4 182.933 0
0.045 0.050 0.846
415.5 205.8 0
0.051 0.057 0.820
392.417 205.8 0
0.051 0.058 0.870
392.322 182.933 0
0.046 0.051 0.895
392.133 137.2 0
0.036 0.040 0.889
392.228 160.067 0
0.040 0.045 0.898
369.156 160.067 0
0.040 0.045 0.929
369.067 137.2 0
0.035 0.040 0.913
392.228 160.067 0
0.040 0.045 0.898
392.322 182.933 0
0.046 0.051 0.895
369.244 182.933 0
0.045 0.051 0.930
369.156 160.067 0
0.040 0.045 0.929
392.322 182.933 0
0.046 0.051 0.895
392.417 205.8 0
0.051 0.058 0.870
369.333 205.8 0
0.051 0.058 0.905
369.244 182.933 0
0.045 0.051 0.930
369.067 137.2 0
0.035 0.040 0.913
369.156 160.067 0
0.040 0.045 0.929
346.083 160.067 0
0.039 0.044 0.935
346 137.2 0
0.033 0.038 0.919
369.156 160.067 0
0.040 0.045 0.929
369.244 182.933 0
0.045 0.051 0.930
346.167 182.933 0
0.043 0.050 0.938
346.083 160.067 0
0.039 0.044 0.935
369.244 182.933 0
0.045 0.051 0.930
369.333 205.8 0
0.051 0.058 0.905
346.25 205.8 0
0.050 0.057 0.917
346.167 182.933 0
0.043 0.050 0.938
415.5 205.8 0
0.051 0.057 0.820
415.6 228.667 0
0.058 0.064 0.773
392.511 228.667 0
0.059 0.066 0.821
392.417 205.8 0
0.051 0.058 0.870
415.6 228.667 0
0.058 0.064 0.773
415.7 251.533 0
0.067 0.074 0.698
392.606 251.533 0
0.069 0.075 0.742
392.511 228.667 0
0.059 0.066 0.821
415.7 251.533 0
0.067 0.074 0.698
415.8 274.4 0
0.079 0.084 0.592
392.7 274.4 0
0.081 0.086 0.627
392.606 251.533 0
0.069 0.075 0.742
392.417 205.8 0
0.051 0.058 0.870
392.511 228.667 0
0.059 0.066 0.821
369.422 228.667 0
0.059 0.066 0.854
369.333 205.8 0
0.051 0.058 0.905
392.511 228.667 0
0.059 0.066 0.821
392.606 251.533 0
0.069 0.075 0.742
369.511 251.533 0
0.069 0.076 0.770
369.422 228.667 0
0.059 0.066 0.854
392.606 251.533 0
0.069 0.075 0.742
392.7 274.4 0
0.081 0.086 0.627
369.6 274.4 0
0.082 0.088 0.649
369.511 251.533 0
0.069 0.076 0.770
369.333 205.8 0
0.051 0.058 0.905
369.422 228.667 0
0.059 0.066 0.854
346.333 228.667 0
0.058 0.065 0.865
346.25 205.8 0
0.050 0.057 0.917
369.422 228.667 0
0.059 0.066 0.854
369.511 251.533 0
0.069 0.076 0.770
346.417 251.533 0
0.069 0.075 0.776
346.333 228.667 0
0.058 0.065 0.865
369.511 251.533 0
0.069 0.076 0.770
369.6 274.4 0
0.082 0.088 0.649
346.5 274.4 0
0.082 0.088 0.649
346.417 251.533 0
0.069 0.075 0.776
415.8 274.4 0
0.079 0.084 0.592
415.9 297.267 0
0.091 0.096 0.461
392.794 297.267 0
0.095 0.099 0.484
392.7 274.4 0
0.081 0.086 0.627
415.9 297.267 0
0.091 0.096 0.461
416 320.133 0
0.108 0.111 0.331
392.889 320.133 0
0.134 0.136 0.358
392.794 297.267 0
0.095 0.099 0.484
416 320.133 0
0.108 0.111 0.331
416.1 343 0
0.193 0.198 0.333
392.983 343 0
0.239 0.242 0.371
392.889 320.133 0
0.134 0.136 0.358
392.7 274.4 0
0.081 0.086 0.627
392.794 297.267 0
0.095 0.099 0.484
369.689 297.267 0
0.097 0.101 0.493
369.6 274.4 0
0.082 0.088 0.649
392.794 297.267 0
0.095 0.099 0.484
392.889 320.133 0
0.134 0.136 0.358
369.778 320.133 0
0.171 0.172 0.388
369.689 297.267 0
0.097 0.101 0.493
392.889 320.133 0
0.134 0.136 0.358
392.983 343 0
0.239 0.242 0.371
369.867 343 0
0.288 0.289 0.405
369.778 320.133 0
0.171 0.172 0.388
369.6 274.4 0
0.082 0.088 0.649
369.689 297.267 0
0.097 0.101 0.493
346.583 297.267 0
0.102 0.105 0.489
346.5 274.4 0
0.082 0.088 0.649
369.689 297.267 0
0.097 0.101 0.493
369.778 320.133 0
0.171 0.172 0.388
346.667 320.133 0
0.211 0.211 0.409
346.583 297.267 0
0.102 0.105 0.489
369.778 320.133 0
0.171 0.172 0.388
369.867 343 0
0.288 0.289 0.405
346.75 343 0
0.333 0.332 0.426
346.667 320.133 0
0.211 0.211 0.409
416.1 343 0
0.193 0.198 0.333
416.2 365.867 0
0.335 0.341 0.456
393.078 365.867 0
0.362 0.367 0.474
392.983 343 0
0.239 0.242 0.371
416.2 365.867 0
0.335 0.341 0.456
416.3 388.733 0
0.489 0.497 0.598
393.172 388.733 0
0.495 0.500 0.596
393.078 365.867 0
0.362 0.367 0.474
416.3 388.733 0
0.489 0.497 0.598
416.4 411.6 0
0.662 0.670 0.756
393.267 411.6 0
0.684 0.690 0.770
393.172 388.733 0
0.495 0.500 0.596
392.983 343 0
0.239 0.242 0.371
393.078 365.867 0
0.362 0.367 0.474
369.956 365.867 0
0.425 0.427 0.522
369.867 343 0
0.288 0.289 0.405
393.078 365.867 0
0.362 0.367 0.474
393.172 388.733 0
0.495 0.500 0.596
370.044 388.733 0
0.575 0.578 0.662
369.956 365.867 0
0.425 0.427 0.522
393.172 388.733 0
0.495 0.500 0.596
393.267 411.6 0
0.684 0.690 0.770
370.133 411.6 0
0.745 0.749 0.821
370.044 388.733 0
0.575 0.578 0.662
369.867 343 0
0.288 0.289 0.405
369.956 365.867 0
0.425 0.427 0.522
346.833 365.867 0
0.481 0.481 0.556
346.75 343 0
0.333 0.332 0.426
369.956 365.867 0
0.425 0.427 0.522
370.044 388.733 0
0.575 0.578 0.662
346.917 388.733 0
0.651 0.652 0.720
346.833 365.867 0
0.481 0.481 0.556
370.044 388.733 0
0.575 0.578 0.662
370.133 411.6 0
0.745 0.749 0.821
347 411.6 0
0.823 0.824 0.883
346.917 388.733 0
0.651 0.652 0.720
416.4 411.6 0
0.662 0.670 0.756
416.5 434.467 0
0.733 0.741 0.809
393.361 434.467 0
0.793 0.800 0.864
393.267 411.6 0
0.684 0.690 0.770
416.5 434.467 0
0.733 0.741 0.809
416.6 457.333 0
0.671 0.680 0.737
393.456 457.333 0
0.746 0.753 0.807
393.361 434.467 0
0.793 0.800 0.864
416.6 457.333 0
0.671 0.680 0.737
416.7 480.2 0
0.551 0.559 0.609
393.55 480.2 0
0.616 0.623 0.669
393.456 457.333 0
0.746 0.753 0.807
393.267 411.6 0
0.684 0.690 0.770
393.361 434.467 0
0.793 0.800 0.864
370.222 434.467 0
0.862 0.867 0.924
370.133 411.6 0
0.745 0.749 0.821
393.361 434.467 0
0.793 0.800 0.864
393.456 457.333 0
0.746 0.753 0.807
370.311 457.333 0
0.819 0.824 0.872
370.222 434.467 0
0.862 0.867 0.924
393.456 457.333 0
0.746 0.753 0.807
393.55 480.2 0
0.616 0.623 0.669
370.4 480.2 0
0.678 0.683 0.724
370.311 457.333 0
0.819 0.824 0.872
370.133 411.6 0
0.745 0.749 0.821
370.222 434.467 0
0.862 0.867 0.924
347.083 434.467 0
0.946 0.947 0.995
347 411.6 0
0.823 0.824 0.883
370.222 434.467 0
0.862 0.867 0.924
370.311 457.333 0
0.819 0.824 0.872
347.167 457.333 0
0.889 0.891 0.932
347.083 434.467 0
0.946 0.947 0.995
370.311 457.333 0
0.819 0.824 0.872
370.4 480.2 0
0.678 0.683 0.724
347.25 480.2 0
0.743 0.744 0.780
347.167 457.333 0
0.889 0.891 0.932
416.7 480.2 0
0.551 0.559 0.609
416.8 503.067 0
0.431 0.439 0.481
393.644 503.067 0
0.487 0.493 0.533
393.55 480.2 0
0.616 0.623 0.669
416.8 503.067 0
0.431 0.439 0.481
416.9 525.933 0
0.333 0.340 0.373
393.739 525.933 0
0.379 0.384 0.415
393.644 503.067 0
0.487 0.493 0.533
416.9 525.933 0
0.333 0.340 0.373
417 548.8 0
0.282 0.288 0.318
393.833 548.8 0
0.320 0.325 0.352
393.739 525.933 0
0.379 0.384 0.415
393.55 480.2 0
0.616 0.623 0.669
393.644 503.067 0
0.487 0.493 0.533
370.489 503.067 0
0.540 0.543 0.580
370.4 480.2 0
0.678 0.683 0.724
393.644 503.067 0
0.487 0.493 0.533
393.739 525.933 0
0.379 0.384 0.415
370.578 525.933 0
0.422 0.425 0.454
370.489 503.067 0
0.540 0.543 0.580
393.739 525.933 0
0.379 0.384 0.415
393.833 548.8 0
0.320 0.325 0.352
370.667 548.8 0
0.356 0.359 0.384
370.578 525.933 0
0.422 0.425 0.454
370.4 480.2 0
0.678 0.683 0.724
370.489 503.067 0
0.540 0.543 0.580
347.333 503.067 0
0.592 0.593 0.624
347.25 480.2 0
0.743 0.744 0.780
370.489 503.067 0
0.540 0.543 0.580
370.578 525.933 0
0.422 0.425 0.454
347.417 525.933 0
0.460 0.461 0.486
347.333 503.067 0
0.592 0.593 0.624
370.578 525.933 0
0.422 0.425 0.454
370.667 548.8 0
0.356 0.359 0.384
347.5 548.8 0
0.387 0.388 0.410
347.417 525.933 0
0.460 0.461 0.486
345.5 0 0
0.017 0.020 0.627
345.583 22.8667 0
0.020 0.023 0.708
322.544 22.8667 0
0.019 0.022 0.659
322.467 0 0
0.016 0.019 0.589
345.583 22.8667 0
0.020 0.023 0.708
345.667 45.7333 0
0.024 0.027 0.804
322.622 45.7333 0
0.021 0.025 0.736
322.544 22.8667 0
0.019 0.022 0.659
345.667 45.7333 0
0.024 0.027 0.804
345.75 68.6 0
0.024 0.028 0.833
322.7 68.6 0
0.022 0.025 0.755
322.622 45.7333 0
0.021 0.025 0.736
322.467 0 0
0.016 0.019 0.589
322.544 22.8667 0
0.019 0.022 0.659
299.506 22.8667 0
0.016 0.020 0.517
299.433 0 0
0.014 0.017 0.461
322.544 22.8667 0
0.019 0.022 0.659
322.622 45.7333 0
0.021 0.025 0.736
299.578 45.7333 0
0.018 0.022 0.575
299.506 22.8667 0
0.016 0.020 0.517
322.622 45.7333 0
0.021 0.025 0.736
322.7 68.6 0
0.022 0.025 0.755
299.65 68.6 0
0.019 0.022 0.585
299.578 45.7333 0
0.018 0.022 0.575
299.433 0 0
0.014 0.017 0.461
299.506 22.8667 0
0.016 0.020 0.517
276.467 22.8667 0
0.012 0.015 0.340
276.4 0 0
0.010 0.013 0.296
299.506 22.8667 0
0.016 0.020 0.517
299.578 45.7333 0
0.018 0.022 0.575
276.533 45.7333 0
0.014 0.017 0.397
276.467 22.8667 0
0.012 0.015 0.340
299.578 45.7333 0
0.018 0.022 0.575
299.65 68.6 0
0.019 0.022 0.585
276.6 68.6 0
0.015 0.019 0.418
276.533 45.7333 0
0.014 0.017 0.397
345.75 68.6 0
0.024 0.028 0.833
345.833 91.4667 0
0.026 0.030 0.861
322.778 91.4667 0
0.024 0.027 0.780
322.7 68.6 0
0.022 0.025 0.755
345.833 91.4667 0
0.026 0.030 0.861
345.917 114.333 0
0.029 0.033 0.893
322.856 114.333 0
0.027 0.031 0.812
322.778 91.4667 0
0.024 0.027 0.780
345.917 114.333 0
0.029 0.033 0.893
346 137.2 0
0.033 0.038 0.919
322.933 137.2 0
0.032 0.036 0.839
322.856 114.333 0
0.027 0.031 0.812
322.7 68.6 0
0.022 0.025 0.755
322.778 91.4667 0
0.024 0.027 0.780
299.722 91.4667 0
0.021 0.025 0.605
299.65 68.6 0
0.019 0.022 0.585
322.778 91.4667 0
0.024 0.027 0.780
322.856 114.333 0
0.027 0.031 0.812
299.794 114.333 0
0.025 0.029 0.630
299.722 91.4667 0
0.021 0.025 0.605
322.856 114.333 0
0.027 0.031 0.812
322.933 137.2 0
0.032 0.036 0.839
299.867 137.2 0
0.030 0.034 0.653
299.794 114.333 0
0.025 0.029 0.630
299.65 68.6 0
0.019 0.022 0.585
299.722 91.4667 0
0.021 0.025 0.605
276.667 91.4667 0
0.018 0.021 0.438
276.6 68.6 0
0.015 0.019 0.418
299.722 91.4667 0
0.021 0.025 0.605
299.794 114.333 0
0.025 0.029 0.630
276.733 114.333 0
0.022 0.026 0.458
276.667 91.4667 0
0.018 0.021 0.438
299.794 114.333 0
0.025 0.029 0.630
299.867 137.2 0
0.030 0.034 0.653
276.8 137.2 0
0.027 0.031 0.474
276.733 114.333 0
0.022 0.026 0.458
346 137.2 0
0.033 0.038 0.919
346.083 160.067 0
0.039 0.044 0.935
323.011 160.067 0
0.037 0.042 0.855
322.933 137.2 0
0.032 0.036 0.839
346.083 160.067 0
0.039 0.044 0.935
346.167 182.933 0
0.043 0.050 0.938
323.089 182.933 0
0.042 0.048 0.860
323.011 160.067 0
0.037 0.042 0.855
346.167 182.933 0
0.043 0.050 0.938
346.25 205.8 0
0.050 0.057 0.917
323.167 205.8 0
0.048 0.055 0.843
323.089 182.933 0
0.042 0.048 0.860
322.933 137.2 0
0.032 0.036 0.839
323.011 160.067 0
0.037 0.042 0.855
299.939 160.067 0
0.035 0.040 0.669
299.867 137.2 0
0.030 0.034 0.653
323.011 160.067 0
0.037 0.042 0.855
323.089 182.933 0
0.042 0.048 0.860
300.011 182.933 0
0.041 0.046 0.674
299.939 160.067 0
0.035 0.040 0.669
323.089 182.933 0
0.042 0.048 0.860
323.167 205.8 0
0.048 0.055 0.843
300.083 205.8 0
0.047 0.053 0.660
300.011 182.933 0
0.041 0.046 0.674
299.867 137.2 0
0.030 0.034 0.653
299.939 160.067 0
0.035 0.040 0.669
276.867 160.067 0
0.032 0.037 0.486
276.8 137.2 0
0.027 0.031 0.474
299.939 160.067 0
0.035 0.040 0.669
300.011 182.933 0
0.041 0.046 0.674
276.933 182.933 0
0.039 0.044 0.491
276.867 160.067 0
0.032 0.037 0.486
300.011 182.933 0
0.041 0.046 0.674
300.083 205.8 0
0.047 0.053 0.660
277 205.8 0
0.045 0.051 0.483
276.933 182.933 0
0.039 0.044 0.491
346.25 205.8 0
0.050 0.057 0.917
346.333 228.667 0
0.058 0.065 0.865
323.244 228.667 0
0.056 0.063 0.797
323.167 205.8 0
0.048 0.055 0.843
346.333 228.667 0
0.058 0.065 0.865
346.417 251.533 0
0.069 0.075 0.776
323.322 251.533 0
0.067 0.073 0.716
323.244 228.667 0
0.056 0.063 0.797
346.417 251.533 0
0.069 0.075 0.776
346.5 274.4 0
0.082 0.088 0.649
323.4 274.4 0
0.080 0.085 0.597
323.322 251.533 0
0.067 0.073 0.716
323.167 205.8 0
0.048 0.055 0.843
323.244 228.667 0
0.056 0.063 0.797
300.156 228.667 0
0.054 0.061 0.628
300.083 205.8 0
0.047 0.053 0.660
323.244 228.667 0
0.056 0.063 0.797
323.322 251.533 0
0.067 0.073 0.716
300.228 251.533 0
0.065 0.071 0.569
300.156 228.667 0
0.054 0.061 0.628
323.322 251.533 0
0.067 0.073 0.716
323.4 274.4 0
0.080 0.085 0.597
300.3 274.4 0
0.078 0.083 0.479
300.228 251.533 0
0.065 0.071 0.569
300.083 205.8 0
0.047 0.053 0.660
300.156 228.667 0
0.054 0.061 0.628
277.067 228.667 0
0.052 0.059 0.460
277 205.8 0
0.045 0.051 0.483
300.156 228.667 0
0.054 0.061 0.628
300.228 251.533 0
0.065 0.071 0.569
277.133 251.533 0
0.063 0.069 0.419
277.067 228.667 0
0.052 0.059 0.460
300.228 251.533 0
0.065 0.071 0.569
300.3 274.4 0
0.078 0.083 0.479
277.2 274.4 0
0.079 0.083 0.363
277.133 251.533 0
0.063 0.069 0.419
346.5 274.4 0
0.082 0.088 0.649
346.583 297.267 0
0.102 0.105 0.489
323.478 297.267 0
0.122 0.124 0.468
323.4 274.4 0
0.080 0.085 0.597
346.583 297.267 0
0.102 0.105 0.489
346.667 320.133 0
0.211 0.211 0.409
323.556 320.133 0
0.253 0.251 0.420
323.478 297.267 0
0.122 0.124 0.468
346.667 320.133 0
0.211 0.211 0.409
346.75 343 0
0.333 0.332 0.426
323.633 343 0
0.376 0.373 0.445
323.556 320.133 0
0.253 0.251 0.420
323.4 274.4 0
0.080 0.085 0.597
323.478 297.267 0
0.122 0.124 0.468
300.372 297.267 0
0.156 0.156 0.424
300.3 274.4 0
0.078 0.083 0.479
323.478 297.267 0
0.122 0.124 0.468
323.556 320.133 0
0.253 0.251 0.420
300.444 320.133 0
0.294 0.291 0.422
300.372 297.267 0
0.156 0.156 0.424
323.556 320.133 0
0.253 0.251 0.420
323.633 343 0
0.376 0.373 0.445
300.517 343 0
0.414 0.409 0.466
300.444 320.133 0
0.294 0.291 0.422
300.3 274.4 0
0.078 0.083 0.479
300.372 297.267 0
0.156 0.156 0.424
277.267 297.267 0
0.194 0.193 0.384
277.2 274.4 0
0.079 0.083 0.363
300.372 297.267 0
0.156 0.156 0.424
300.444 320.133 0
0.294 0.291 0.422
277.333 320.133 0
0.335 0.329 0.426
277.267 297.267 0
0.194 0.193 0.384
300.444 320.133 0
0.294 0.291 0.422
300.517 343 0
0.414 0.409 0.466
277.4 343 0
0.456 0.448 0.492
277.333 320.133 0
0.335 0.329 0.426
346.75 343 0
0.333 0.332 0.426
346.833 365.867 0
0.481 0.481 0.556
323.711 365.867 0
0.539 0.537 0.593
323.633 343 0
0.376 0.373 0.445
346.833 365.867 0
0.481 0.481 0.556
346.917 388.733 0
0.651 0.652 0.720
323.789 388.733 0
0.720 0.718 0.768
323.711 365.867 0
0.539 0.537 0.593
346.917 388.733 0
0.651 0.652 0.720
347 411.6 0
0.823 0.824 0.883
323.867 411.6 0
0.894 0.892 0.936
323.789 388.733 0
0.720 0.718 0.768
323.633 343 0
0.376 0.373 0.445
323.711 365.867 0
0.539 0.537 0.593
300.589 365.867 0
0.587 0.582 0.626
300.517 343 0
0.414 0.409 0.466
323.711 365.867 0
0.539 0.537 0.593
323.789 388.733 0
0.720 0.718 0.768
300.661 388.733 0
0.760 0.756 0.796
300.589 365.867 0
0.587 0.582 0.626
323.789 388.733 0
0.720 0.718 0.768
323.867 411.6 0
0.894 0.892 0.936
300.733 411.6 0
0.947 0.943 0.978
300.661 388.733 0
0.760 0.756 0.796
300.517 343 0
0.414 0.409 0.466
300.589 365.867 0
0.587 0.582 0.626
277.467 365.867 0
0.622 0.615 0.650
277.4 343 0
0.456 0.448 0.492
300.589 365.867 0
0.587 0.582 0.626
300.661 388.733 0
0.760 0.756 0.796
277.533 388.733 0
0.774 0.766 0.797
277.467 365.867 0
0.622 0.615 0.650
300.661 388.733 0
0.760 0.756 0.796
300.733 411.6 0
0.947 0.943 0.978
277.6 411.6 0
0.975 0.968 0.995
277.533 388.733 0
0.774 0.766 0.797
347 411.6 0
0.823 0.824 0.883
347.083 434.467 0
0.946 0.947 0.995
323.944 434.467 0
1.008 1.007 1.043
323.867 411.6 0
0.894 0.892 0.936
347.083 434.467 0
0.946 0.947 0.995
347.167 457.333 0
0.889 0.891 0.932
324.022 457.333 0
0.933 0.932 0.964
323.944 434.467 0
1.008 1.007 1.043
347.167 457.333 0
0.889 0.891 0.932
347.25 480.2 0
0.743 0.744 0.780
324.1 480.2 0
0.783 0.782 0.811
324.022 457.333 0
0.933 0.932 0.964
323.867 411.6 0
0.894 0.892 0.936
323.944 434.467 0
1.008 1.007 1.043
300.806 434.467 0
1.055 1.051 1.080
300.733 411.6 0
0.947 0.943 0.978
323.944 434.467 0
1.008 1.007 1.043
324.022 457.333 0
0.933 0.932 0.964
300.878 457.333 0
0.970 0.966 0.993
300.806 434.467 0
1.055 1.051 1.080
324.022 457.333 0
0.933 0.932 0.964
324.1 480.2 0
0.783 0.782 0.811
300.95 480.2 0
0.812 0.808 0.832
300.878 457.333 0
0.970 0.966 0.993
300.733 411.6 0
0.947 0.943 0.978
300.806 434.467 0
1.055 1.051 1.080
277.667 434.467 0
1.076 1.069 1.092
277.6 411.6 0
0.975 0.968 0.995
300.806 434.467 0
1.055 1.051 1.080
300.878 457.333 0
0.970 0.966 0.993
277.733 457.333 0
0.984 0.977 0.998
277.667 434.467 0
1.076 1.069 1.092
300.878 457.333 0
0.970 0.966 0.993
300.95 480.2 0
0.812 0.808 0.832
277.8 480.2 0
0.823 0.817 0.836
277.733 457.333 0
0.984 0.977 0.998
347.25 480.2 0
0.743 0.744 0.780
347.333 503.067 0
0.592 0.593 0.624
324.178 503.067 0
0.626 0.625 0.650
324.1 480.2 0
0.783 0.782 0.811
347.333 503.067 0
0.592 0.593 0.624
347.417 525.933 0
0.460 0.461 0.486
324.256 525.933 0
0.487 0.485 0.506
324.178 503.067 0
0.626 0.625 0.650
347.417 525.933 0
0.460 0.461 0.486
347.5 548.8 0
0.387 0.388 0.410
324.333 548.8 0
0.410 0.409 0.428
324.256 525.933 0
0.487 0.485 0.506
324.1 480.2 0
0.783 0.782 0.811
324.178 503.067 0
0.626 0.625 0.650
301.022 503.067 0
0.649 0.645 0.666
300.95 480.2 0
0.812 0.808 0.832
324.178 503.067 0
0.626 0.625 0.650
324.256 525.933 0
0.487 0.485 0.506
301.094 525.933 0
0.505 0.501 0.519
301.022 503.067 0
0.649 0.645 0.666
324.256 525.933 0
0.487 0.485 0.506
324.333 548.8 0
0.410 0.409 0.428
301.167 548.8 0
0.426 0.422 0.438
301.094 525.933 0
0.505 0.501 0.519
300.95 480.2 0
0.812 0.808 0.832
301.022 503.067 0
0.649 0.645 0.666
277.867 503.067 0
0.658 0.652 0.669
277.8 480.2 0
0.823 0.817 0.836
301.022 503.067 0
0.649 0.645 0.666
301.094 525.933 0
0.505 0.501 0.519
277.933 525.933 0
0.512 0.506 0.521
277.867 503.067 0
0.658 0.652 0.669
301.094 525.933 0
0.505 0.501 0.519
301.167 548.8 0
0.426 0.422 0.438
278 548.8 0
0.430 0.425 0.438
277.933 525.933 0
0.512 0.506 0.521
276.4 0 0
0.010 0.013 0.296
276.467 22.8667 0
0.012 0.015 0.340
253.428 22.8667 0
0.008 0.011 0.176
253.367 0 0
0.007 0.009 0.148
276.467 22.8667 0
0.012 0.015 0.340
276.533 45.7333 0
0.014 0.017 0.397
253.489 45.7333 0
0.010 0.013 0.218
253.428 22.8667 0
0.008 0.011 0.176
276.533 45.7333 0
0.014 0.017 0.397
276.6 68.6 0
0.015 0.019 0.418
253.55 68.6 0
0.012 0.015 0.240
253.489 45.7333 0
0.010 0.013 0.218
253.367 0 0
0.007 0.009 0.148
253.428 22.8667 0
0.008 0.011 0.176
230.389 22.8667 0
0.006 0.008 0.056
230.333 0 0
0.005 0.007 0.041
253.428 22.8667 0
0.008 0.011 0.176
253.489 45.7333 0
0.010 0.013 0.218
230.444 45.7333 0
0.008 0.010 0.078
230.389 22.8667 0
0.006 0.008 0.056
253.489 45.7333 0
0.010 0.013 0.218
253.55 68.6 0
0.012 0.015 0.240
230.5 68.6 0
0.009 0.012 0.091
230.444 45.7333 0
0.008 0.010 0.078
230.333 0 0
0.005 0.007 0.041
230.389 22.8667 0
0.006 0.008 0.056
207.35 22.8667 0
0.005 0.007 0.020
207.3 0 0
0.004 0.006 0.012
230.389 22.8667 0
0.006 0.008 0.056
230.444 45.7333 0
0.008 0.010 0.078
207.4 45.7333 0
0.006 0.009 0.033
207.35 22.8667 0
0.005 0.007 0.020
230.444 45.7333 0
0.008 0.010 0.078
230.5 68.6 0
0.009 0.012 0.091
207.45 68.6 0
0.008 0.010 0.042
207.4 45.7333 0
0.006 0.009 0.033
276.6 68.6 0
0.015 0.019 0.418
276.667 91.4667 0
0.018 0.021 0.438
253.611 91.4667 0
0.014 0.018 0.255
253.55 68.6 0
0.012 0.015 0.240
276.667 91.4667 0
0.018 0.021 0.438
276.733 114.333 0
0.022 0.026 0.458
253.672 114.333 0
0.018 0.022 0.269
253.611 91.4667 0
0.014 0.018 0.255
276.733 114.333 0
0.022 0.026 0.458
276.8 137.2 0
0.027 0.031 0.474
253.733 137.2 0
0.023 0.027 0.279
253.672 114.333 0
0.018 0.022 0.269
253.55 68.6 0
0.012 0.015 0.240
253.611 91.4667 0
0.014 0.018 0.255
230.556 91.4667 0
0.011 0.014 0.099
230.5 68.6 0
0.009 0.012 0.091
253.611 91.4667 0
0.014 0.018 0.255
253.672 114.333 0
0.018 0.022 0.269
230.611 114.333 0
0.014 0.018 0.104
230.556 91.4667 0
0.011 0.014 0.099
253.672 114.333 0
0.018 0.022 0.269
253.733 137.2 0
0.023 0.027 0.279
230.667 137.2 0
0.019 0.023 0.109
230.611 114.333 0
0.014 0.018 0.104
230.5 68.6 0
0.009 0.012 0.091
230.556 91.4667 0
0.011 0.014 0.099
207.5 91.4667 0
0.009 0.012 0.047
207.45 68.6 0
0.008 0.010 0.042
230.556 91.4667 0
0.011 0.014 0.099
230.611 114.333 0
0.014 0.018 0.104
207.55 114.333 0
0.012 0.015 0.051
207.5 91.4667 0
0.009 0.012 0.047
230.611 114.333 0
0.014 0.018 0.104
230.667 137.2 0
0.019 0.023 0.109
207.6 137.2 0
0.016 0.020 0.054
207.55 114.333 0
0.012 0.015 0.051
276.8 137.2 0
0.027 0.031 0.474
276.867 160.067 0
0.032 0.037 0.486
253.794 160.067 0
0.029 0.034 0.288
253.733 137.2 0
0.023 0.027 0.279
276.867 160.067 0
0.032 0.037 0.486
276.933 182.933 0
0.039 0.044 0.491
253.856 182.933 0
0.035 0.041 0.294
253.794 160.067 0
0.029 0.034 0.288
276.933 182.933 0
0.039 0.044 0.491
277 205.8 0
0.045 0.051 0.483
253.917 205.8 0
0.042 0.048 0.294
253.856 182.933 0
0.035 0.041 0.294
253.733 137.2 0
0.023 0.027 0.279
253.794 160.067 0
0.029 0.034 0.288
230.722 160.067 0
0.026 0.031 0.115
230.667 137.2 0
0.019 0.023 0.109
253.794 160.067 0
0.029 0.034 0.288
253.856 182.933 0
0.035 0.041 0.294
230.778 182.933 0
0.032 0.038 0.120
230.722 160.067 0
0.026 0.031 0.115
253.856 182.933 0
0.035 0.041 0.294
253.917 205.8 0
0.042 0.048 0.294
230.833 205.8 0
0.040 0.046 0.124
230.778 182.933 0
0.032 0.038 0.120
230.667 137.2 0
0.019 0.023 0.109
230.722 160.067 0
0.026 0.031 0.115
207.65 160.067 0
0.023 0.027 0.059
207.6 137.2 0
0.016 0.020 0.054
230.722 160.067 0
0.026 0.031 0.115
230.778 182.933 0
0.032 0.038 0.120
207.7 182.933 0
0.030 0.034 0.064
207.65 160.067 0
0.023 0.027 0.059
230.778 182.933 0
0.032 0.038 0.120
230.833 205.8 0
0.040 0.046 0.124
207.75 205.8 0
0.038 0.043 0.069
207.7 182.933 0
0.030 0.034 0.064
277 205.8 0
0.045 0.051 0.483
277.067 228.667 0
0.052 0.059 0.460
253.978 228.667 0
0.050 0.057 0.286
253.917 205.8 0
0.042 0.048 0.294
277.067 228.667 0
0.052 0.059 0.460
277.133 251.533 0
0.063 0.069 0.419
254.039 251.533 0
0.060 0.066 0.268
253.978 228.667 0
0.050 0.057 0.286
277.133 251.533 0
0.063 0.069 0.419
277.2 274.4 0
0.079 0.083 0.363
254.1 274.4 0
0.095 0.098 0.261
254.039 251.533 0
0.060 0.066 0.268
253.917 205.8 0
0.042 0.048 0.294
253.978 228.667 0
0.050 0.057 0.286
230.889 228.667 0
0.049 0.055 0.129
230.833 205.8 0
0.040 0.046 0.124
253.978 228.667 0
0.050 0.057 0.286
254.039 251.533 0
0.060 0.066 0.268
230.944 251.533 0
0.058 0.064 0.131
230.889 228.667 0
0.049 0.055 0.129
254.039 251.533 0
0.060 0.066 0.268
254.1 274.4 0
0.095 0.098 0.261
231 274.4 0
0.125 0.128 0.184
230.944 251.533 0
0.058 0.064 0.131
230.833 205.8 0
0.040 0.046 0.124
230.889 228.667 0
0.049 0.055 0.129
207.8 228.667 0
0.048 0.053 0.077
207.75 205.8 0
0.038 0.043 0.069
230.889 228.667 0
0.049 0.055 0.129
230.944 251.533 0
0.058 0.064 0.131
207.85 251.533 0
0.059 0.064 0.085
207.8 228.667 0
0.048 0.053 0.077
230.944 251.533 0
0.058 0.064 0.131
231 274.4 0
0.125 0.128 0.184
207.9 274.4 0
0.156 0.159 0.177
207.85 251.533 0
0.059 0.064 0.085
277.2 274.4 0
0.079 0.083 0.363
277.267 297.267 0
0.194 0.193 0.384
254.161 297.267 0
0.228 0.226 0.338
254.1 274.4 0
0.095 0.098 0.261
277.267 297.267 0
0.194 0.193 0.384
277.333 320.133 0
0.335 0.329 0.426
254.222 320.133 0
0.352 0.345 0.404
254.161 297.267 0
0.228 0.226 0.338
277.333 320.133 0
0.335 0.329 0.426
277.4 343 0
0.456 0.448 0.492
254.283 343 0
0.484 0.474 0.503
254.222 320.133 0
0.352 0.345 0.404
254.1 274.4 0
0.095 0.098 0.261
254.161 297.267 0
0.228 0.226 0.338
231.056 297.267 0
0.257 0.255 0.297
231 274.4 0
0.125 0.128 0.184
254.161 297.267 0
0.228 0.226 0.338
254.222 320.133 0
0.352 0.345 0.404
231.111 320.133 0
0.351 0.342 0.369
231.056 297.267 0
0.257 0.255 0.297
254.222 320.133 0
0.352 0.345 0.404
254.283 343 0
0.484 0.474 0.503
231.167 343 0
0.495 0.483 0.502
231.111 320.133 0
0.351 0.342 0.369
231 274.4 0
0.125 0.128 0.184
231.056 297.267 0
0.257 0.255 0.297
207.95 297.267 0
0.285 0.283 0.299
207.9 274.4 0
0.156 0.159 0.177
231.056 297.267 0
0.257 0.255 0.297
231.111 320.133 0
0.351 0.342 0.369
208 320.133 0
0.365 0.355 0.368
207.95 297.267 0
0.285 0.283 0.299
231.111 320.133 0
0.351 0.342 0.369
231.167 343 0
0.495 0.483 0.502
208.05 343 0
0.511 0.497 0.508
208 320.133 0
0.365 0.355 0.368
277.4 343 0
0.456 0.448 0.492
277.467 365.867 0
0.622 0.615 0.650
254.344 365.867 0
0.649 0.639 0.662
254.283 343 0
0.484 0.474 0.503
277.467 365.867 0
0.622 0.615 0.650
277.533 388.733 0
0.774 0.766 0.797
254.406 388.733 0
0.796 0.785 0.806
254.344 365.867 0
0.649 0.639 0.662
277.533 388.733 0
0.774 0.766 0.797
277.6 411.6 0
0.975 0.968 0.995
254.467 411.6 0
1.008 0.998 1.015
254.406 388.733 0
0.796 0.785 0.806
254.283 343 0
0.484 0.474 0.503
254.344 365.867 0
0.649 0.639 0.662
231.222 365.867 0
0.650 0.638 0.653
231.167 343 0
0.495 0.483 0.502
254.344 365.867 0
0.649 0.639 0.662
254.406 388.733 0
0.796 0.785 0.806
231.278 388.733 0
0.800 0.787 0.801
231.222 365.867 0
0.650 0.638 0.653
254.406 388.733 0
0.796 0.785 0.806
254.467 411.6 0
1.008 0.998 1.015
231.333 411.6 0
1.006 0.992 1.003
231.278 388.733 0
0.800 0.787 0.801
231.167 343 0
0.495 0.483 0.502
231.222 365.867 0
0.650 0.638 0.653
208.1 365.867 0
0.645 0.630 0.639
208.05 343 0
0.511 0.497 0.508
231.222 365.867 0
0.650 0.638 0.653
231.278 388.733 0
0.800 0.787 0.801
208.15 388.733 0
0.790 0.774 0.782
208.1 365.867 0
0.645 0.630 0.639
231.278 388.733 0
0.800 0.787 0.801
231.333 411.6 0
1.006 0.992 1.003
208.2 411.6 0
0.972 0.956 0.962
208.15 388.733 0
0.790 0.774 0.782
277.6 411.6 0
0.975 0.968 0.995
277.667 434.467 0
1.076 1.069 1.092
254.528 434.467 0
1.082 1.072 1.086
254.467 411.6 0
1.008 0.998 1.015
277.667 434.467 0
1.076 1.069 1.092
277.733 457.333 0
0.984 0.977 0.998
254.589 457.333 0
0.975 0.965 0.979
254.528 434.467 0
1.082 1.072 1.086
277.733 457.333 0
0.984 0.977 0.998
277.8 480.2 0
0.823 0.817 0.836
254.65 480.2 0
0.814 0.805 0.818
254.589 457.333 0
0.975 0.965 0.979
254.467 411.6 0
1.008 0.998 1.015
254.528 434.467 0
1.082 1.072 1.086
231.389 434.467 0
1.046 1.033 1.042
231.333 411.6 0
1.006 0.992 1.003
254.528 434.467 0
1.082 1.072 1.086
254.589 457.333 0
0.975 0.965 0.979
231.444 457.333 0
0.937 0.924 0.932
231.389 434.467 0
1.046 1.033 1.042
254.589 457.333 0
0.975 0.965 0.979
254.65 480.2 0
0.814 0.805 0.818
231.5 480.2 0
0.780 0.768 0.776
231.444 457.333 0
0.937 0.924 0.932
231.333 411.6 0
1.006 0.992 1.003
231.389 434.467 0
1.046 1.033 1.042
208.25 434.467 0
0.986 0.971 0.975
208.2 411.6 0
0.972 0.956 0.962
231.389 434.467 0
1.046 1.033 1.042
231.444 457.333 0
0.937 0.924 0.932
208.3 457.333 0
0.877 0.862 0.866
208.25 434.467 0
0.986 0.971 0.975
231.444 457.333 0
0.937 0.924 0.932
231.5 480.2 0
0.780 0.768 0.776
208.35 480.2 0
0.728 0.713 0.718
208.3 457.333 0
0.877 0.862 0.866
277.8 480.2 0
0.823 0.817 0.836
277.867 503.067 0
0.658 0.652 0.669
254.711 503.067 0
0.647 0.638 0.650
254.65 480.2 0
0.814 0.805 0.818
277.867 503.067 0
0.658 0.652 0.669
277.933 525.933 0
0.512 0.506 0.521
254.772 525.933 0
0.500 0.492 0.502
254.711 503.067 0
0.647 0.638 0.650
277.933 525.933 0
0.512 0.506 0.521
278 548.8 0
0.430 0.425 0.438
254.833 548.8 0
0.420 0.412 0.422
254.772 525.933 0
0.500 0.492 0.502
254.65 480.2 0
0.814 0.805 0.818
254.711 503.067 0
0.647 0.638 0.650
231.556 503.067 0
0.621 0.610 0.618
231.5 480.2 0
0.780 0.768 0.776
254.711 503.067 0
0.647 0.638 0.650
254.772 525.933 0
0.500 0.492 0.502
231.611 525.933 0
0.481 0.471 0.478
231.556 503.067 0
0.621 0.610 0.618
254.772 525.933 0
0.500 0.492 0.502
254.833 548.8 0
0.420 0.412 0.422
231.667 548.8 0
0.403 0.394 0.400
231.611 525.933 0
0.481 0.471 0.478
231.5 480.2 0
0.780 0.768 0.776
231.556 503.067 0
0.621 0.610 0.618
208.4 503.067 0
0.581 0.568 0.572
208.35 480.2 0
0.728 0.713 0.718
231.556 503.067 0
0.621 0.610 0.618
231.611 525.933 0
0.481 0.471 0.478
208.45 525.933 0
0.453 0.440 0.444
208.4 503.067 0
0.581 0.568 0.572
231.611 525.933 0
0.481 0.471 0.478
231.667 548.8 0
0.403 0.394 0.400
208.5 548.8 0
0.381 0.369 0.373
208.45 525.933 0
0.453 0.440 0.444
207.3 0 0
0.004 0.006 0.012
207.35 22.8667 0
0.005 0.007 0.020
184.311 22.8667 0
0.004 0.005 0.013
184.267 0 0
0.004 0.005 0.008
207.35 22.8667 0
0.005 0.007 0.020
207.4 45.7333 0
0.006 0.009 0.033
184.356 45.7333 0
0.006 0.007 0.022
184.311 22.8667 0
0.004 0.005 0.013
207.4 45.7333 0
0.006 0.009 0.033
207.45 68.6 0
0.008 0.010 0.042
184.4 68.6 0
0.007 0.008 0.029
184.356 45.7333 0
0.006 0.007 0.022
184.267 0 0
0.004 0.005 0.008
184.311 22.8667 0
0.004 0.005 0.013
161.272 22.8667 0
0.005 0.004 0.009
161.233 0 0
0.004 0.004 0.005
184.311 22.8667 0
0.004 0.005 0.013
184.356 45.7333 0
0.006 0.007 0.022
161.311 45.7333 0
0.006 0.005 0.015
161.272 22.8667 0
0.005 0.004 0.009
184.356 45.7333 0
0.006 0.007 0.022
184.4 68.6 0
0.007 0.008 0.029
161.35 68.6 0
0.008 0.007 0.020
161.311 45.7333 0
0.006 0.005 0.015
161.233 0 0
0.004 0.004 0.005
161.272 22.8667 0
0.005 0.004 0.009
138.233 22.8667 0
0.005 0.003 0.006
138.2 0 0
0.004 0.003 0.003
161.272 22.8667 0
0.005 0.004 0.009
161.311 45.7333 0
0.006 0.005 0.015
138.267 45.7333 0
0.006 0.004 0.010
138.233 22.8667 0
0.005 0.003 0.006
161.311 45.7333 0
0.006 0.005 0.015
161.35 68.6 0
0.008 0.007 0.020
138.3 68.6 0
0.008 0.005 0.014
138.267 45.7333 0
0.006 0.004 0.010
207.45 68.6 0
0.008 0.010 0.042
207.5 91.4667 0
0.009 0.012 0.047
184.444 91.4667 0
0.009 0.010 0.033
184.4 68.6 0
0.007 0.008 0.029
207.5 91.4667 0
0.009 0.012 0.047
207.55 114.333 0
0.012 0.015 0.051
184.489 114.333 0
0.011 0.012 0.037
184.444 91.4667 0
0.009 0.010 0.033
207.55 114.333 0
0.012 0.015 0.051
207.6 137.2 0
0.016 0.020 0.054
184.533 137.2 0
0.015 0.016 0.040
184.489 114.333 0
0.011 0.012 0.037
184.4 68.6 0
0.007 0.008 0.029
184.444 91.4667 0
0.009 0.010 0.033
161.389 91.4667 0
0.010 0.008 0.024
161.35 68.6 0
0.008 0.007 0.020
184.444 91.4667 0
0.009 0.010 0.033
184.489 114.333 0
0.011 0.012 0.037
161.428 114.333 0
0.012 0.010 0.028
161.389 91.4667 0
0.010 0.008 0.024
184.489 114.333 0
0.011 0.012 0.037
184.533 137.2 0
0.015 0.016 0.040
161.467 137.2 0
0.015 0.013 0.030
161.428 114.333 0
0.012 0.010 0.028
161.35 68.6 0
0.008 0.007 0.020
161.389 91.4667 0
0.010 0.008 0.024
138.333 91.4667 0
0.010 0.006 0.017
138.3 68.6 0
0.008 0.005 0.014
161.389 91.4667 0
0.010 0.008 0.024
161.428 114.333 0
0.012 0.010 0.028
138.367 114.333 0
0.012 0.008 0.020
138.333 91.4667 0
0.010 0.006 0.017
161.428 114.333 0
0.012 0.010 0.028
161.467 137.2 0
0.015 0.013 0.030
138.4 137.2 0
0.015 0.010 0.022
138.367 114.333 0
0.012 0.008 0.020
207.6 137.2 0
0.016 0.020 0.054
207.65 160.067 0
0.023 0.027 0.059
184.578 160.067 0
0.021 0.022 0.045
184.533 137.2 0
0.015 0.016 0.040
207.65 160.067 0
0.023 0.027 0.059
207.7 182.933 0
0.030 0.034 0.064
184.622 182.933 0
0.029 0.030 0.051
184.578 160.067 0
0.021 0.022 0.045
207.7 182.933 0
0.030 0.034 0.064
207.75 205.8 0
0.038 0.043 0.069
184.667 205.8 0
0.038 0.039 0.058
184.622 182.933 0
0.029 0.030 0.051
184.533 137.2 0
0.015 0.016 0.040
184.578 160.067 0
0.021 0.022 0.045
161.506 160.067 0
0.021 0.018 0.035
161.467 137.2 0
0.015 0.013 0.030
184.578 160.067 0
0.021 0.022 0.045
184.622 182.933 0
0.029 0.030 0.051
161.544 182.933 0
0.029 0.025 0.042
161.506 160.067 0
0.021 0.018 0.035
184.622 182.933 0
0.029 0.030 0.051
184.667 205.8 0
0.038 0.039 0.058
161.583 205.8 0
0.039 0.034 0.049
161.544 182.933 0
0.029 0.025 0.042
161.467 137.2 0
0.015 0.013 0.030
161.506 160.067 0
0.021 0.018 0.035
138.433 160.067 0
0.019 0.013 0.026
138.4 137.2 0
0.015 0.010 0.022
161.506 160.067 0
0.021 0.018 0.035
161.544 182.933 0
0.029 0.025 0.042
138.467 182.933 0
0.027 0.020 0.032
138.433 160.067 0
0.019 0.013 0.026
161.544 182.933 0
0.029 0.025 0.042
161.583 205.8 0
0.039 0.034 0.049
138.5 205.8 0
0.037 0.029 0.040
138.467 182.933 0
0.027 0.020 0.032
207.75 205.8 0
0.038 0.043 0.069
207.8 228.667 0
0.048 0.053 0.077
184.711 228.667 0
0.048 0.048 0.066
184.667 205.8 0
0.038 0.039 0.058
207.8 228.667 0
0.048 0.053 0.077
207.85 251.533 0
0.059 0.064 0.085
184.756 251.533 0
0.074 0.075 0.090
184.711 228.667 0
0.048 0.048 0.066
207.85 251.533 0
0.059 0.064 0.085
207.9 274.4 0
0.156 0.159 0.177
184.8 274.4 0
0.184 0.183 0.196
184.756 251.533 0
0.074 0.075 0.090
184.667 205.8 0
0.038 0.039 0.058
184.711 228.667 0
0.048 0.048 0.066
161.622 228.667 0
0.049 0.044 0.057
161.583 205.8 0
0.039 0.034 0.049
184.711 228.667 0
0.048 0.048 0.066
184.756 251.533 0
0.074 0.075 0.090
161.661 251.533 0
0.103 0.096 0.108
161.622 228.667 0
0.049 0.044 0.057
184.756 251.533 0
0.074 0.075 0.090
184.8 274.4 0
0.184 0.183 0.196
161.7 274.4 0
0.211 0.203 0.214
161.661 251.533 0
0.103 0.096 0.108
161.583 205.8 0
0.039 0.034 0.049
161.622 228.667 0
0.049 0.044 0.057
138.533 228.667 0
0.049 0.039 0.049
138.5 205.8 0
0.037 0.029 0.040
161.622 228.667 0
0.049 0.044 0.057
161.661 251.533 0
0.103 0.096 0.108
138.567 251.533 0
0.127 0.115 0.124
138.533 228.667 0
0.049 0.039 0.049
161.661 251.533 0
0.103 0.096 0.108
161.7 274.4 0
0.211 0.203 0.214
138.6 274.4 0
0.232 0.219 0.226
138.567 251.533 0
0.127 0.115 0.124
207.9 274.4 0
0.156 0.159 0.177
207.95 297.267 0
0.285 0.283 0.299
184.844 297.267 0
0.293 0.288 0.299
184.8 274.4 0
0.184 0.183 0.196
207.95 297.267 0
0.285 0.283 0.299
208 320.133 0
0.365 0.355 0.368
184.889 320.133 0
0.373 0.361 0.371
184.844 297.267 0
0.293 0.288 0.299
208 320.133 0
0.365 0.355 0.368
208.05 343 0
0.511 0.497 0.508
184.933 343 0
0.508 0.492 0.499
184.889 320.133 0
0.373 0.361 0.371
184.8 274.4 0
0.184 0.183 0.196
184.844 297.267 0
0.293 0.288 0.299
161.739 297.267 0
0.287 0.276 0.285
161.7 274.4 0
0.211 0.203 0.214
184.844 297.267 0
0.293 0.288 0.299
184.889 320.133 0
0.373 0.361 0.371
161.778 320.133 0
0.376 0.361 0.369
161.739 297.267 0
0.287 0.276 0.285
184.889 320.133 0
0.373 0.361 0.371
184.933 343 0
0.508 0.492 0.499
161.817 343 0
0.494 0.476 0.482
161.778 320.133 0
0.376 0.361 0.369
161.7 274.4 0
0.211 0.203 0.214
161.739 297.267 0
0.287 0.276 0.285
138.633 297.267 0
0.278 0.264 0.270
138.6 274.4 0
0.232 0.219 0.226
161.739 297.267 0
0.287 0.276 0.285
161.778 320.133 0
0.376 0.361 0.369
138.667 320.133 0
0.372 0.356 0.361
138.633 297.267 0
0.278 0.264 0.270
161.778 320.133 0
0.376 0.361 0.369
161.817 343 0
0.494 0.476 0.482
138.7 343 0
0.476 0.457 0.462
138.667 320.133 0
0.372 0.356 0.361
208.05 343 0
0.511 0.497 0.508
208.1 365.867 0
0.645 0.630 0.639
184.978 365.867 0
0.621 0.604 0.610
184.933 343 0
0.508 0.492 0.499
208.1 365.867 0
0.645 0.630 0.639
208.15 388.733 0
0.790 0.774 0.782
185.022 388.733 0
0.767 0.749 0.754
184.978 365.867 0
0.621 0.604 0.610
208.15 388.733 0
0.790 0.774 0.782
208.2 411.6 0
0.972 0.956 0.962
185.067 411.6 0
0.922 0.904 0.907
185.022 388.733 0
0.767 0.749 0.754
184.933 343 0
0.508 0.492 0.499
184.978 365.867 0
0.621 0.604 0.610
161.856 365.867 0
0.585 0.566 0.571
161.817 343 0
0.494 0.476 0.482
184.978 365.867 0
0.621 0.604 0.610
185.022 388.733 0
0.767 0.749 0.754
161.894 388.733 0
0.726 0.706 0.710
161.856 365.867 0
0.585 0.566 0.571
185.022 388.733 0
0.767 0.749 0.754
185.067 411.6 0
0.922 0.904 0.907
161.933 411.6 0
0.852 0.830 0.834
161.894 388.733 0
0.726 0.706 0.710
161.817 343 0
0.494 0.476 0.482
161.856 365.867 0
0.585 0.566 0.571
138.733 365.867 0
0.555 0.534 0.538
138.7 343 0
0.476 0.457 0.462
161.856 365.867 0
0.585 0.566 0.571
161.894 388.733 0
0.726 0.706 0.710
138.767 388.733 0
0.689 0.667 0.670
138.733 365.867 0
0.555 0.534 0.538
161.894 388.733 0
0.726 0.706 0.710
161.933 411.6 0
0.852 0.830 0.834
138.8 411.6 0
0.785 0.762 0.764
138.767 388.733 0
0.689 0.667 0.670
208.2 411.6 0
0.972 0.956 0.962
208.25 434.467 0
0.986 0.971 0.975
185.111 434.467 0
0.923 0.904 0.906
185.067 411.6 0
0.922 0.904 0.907
208.25 434.467 0
0.986 0.971 0.975
208.3 457.333 0
0.877 0.862 0.866
185.156 457.333 0
0.821 0.803 0.805
185.111 434.467 0
0.923 0.904 0.906
208.3 457.333 0
0.877 0.862 0.866
208.35 480.2 0
0.728 0.713 0.718
185.2 480.2 0
0.682 0.664 0.666
185.156 457.333 0
0.821 0.803 0.805
185.067 411.6 0
0.922 0.904 0.907
185.111 434.467 0
0.923 0.904 0.906
161.972 434.467 0
0.839 0.817 0.819
161.933 411.6 0
0.852 0.830 0.834
185.111 434.467 0
0.923 0.904 0.906
185.156 457.333 0
0.821 0.803 0.805
162.011 457.333 0
0.745 0.724 0.725
161.972 434.467 0
0.839 0.817 0.819
185.156 457.333 0
0.821 0.803 0.805
185.2 480.2 0
0.682 0.664 0.666
162.05 480.2 0
0.617 0.597 0.598
162.011 457.333 0
0.745 0.724 0.725
161.933 411.6 0
0.852 0.830 0.834
161.972 434.467 0
0.839 0.817 0.819
138.833 434.467 0
0.758 0.736 0.736
138.8 411.6 0
0.785 0.762 0.764
161.972 434.467 0
0.839 0.817 0.819
162.011 457.333 0
0.745 0.724 0.725
138.867 457.333 0
0.666 0.644 0.644
138.833 434.467 0
0.758 0.736 0.736
162.011 457.333 0
0.745 0.724 0.725
162.05 480.2 0
0.617 0.597 0.598
138.9 480.2 0
0.547 0.526 0.527
138.867 457.333 0
0.666 0.644 0.644
208.35 480.2 0
0.728 0.713 0.718
208.4 503.067 0
0.581 0.568 0.572
185.244 503.067 0
0.540 0.524 0.526
185.2 480.2 0
0.682 0.664 0.666
208.4 503.067 0
0.581 0.568 0.572
208.45 525.933 0
0.453 0.440 0.444
185.289 525.933 0
0.417 0.403 0.405
185.244 503.067 0
0.540 0.524 0.526
208.45 525.933 0
0.453 0.440 0.444
208.5 548.8 0
0.381 0.369 0.373
185.333 548.8 0
0.351 0.337 0.340
185.289 525.933 0
0.417 0.403 0.405
185.2 480.2 0
0.682 0.664 0.666
185.244 503.067 0
0.540 0.524 0.526
162.089 503.067 0
0.487 0.469 0.470
162.05 480.2 0
0.617 0.597 0.598
185.244 503.067 0
0.540 0.524 0.526
185.289 525.933 0
0.417 0.403 0.405
162.128 525.933 0
0.375 0.359 0.360
162.089 503.067 0
0.487 0.469 0.470
185.289 525.933 0
0.417 0.403 0.405
185.333 548.8 0
0.351 0.337 0.340
162.167 548.8 0
0.315 0.300 0.302
162.128 525.933 0
0.375 0.359 0.360
162.05 480.2 0
0.617 0.597 0.598
162.089 503.067 0
0.487 0.469 0.470
138.933 503.067 0
0.431 0.411 0.411
138.9 480.2 0
0.547 0.526 0.527
162.089 503.067 0
0.487 0.469 0.470
162.128 525.933 0
0.375 0.359 0.360
138.967 525.933 0
0.331 0.314 0.314
138.933 503.067 0
0.431 0.411 0.411
162.128 525.933 0
0.375 0.359 0.360
162.167 548.8 0
0.315 0.300 0.302
139 548.8 0
0.278 0.262 0.262
138.967 525.933 0
0.331 0.314 0.314
138.2 0 0
0.004 0.003 0.003
138.233 22.8667 0
0.005 0.003 0.006
115.194 22.8667 0
0.004 0.002 0.004
115.167 0 0
0.004 0.002 0.002
138.233 22.8667 0
0.005 0.003 0.006
138.267 45.7333 0
0.006 0.004 0.010
115.222 45.7333 0
0.005 0.003 0.007
115.194 22.8667 0
0.004 0.002 0.004
138.267 45.7333 0
0.006 0.004 0.010
138.3 68.6 0
0.008 0.005 0.014
115.25 68.6 0
0.007 0.003 0.009
115.222 45.7333 0
0.005 0.003 0.007
115.167 0 0
0.004 0.002 0.002
115.194 22.8667 0
0.004 0.002 0.004
92.1555 22.8667 0
0.003 0.002 0.003
92.1333 0 0
0.003 0.002 0.002
115.194 22.8667 0
0.004 0.002 0.004
115.222 45.7333 0
0.005 0.003 0.007
92.1778 45.7333 0
0.004 0.002 0.005
92.1555 22.8667 0
0.003 0.002 0.003
115.222 45.7333 0
0.005 0.003 0.007
115.25 68.6 0
0.007 0.003 0.009
92.2 68.6 0
0.005 0.003 0.006
92.1778 45.7333 0
0.004 0.002 0.005
92.1333 0 0
0.003 0.002 0.002
92.1555 22.8667 0
0.003 0.002 0.003
69.1167 22.8667 0
0.003 0.001 0.002
69.1 0 0
0.002 0.001 0.001
92.1555 22.8667 0
0.003 0.002 0.003
92.1778 45.7333 0
0.004 0.002 0.005
69.1333 45.7333 0
0.003 0.002 0.003
69.1167 22.8667 0
0.003 0.001 0.002
92.1778 45.7333 0
0.004 0.002 0.005
92.2 68.6 0
0.005 0.003 0.006
69.15 68.6 0
0.004 0.002 0.005
69.1333 45.7333 0
0.003 0.002 0.003
138.3 68.6 0
0.008 0.005 0.014
138.333 91.4667 0
0.010 0.006 0.017
115.278 91.4667 0
0.008 0.004 0.012
115.25 68.6 0
0.007 0.003 0.009
138.333 91.4667 0
0.010 0.006 0.017
138.367 114.333 0
0.012 0.008 0.020
115.306 114.333 0
0.010 0.006 0.014
115.278 91.4667 0
0.008 0.004 0.012
138.367 114.333 0
0.012 0.008 0.020
138.4 137.2 0
0.015 0.010 0.022
115.333 137.2 0
0.013 0.007 0.016
115.306 114.333 0
0.010 0.006 0.014
115.25 68.6 0
0.007 0.003 0.009
115.278 91.4667 0
0.008 0.004 0.012
92.2222 91.4667 0
0.006 0.003 0.008
92.2 68.6 0
0.005 0.003 0.006
115.278 91.4667 0
0.008 0.004 0.012
115.306 114.333 0
0.010 0.006 0.014
92.2444 114.333 0
0.008 0.004 0.010
92.2222 91.4667 0
0.006 0.003 0.008
115.306 114.333 0
0.010 0.006 0.014
115.333 137.2 0
0.013 0.007 0.016
92.2667 137.2 0
0.010 0.006 0.011
92.2444 114.333 0
0.008 0.004 0.010
92.2 68.6 0
0.005 0.003 0.006
92.2222 91.4667 0
0.006 0.003 0.008
69.1667 91.4667 0
0.005 0.002 0.006
69.15 68.6 0
0.004 0.002 0.005
92.2222 91.4667 0
0.006 0.003 0.008
92.2444 114.333 0
0.008 0.004 0.010
69.1833 114.333 0
0.006 0.003 0.008
69.1667 91.4667 0
0.005 0.002 0.006
92.2444 114.333 0
0.008 0.004 0.010
92.2667 137.2 0
0.010 0.006 0.011
69.2 137.2 0
0.009 0.005 0.010
69.1833 114.333 0
0.006 0.003 0.008
138.4 137.2 0
0.015 0.010 0.022
138.433 160.067 0
0.019 0.013 0.026
115.361 160.067 0
0.016 0.010 0.019
115.333 137.2 0
0.013 0.007 0.016
138.433 160.067 0
0.019 0.013 0.026
138.467 182.933 0
0.027 0.020 0.032
115.389 182.933 0
0.022 0.014 0.023
115.361 160.067 0
0.016 0.010 0.019
138.467 182.933 0
0.027 0.020 0.032
138.5 205.8 0
0.037 0.029 0.040
115.417 205.8 0
0.031 0.023 0.031
115.389 182.933 0
0.022 0.014 0.023
115.333 137.2 0
0.013 0.007 0.016
115.361 160.067 0
0.016 0.010 0.019
92.2889 160.067 0
0.013 0.008 0.014
92.2667 137.2 0
0.010 0.006 0.011
115.361 160.067 0
0.016 0.010 0.019
115.389 182.933 0
0.022 0.014 0.023
92.3111 182.933 0
0.018 0.012 0.018
92.2889 160.067 0
0.013 0.008 0.014
115.389 182.933 0
0.022 0.014 0.023
115.417 205.8 0
0.031 0.023 0.031
92.3333 205.8 0
0.028 0.021 0.026
92.3111 182.933 0
0.018 0.012 0.018
92.2667 137.2 0
0.010 0.006 0.011
92.2889 160.067 0
0.013 0.008 0.014
69.2167 160.067 0
0.013 0.009 0.014
69.2 137.2 0
0.009 0.005 0.010
92.2889 160.067 0
0.013 0.008 0.014
92.3111 182.933 0
0.018 0.012 0.018
69.2333 182.933 0
0.020 0.015 0.020
69.2167 160.067 0
0.013 0.009 0.014
92.3111 182.933 0
0.018 0.012 0.018
92.3333 205.8 0
0.028 0.021 0.026
69.25 205.8 0
0.031 0.025 0.030
69.2333 182.933 0
0.020 0.015 0.020
138.5 205.8 0
0.037 0.029 0.040
138.533 228.667 0
0.049 0.039 0.049
115.444 228.667 0
0.049 0.039 0.046
115.417 205.8 0
0.031 0.023 0.031
138.533 228.667 0
0.049 0.039 0.049
138.567 251.533 0
0.127 0.115 0.124
115.472 251.533 0
0.138 0.126 0.133
115.444 228.667 0
0.049 0.039 0.046
138.567 251.533 0
0.127 0.115 0.124
138.6 274.4 0
0.232 0.219 0.226
115.5 274.4 0
0.232 0.219 0.224
115.472 251.533 0
0.138 0.126 0.133
115.417 205.8 0
0.031 0.023 0.031
115.444 228.667 0
0.049 0.039 0.046
92.3555 228.667 0
0.060 0.051 0.056
92.3333 205.8 0
0.028 0.021 0.026
115.444 228.667 0
0.049 0.039 0.046
115.472 251.533 0
0.138 0.126 0.133
92.3778 251.533 0
0.146 0.135 0.140
92.3555 228.667 0
0.060 0.051 0.056
115.472 251.533 0
0.138 0.126 0.133
115.5 274.4 0
0.232 0.219 0.224
92.4 274.4 0
0.217 0.206 0.210
92.3778 251.533 0
0.146 0.135 0.140
92.3333 205.8 0
0.028 0.021 0.026
92.3555 228.667 0
0.060 0.051 0.056
69.2667 228.667 0
0.085 0.078 0.083
69.25 205.8 0
0.031 0.025 0.030
92.3555 228.667 0
0.060 0.051 0.056
92.3778 251.533 0
0.146 0.135 0.140
69.2833 251.533 0
0.161 0.153 0.158
69.2667 228.667 0
0.085 0.078 0.083
92.3778 251.533 0
0.146 0.135 0.140
92.4 274.4 0
0.217 0.206 0.210
69.3 274.4 0
0.199 0.190 0.193
69.2833 251.533 0
0.161 0.153 0.158
138.6 274.4 0
0.232 0.219 0.226
138.633 297.267 0
0.278 0.264 0.270
115.528 297.267 0
0.266 0.252 0.256
115.5 274.4 0
0.232 0.219 0.224
138.633 297.267 0
0.278 0.264 0.270
138.667 320.133 0
0.372 0.356 0.361
115.556 320.133 0
0.355 0.339 0.342
115.528 297.267 0
0.266 0.252 0.256
138.667 320.133 0
0.372 0.356 0.361
138.7 343 0
0.476 0.457 0.462
115.583 343 0
0.438 0.419 0.422
115.556 320.133 0
0.355 0.339 0.342
115.5 274.4 0
0.232 0.219 0.224
115.528 297.267 0
0.266 0.252 0.256
92.4222 297.267 0
0.260 0.247 0.250
92.4 274.4 0
0.217 0.206 0.210
115.528 297.267 0
0.266 0.252 0.256
115.556 320.133 0
0.355 0.339 0.342
92.4444 320.133 0
0.340 0.325 0.328
92.4222 297.267 0
0.260 0.247 0.250
115.556 320.133 0
0.355 0.339 0.342
115.583 343 0
0.438 0.419 0.422
92.4667 343 0
0.398 0.380 0.382
92.4444 320.133 0
0.340 0.325 0.328
92.4 274.4 0
0.217 0.206 0.210
92.4222 297.267 0
0.260 0.247 0.250
69.3167 297.267 0
0.247 0.236 0.240
69.3 274.4 0
0.199 0.190 0.193
92.4222 297.267 0
0.260 0.247 0.250
92.4444 320.133 0
0.340 0.325 0.328
69.3333 320.133 0
0.318 0.305 0.308
69.3167 297.267 0
0.247 0.236 0.240
92.4444 320.133 0
0.340 0.325 0.328
92.4667 343 0
0.398 0.380 0.382
69.35 343 0
0.359 0.344 0.347
69.3333 320.133 0
0.318 0.305 0.308
138.7 343 0
0.476 0.457 0.462
138.733 365.867 0
0.555 0.534 0.538
115.611 365.867 0
0.514 0.494 0.496
115.583 343 0
0.438 0.419 0.422
138.733 365.867 0
0.555 0.534 0.538
138.767 388.733 0
0.689 0.667 0.670
115.639 388.733 0
0.642 0.621 0.623
115.611 365.867 0
0.514 0.494 0.496
138.767 388.733 0
0.689 0.667 0.670
138.8 411.6 0
0.785 0.762 0.764
115.667 411.6 0
0.713 0.691 0.692
115.639 388.733 0
0.642 0.621 0.623
115.583 343 0
0.438 0.419 0.422
115.611 365.867 0
0.514 0.494 0.496
92.4889 365.867 0
0.474 0.455 0.457
92.4667 343 0
0.398 0.380 0.382
115.611 365.867 0
0.514 0.494 0.496
115.639 388.733 0
0.642 0.621 0.623
92.5111 388.733 0
0.591 0.571 0.572
92.4889 365.867 0
0.474 0.455 0.457
115.639 388.733 0
0.642 0.621 0.623
115.667 411.6 0
0.713 0.691 0.692
92.5333 411.6 0
0.638 0.617 0.618
92.5111 388.733 0
0.591 0.571 0.572
92.4667 343 0
0.398 0.380 0.382
92.4889 365.867 0
0.474 0.455 0.457
69.3667 365.867 0
0.434 0.417 0.420
69.35 343 0
0.359 0.344 0.347
92.4889 365.867 0
0.474 0.455 0.457
92.5111 388.733 0
0.591 0.571 0.572
69.3833 388.733 0
0.529 0.512 0.514
69.3667 365.867 0
0.434 0.417 0.420
92.5111 388.733 0
0.591 0.571 0.572
92.5333 411.6 0
0.638 0.617 0.618
69.4 411.6 0
0.555 0.537 0.538
69.3833 388.733 0
0.529 0.512 0.514
138.8 411.6 0
0.785 0.762 0.764
138.833 434.467 0
0.758 0.736 0.736
115.694 434.467 0
0.677 0.654 0.655
115.667 411.6 0
0.713 0.691 0.692
138.833 434.467 0
0.758 0.736 0.736
138.867 457.333 0
0.666 0.644 0.644
115.722 457.333 0
0.591 0.569 0.569
115.694 434.467 0
0.677 0.654 0.655
138.867 457.333 0
0.666 0.644 0.644
138.9 480.2 0
0.547 0.526 0.527
115.75 480.2 0
0.483 0.462 0.462
115.722 457.333 0
0.591 0.569 0.569
115.667 411.6 0
0.713 0.691 0.692
115.694 434.467 0
0.677 0.654 0.655
92.5556 434.467 0
0.597 0.575 0.575
92.5333 411.6 0
0.638 0.617 0.618
115.694 434.467 0
0.677 0.654 0.655
115.722 457.333 0
0.591 0.569 0.569
92.5778 457.333 0
0.517 0.496 0.496
92.5556 434.467 0
0.597 0.575 0.575
115.722 457.333 0
0.591 0.569 0.569
115.75 480.2 0
0.483 0.462 0.462
92.6 480.2 0
0.421 0.401 0.401
92.5778 457.333 0
0.517 0.496 0.496
92.5333 411.6 0
0.638 0.617 0.618
92.5556 434.467 0
0.597 0.575 0.575
69.4167 434.467 0
0.514 0.495 0.496
69.4 411.6 0
0.555 0.537 0.538
92.5556 434.467 0
0.597 0.575 0.575
92.5778 457.333 0
0.517 0.496 0.496
69.4333 457.333 0
0.443 0.425 0.425
69.4167 434.467 0
0.514 0.495 0.496
92.5778 457.333 0
0.517 0.496 0.496
92.6 480.2 0
0.421 0.401 0.401
69.45 480.2 0
0.359 0.341 0.342
69.4333 457.333 0
0.443 0.425 0.425
138.9 480.2 0
0.547 0.526 0.527
138.933 503.067 0
0.431 0.411 0.411
115.778 503.067 0
0.378 0.359 0.359
115.75 480.2 0
0.483 0.462 0.462
138.933 503.067 0
0.431 0.411 0.411
138.967 525.933 0
0.331 0.314 0.314
115.806 525.933 0
0.290 0.273 0.273
115.778 503.067 0
0.378 0.359 0.359
138.967 525.933 0
0.331 0.314 0.314
139 548.8 0
0.278 0.262 0.262
115.833 548.8 0
0.244 0.227 0.227
115.806 525.933 0
0.290 0.273 0.273
115.75 480.2 0
0.483 0.462 0.462
115.778 503.067 0
0.378 0.359 0.359
92.6222 503.067 0
0.328 0.310 0.310
92.6 480.2 0
0.421 0.401 0.401
115.778 503.067 0
0.378 0.359 0.359
115.806 525.933 0
0.290 0.273 0.273
92.6445 525.933 0
0.251 0.235 0.235
92.6222 503.067 0
0.328 0.310 0.310
115.806 525.933 0
0.290 0.273 0.273
115.833 548.8 0
0.244 0.227 0.227
92.6667 548.8 0
0.211 0.196 0.195
92.6445 525.933 0
0.251 0.235 0.235
92.6 480.2 0
0.421 0.401 0.401
92.6222 503.067 0
0.328 0.310 0.310
69.4667 503.067 0
0.279 0.263 0.263
69.45 480.2 0
0.359 0.341 0.342
92.6222 503.067 0
0.328 0.310 0.310
92.6445 525.933 0
0.251 0.235 0.235
69.4833 525.933 0
0.213 0.199 0.199
69.4667 503.067 0
0.279 0.263 0.263
92.6445 525.933 0
0.251 0.235 0.235
92.6667 548.8 0
0.211 0.196 0.195
69.5 548.8 0
0.178 0.165 0.166
69.4833 525.933 0
0.213 0.199 0.199
69.1 0 0
0.002 0.001 0.001
69.1167 22.8667 0
0.003 0.001 0.002
46.0778 22.8667 0
0.002 0.001 0.002
46.0667 0 0
0.002 0.001 0.001
69.1167 22.8667 0
0.003 0.001 0.002
69.1333 45.7333 0
0.003 0.002 0.003
46.0889 45.7333 0
0.002 0.001 0.003
46.0778 22.8667 0
0.002 0.001 0.002
69.1333 45.7333 0
0.003 0.002 0.003
69.15 68.6 0
0.004 0.002 0.005
46.1 68.6 0
0.003 0.002 0.005
46.0889 45.7333 0
0.002 0.001 0.003
46.0667 0 0
0.002 0.001 0.001
46.0778 22.8667 0
0.002 0.001 0.002
23.0389 22.8667 0
0.001 0.001 0.002
23.0333 0 0
0.001 0.001 0.001
46.0778 22.8667 0
0.002 0.001 0.002
46.0889 45.7333 0
0.002 0.001 0.003
23.0444 45.7333 0
0.002 0.002 0.004
23.0389 22.8667 0
0.001 0.001 0.002
46.0889 45.7333 0
0.002 0.001 0.003
46.1 68.6 0
0.003 0.002 0.005
23.05 68.6 0
0.003 0.003 0.007
23.0444 45.7333 0
0.002 0.002 0.004
23.0333 0 0
0.001 0.001 0.001
23.0389 22.8667 0
0.001 0.001 0.002
0 22.8667 0
0.001 0.001 0.003
0 0 0
0.001 0.001 0.002
23.0389 22.8667 0
0.001 0.001 0.002
23.0444 45.7333 0
0.002 0.002 0.004
0 45.7333 0
0.002 0.002 0.005
0 22.8667 0
0.001 0.001 0.003
23.0444 45.7333 0
0.002 0.002 0.004
23.05 68.6 0
0.003 0.003 0.007
0 68.6 0
0.004 0.004 0.008
0 45.7333 0
0.002 0.002 0.005
69.15 68.6 0
0.004 0.002 0.005
69.1667 91.4667 0
0.005 0.002 0.006
46.1111 91.4667 0
0.004 0.003 0.007
46.1 68.6 0
0.003 0.002 0.005
69.1667 91.4667 0
0.005 0.002 0.006
69.1833 114.333 0
0.006 0.003 0.008
46.1222 114.333 0
0.006 0.004 0.009
46.1111 91.4667 0
0.004 0.003 0.007
69.1833 114.333 0
0.006 0.003 0.008
69.2 137.2 0
0.009 0.005 0.010
46.1333 137.2 0
0.010 0.008 0.013
46.1222 114.333 0
0.006 0.004 0.009
46.1 68.6 0
0.003 0.002 0.005
46.1111 91.4667 0
0.004 0.003 0.007
23.0556 91.4667 0
0.006 0.005 0.010
23.05 68.6 0
0.003 0.003 0.007
46.1111 91.4667 0
0.004 0.003 0.007
46.1222 114.333 0
0.006 0.004 0.009
23.0611 114.333 0
0.009 0.008 0.014
23.0556 91.4667 0
0.006 0.005 0.010
46.1222 114.333 0
0.006 0.004 0.009
46.1333 137.2 0
0.010 0.008 0.013
23.0667 137.2 0
0.013 0.012 0.019
23.0611 114.333 0
0.009 0.008 0.014
23.05 68.6 0
0.003 0.003 0.007
23.0556 91.4667 0
0.006 0.005 0.010
0 91.4667 0
0.007 0.007 0.012
0 68.6 0
0.004 0.004 0.008
23.0556 91.4667 0
0.006 0.005 0.010
23.0611 114.333 0
0.009 0.008 0.014
0 114.333 0
0.010 0.010 0.016
0 91.4667 0
0.007 0.007 0.012
23.0611 114.333 0
0.009 0.008 0.014
23.0667 137.2 0
0.013 0.012 0.019
0 137.2 0
0.015 0.014 0.021
0 114.333 0
0.010 0.010 0.016
69.2 137.2 0
0.009 0.005 0.010
69.2167 160.067 0
0.013 0.009 0.014
46.1444 160.067 0
0.016 0.013 0.019
46.1333 137.2 0
0.010 0.008 0.013
69.2167 160.067 0
0.013 0.009 0.014
69.2333 182.933 0
0.020 0.015 0.020
46.1556 182.933 0
0.024 0.020 0.026
46.1444 160.067 0
0.016 0.013 0.019
69.2333 182.933 0
0.020 0.015 0.020
69.25 205.8 0
0.031 0.025 0.030
46.1667 205.8 0
0.039 0.034 0.040
46.1556 182.933 0
0.024 0.020 0.026
46.1333 137.2 0
0.010 0.008 0.013
46.1444 160.067 0
0.016 0.013 0.019
23.0722 160.067 0
0.019 0.018 0.025
23.0667 137.2 0
0.013 0.012 0.019
46.1444 160.067 0
0.016 0.013 0.019
46.1556 182.933 0
0.024 0.020 0.026
23.0778 182.933 0
0.026 0.024 0.031
23.0722 160.067 0
0.019 0.018 0.025
46.1556 182.933 0
0.024 0.020 0.026
46.1667 205.8 0
0.039 0.034 0.040
23.0833 205.8 0
0.050 0.048 0.056
23.0778 182.933 0
0.026 0.024 0.031
23.0667 137.2 0
0.013 0.012 0.019
23.0722 160.067 0
0.019 0.018 0.025
0 160.067 0
0.020 0.019 0.027
0 137.2 0
0.015 0.014 0.021
23.0722 160.067 0
0.019 0.018 0.025
23.0778 182.933 0
0.026 0.024 0.031
0 182.933 0
0.026 0.025 0.033
0 160.067 0
0.020 0.019 0.027
23.0778 182.933 0
0.026 0.024 0.031
23.0833 205.8 0
0.050 0.048 0.056
0 205.8 0
0.056 0.056 0.064
0 182.933 0
0.026 0.025 0.033
69.25 205.8 0
0.031 0.025 0.030
69.2667 228.667 0
0.085 0.078 0.083
46.1778 228.667 0
0.104 0.100 0.105
46.1667 205.8 0
0.039 0.034 0.040
69.2667 228.667 0
0.085 0.078 0.083
69.2833 251.533 0
0.161 0.153 0.158
46.1889 251.533 0
0.166 0.161 0.166
46.1778 228.667 0
0.104 0.100 0.105
69.2833 251.533 0
0.161 0.153 0.158
69.3 274.4 0
0.199 0.190 0.193
46.2 274.4 0
0.179 0.173 0.178
46.1889 251.533 0
0.166 0.161 0.166
46.1667 205.8 0
0.039 0.034 0.040
46.1778 228.667 0
0.104 0.100 0.105
23.0889 228.667 0
0.111 0.108 0.116
23.0833 205.8 0
0.050 0.048 0.056
46.1778 228.667 0
0.104 0.100 0.105
46.1889 251.533 0
0.166 0.161 0.166
23.0944 251.533 0
0.152 0.149 0.156
23.0889 228.667 0
0.111 0.108 0.116
46.1889 251.533 0
0.166 0.161 0.166
46.2 274.4 0
0.179 0.173 0.178
23.1 274.4 0
0.162 0.159 0.166
23.0944 251.533 0
0.152 0.149 0.156
23.0833 205.8 0
0.050 0.048 0.056
23.0889 228.667 0
0.111 0.108 0.116
0 228.667 0
0.113 0.112 0.120
0 205.8 0
0.056 0.056 0.064
23.0889 228.667 0
0.111 0.108 0.116
23.0944 251.533 0
0.152 0.149 0.156
0 251.533 0
0.143 0.142 0.150
0 228.667 0
0.113 0.112 0.120
23.0944 251.533 0
0.152 0.149 0.156
23.1 274.4 0
0.162 0.159 0.166
0 274.4 0
0.155 0.155 0.161
0 251.533 0
0.143 0.142 0.150
69.3 274.4 0
0.199 0.190 0.193
69.3167 297.267 0
0.247 0.236 0.240
46.2111 297.267 0
0.230 0.222 0.227
46.2 274.4 0
0.179 0.173 0.178
69.3167 297.267 0
0.247 0.236 0.240
69.3333 320.133 0
0.318 0.305 0.308
46.2222 320.133 0
0.289 0.280 0.284
46.2111 297.267 0
0.230 0.222 0.227
69.3333 320.133 0
0.318 0.305 0.308
69.35 343 0
0.359 0.344 0.347
46.2333 343 0
0.326 0.315 0.319
46.2222 320.133 0
0.289 0.280 0.284
46.2 274.4 0
0.179 0.173 0.178
46.2111 297.267 0
0.230 0.222 0.227
23.1056 297.267 0
0.218 0.215 0.221
23.1 274.4 0
0.162 0.159 0.166
46.2111 297.267 0
0.230 0.222 0.227
46.2222 320.133 0
0.289 0.280 0.284
23.1111 320.133 0
0.285 0.281 0.287
23.1056 297.267 0
0.218 0.215 0.221
46.2222 320.133 0
0.289 0.280 0.284
46.2333 343 0
0.326 0.315 0.319
23.1167 343 0
0.326 0.322 0.327
23.1111 320.133 0
0.285 0.281 0.287
23.1 274.4 0
0.162 0.159 0.166
23.1056 297.267 0
0.218 0.215 0.221
0 297.267 0
0.215 0.214 0.220
0 274.4 0
0.155 0.155 0.161
23.1056 297.267 0
0.218 0.215 0.221
23.1111 320.133 0
0.285 0.281 0.287
0 320.133 0
0.295 0.293 0.299
0 297.267 0
0.215 0.214 0.220
23.1111 320.133 0
0.285 0.281 0.287
23.1167 343 0
0.326 0.322 0.327
0 343 0
0.338 0.337 0.342
0 320.133 0
0.295 0.293 0.299
69.35 343 0
0.359 0.344 0.347
69.3667 365.867 0
0.434 0.417 0.420
46.2444 365.867 0
0.396 0.384 0.388
46.2333 343 0
0.326 0.315 0.319
69.3667 365.867 0
0.434 0.417 0.420
69.3833 388.733 0
0.529 0.512 0.514
46.2556 388.733 0
0.465 0.452 0.455
46.2444 365.867 0
0.396 0.384 0.388
69.3833 388.733 0
0.529 0.512 0.514
69.4 411.6 0
0.555 0.537 0.538
46.2667 411.6 0
0.478 0.465 0.467
46.2556 388.733 0
0.465 0.452 0.455
46.2333 343 0
0.326 0.315 0.319
46.2444 365.867 0
0.396 0.384 0.388
23.1222 365.867 0
0.373 0.368 0.372
23.1167 343 0
0.326 0.322 0.327
46.2444 365.867 0
0.396 0.384 0.388
46.2556 388.733 0
0.465 0.452 0.455
23.1278 388.733 0
0.411 0.405 0.409
23.1222 365.867 0
0.373 0.368 0.372
46.2556 388.733 0
0.465 0.452 0.455
46.2667 411.6 0
0.478 0.465 0.467
23.1333 411.6 0
0.415 0.409 0.413
23.1278 388.733 0
0.411 0.405 0.409
23.1167 343 0
0.326 0.322 0.327
23.1222 365.867 0
0.373 0.368 0.372
0 365.867 0
0.362 0.360 0.365
0 343 0
0.338 0.337 0.342
23.1222 365.867 0
0.373 0.368 0.372
23.1278 388.733 0
0.411 0.405 0.409
0 388.733 0
0.382 0.380 0.385
0 365.867 0
0.362 0.360 0.365
23.1278 388.733 0
0.411 0.405 0.409
23.1333 411.6 0
0.415 0.409 0.413
0 411.6 0
0.381 0.379 0.384
0 388.733 0
0.382 0.380 0.385
69.4 411.6 0
0.555 0.537 0.538
69.4167 434.467 0
0.514 0.495 0.496
46.2778 434.467 0
0.439 0.425 0.427
46.2667 411.6 0
0.478 0.465 0.467
69.4167 434.467 0
0.514 0.495 0.496
69.4333 457.333 0
0.443 0.425 0.425
46.2889 457.333 0
0.376 0.363 0.365
46.2778 434.467 0
0.439 0.425 0.427
69.4333 457.333 0
0.443 0.425 0.425
69.45 480.2 0
0.359 0.341 0.342
46.3 480.2 0
0.303 0.291 0.292
46.2889 457.333 0
0.376 0.363 0.365
46.2667 411.6 0
0.478 0.465 0.467
46.2778 434.467 0
0.439 0.425 0.427
23.1389 434.467 0
0.378 0.371 0.375
23.1333 411.6 0
0.415 0.409 0.413
46.2778 434.467 0
0.439 0.425 0.427
46.2889 457.333 0
0.376 0.363 0.365
23.1444 457.333 0
0.322 0.315 0.318
23.1389 434.467 0
0.378 0.371 0.375
46.2889 457.333 0
0.376 0.363 0.365
46.3 480.2 0
0.303 0.291 0.292
23.15 480.2 0
0.257 0.251 0.254
23.1444 457.333 0
0.322 0.315 0.318
23.1333 411.6 0
0.415 0.409 0.413
23.1389 434.467 0
0.378 0.371 0.375
0 434.467 0
0.345 0.343 0.347
0 411.6 0
0.381 0.379 0.384
23.1389 434.467 0
0.378 0.371 0.375
23.1444 457.333 0
0.322 0.315 0.318
0 457.333 0
0.293 0.291 0.294
0 434.467 0
0.345 0.343 0.347
23.1444 457.333 0
0.322 0.315 0.318
23.15 480.2 0
0.257 0.251 0.254
0 480.2 0
0.233 0.231 0.234
0 457.333 0
0.293 0.291 0.294
69.45 480.2 0
0.359 0.341 0.342
69.4667 503.067 0
0.279 0.263 0.263
46.3111 503.067 0
0.234 0.223 0.225
46.3 480.2 0
0.303 0.291 0.292
69.4667 503.067 0
0.279 0.263 0.263
69.4833 525.933 0
0.213 0.199 0.199
46.3222 525.933 0
0.178 0.169 0.170
46.3111 503.067 0
0.234 0.223 0.225
69.4833 525.933 0
0.213 0.199 0.199
69.5 548.8 0
0.178 0.165 0.166
46.3333 548.8 0
0.149 0.140 0.142
46.3222 525.933 0
0.178 0.169 0.170
46.3 480.2 0
0.303 0.291 0.292
46.3111 503.067 0
0.234 0.223 0.225
23.1556 503.067 0
0.197 0.192 0.195
23.15 480.2 0
0.257 0.251 0.254
46.3111 503.067 0
0.234 0.223 0.225
46.3222 525.933 0
0.178 0.169 0.170
23.1611 525.933 0
0.149 0.145 0.147
23.1556 503.067 0
0.197 0.192 0.195
46.3222 525.933 0
0.178 0.169 0.170
46.3333 548.8 0
0.149 0.140 0.142
23.1667 548.8 0
0.124 0.120 0.123
23.1611 525.933 0
0.149 0.145 0.147
23.15 480.2 0
0.257 0.251 0.254
23.1556 503.067 0
0.197 0.192 0.195
0 503.067 0
0.178 0.176 0.179
0 480.2 0
0.233 0.231 0.234
23.1556 503.067 0
0.197 0.192 0.195
23.1611 525.933 0
0.149 0.145 0.147
0 525.933 0
0.134 0.133 0.135
0 503.067 0
0.178 0.176 0.179
23.1611 525.933 0
0.149 0.145 0.147
23.1667 548.8 0
0.124 0.120 0.123
0 548.8 0
0.111 0.110 0.113
0 525.933 0
0.134 0.133 0.135
0 0 0
0.002 0.000 0.000
0 22.8667 0
0.002 0.000 0.000
0 22.8667 23.3
0.003 0.000 0.000
0 0 23.3
0.002 0.000 0.000
0 22.8667 0
0.002 0.000 0.000
0 45.7333 0
0.003 0.000 0.000
0 45.7333 23.3
0.003 0.000 0.000
0 22.8667 23.3
0.003 0.000 0.000
0 45.7333 0
0.003 0.000 0.000
0 68.6 0
0.005 0.000 0.000
0 68.6 23.3
0.005 0.000 0.000
0 45.7333 23.3
0.003 0.000 0.000
0 0 23.3
0.002 0.000 0.000
0 22.8667 23.3
0.003 0.000 0.000
0 22.8667 46.6
0.004 0.000 0.000
0 0 46.6
0.003 0.000 0.000
0 22.8667 23.3
0.003 0.000 0.000
0 45.7333 23.3
0.003 0.000 0.000
0 45.7333 46.6
0.005 0.000 0.000
0 22.8667 46.6
0.004 0.000 0.000
0 45.7333 23.3
0.003 0.000 0.000
0 68.6 23.3
0.005 0.000 0.000
0 68.6 46.6
0.007 0.000 0.000
0 45.7333 46.6
0.005 0.000 0.000
0 0 46.6
0.003 0.000 0.000
0 22.8667 46.6
0.004 0.000 0.000
0 22.8667 69.9
0.005 0.000 0.000
0 0 69.9
0.004 0.000 0.000
0 22.8667 46.6
0.004 0.000 0.000
0 45.7333 46.6
0.005 0.000 0.000
0 45.7333 69.9
0.006 0.000 0.000
0 22.8667 69.9
0.005 0.000 0.000
0 45.7333 46.6
0.005 0.000 0.000
0 68.6 46.6
0.007 0.000 0.000
0 68.6 69.9
0.008 0.000 0.000
0 45.7333 69.9
0.006 0.000 0.000
0 68.6 0
0.005 0.000 0.000
0 91.4667 0
0.008 0.000 0.000
0 91.4667 23.3
0.008 0.000 0.000
0 68.6 23.3
0.005 0.000 0.000
0 91.4667 0
0.008 0.000 0.000
0 114.333 0
0.011 0.000 0.000
0 114.333 23.3
0.012 0.000 0.000
0 91.4667 23.3
0.008 0.000 0.000
0 114.333 0
0.011 0.000 0.000
0 137.2 0
0.015 0.000 0.000
0 137.2 23.3
0.017 0.000 0.000
0 114.333 23.3
0.012 0.000 0.000
0 68.6 23.3
0.005 0.000 0.000
0 91.4667 23.3
0.008 0.000 0.000
0 91.4667 46.6
0.010 0.000 0.000
0 68.6 46.6
0.007 0.000 0.000
0 91.4667 23.3
0.008 0.000 0.000
0 114.333 23.3
0.012 0.000 0.000
0 114.333 46.6
0.014 0.000 0.000
0 91.4667 46.6
0.010 0.000 0.000
0 114.333 23.3
0.012 0.000 0.000
0 137.2 23.3
0.017 0.000 0.000
0 137.2 46.6
0.020 0.000 0.000
0 114.333 46.6
0.014 0.000 0.000
0 68.6 46.6
0.007 0.000 0.000
0 91.4667 46.6
0.010 0.000 0.000
0 91.4667 69.9
0.011 0.000 0.000
0 68.6 69.9
0.008 0.000 0.000
0 91.4667 46.6
0.010 0.000 0.000
0 114.333 46.6
0.014 0.000 0.000
0 114.333 69.9
0.016 0.000 0.000
0 91.4667 69.9
0.011 0.000 0.000
0 114.333 46.6
0.014 0.000 0.000
0 137.2 46.6
0.020 0.000 0.000
0 137.2 69.9
0.022 0.000 0.000
0 114.333 69.9
0.016 0.000 0.000
0 137.2 0
0.015 0.000 0.000
0 160.067 0
0.021 0.000 0.000
0 160.067 23.3
0.023 0.000 0.000
0 137.2 23.3
0.017 0.000 0.000
0 160.067 0
0.021 0.000 0.000
0 182.933 0
0.028 0.000 0.000
0 182.933 23.3
0.031 0.000 0.000
0 160.067 23.3
0.023 0.000 0.000
0 182.933 0
0.028 0.000 0.000
0 205.8 0
0.046 0.000 0.000
0 205.8 23.3
0.046 0.000 0.000
0 182.933 23.3
0.031 0.000 0.000
0 137.2 23.3
0.017 0.000 0.000
0 160.067 23.3
0.023 0.000 0.000
0 160.067 46.6
0.027 0.000 0.000
0 137.2 46.6
0.020 0.000 0.000
0 160.067 23.3
0.023 0.000 0.000
0 182.933 23.3
0.031 0.000 0.000
0 182.933 46.6
0.037 0.000 0.000
0 160.067 46.6
0.027 0.000 0.000
0 182.933 23.3
0.031 0.000 0.000
0 205.8 23.3
0.046 0.000 0.000
0 205.8 46.6
0.050 0.000 0.000
0 182.933 46.6
0.037 0.000 0.000
0 137.2 46.6
0.020 0.000 0.000
0 160.067 46.6
0.027 0.000 0.000
0 160.067 69.9
0.030 0.000 0.000
0 137.2 69.9
0.022 0.000 0.000
0 160.067 46.6
0.027 0.000 0.000
0 182.933 46.6
0.037 0.000 0.000
0 182.933 69.9
0.041 0.000 0.000
0 160.067 69.9
0.030 0.000 0.000
0 182.933 46.6
0.037 0.000 0.000
0 205.8 46.6
0.050 0.000 0.000
0 205.8 69.9
0.056 0.000 0.000
0 182.933 69.9
0.041 0.000 0.000
0 205.8 0
0.046 0.000 0.000
0 228.667 0
0.097 0.000 0.000
0 228.667 23.3
0.083 0.000 0.000
0 205.8 23.3
0.046 0.000 0.000
0 228.667 0
0.097 0.000 0.000
0 251.533 0
0.142 0.000 0.000
0 251.533 23.3
0.137 0.000 0.000
0 228.667 23.3
0.083 0.000 0.000
0 251.533 0
0.142 0.000 0.000
0 274.4 0
0.174 0.000 0.000
0 274.4 23.3
0.203 0.000 0.000
0 251.533 23.3
0.137 0.000 0.000
0 205.8 23.3
0.046 0.000 0.000
0 228.667 23.3
0.083 0.000 0.000
0 228.667 46.6
0.069 0.000 0.000
0 205.8 46.6
0.050 0.000 0.000
0 228.667 23.3
0.083 0.000 0.000
0 251.533 23.3
0.137 0.000 0.000
0 251.533 46.6
0.117 0.000 0.000
0 228.667 46.6
0.069 0.000 0.000
0 251.533 23.3
0.137 0.000 0.000
0 274.4 23.3
0.203 0.000 0.000
0 274.4 46.6
0.229 0.000 0.000
0 251.533 46.6
0.117 0.000 0.000
0 205.8 46.6
0.050 0.000 0.000
0 228.667 46.6
0.069 0.000 0.000
0 228.667 69.9
0.071 0.000 0.000
0 205.8 69.9
0.056 0.000 0.000
0 228.667 46.6
0.069 0.000 0.000
0 251.533 46.6
0.117 0.000 0.000
0 251.533 69.9
0.111 0.000 0.000
0 228.667 69.9
0.071 0.000 0.000
0 251.533 46.6
0.117 0.000 0.000
0 274.4 46.6
0.229 0.000 0.000
0 274.4 69.9
0.216 0.000 0.000
0 251.533 69.9
0.111 0.000 0.000
0 274.4 0
0.174 0.000 0.000
0 297.267 0
0.283 0.000 0.000
0 297.267 23.3
0.303 0.000 0.000
0 274.4 23.3
0.203 0.000 0.000
0 297.267 0
0.283 0.000 0.000
0 320.133 0
0.372 0.000 0.000
0 320.133 23.3
0.390 0.000 0.000
0 297.267 23.3
0.303 0.000 0.000
0 320.133 0
0.372 0.000 0.000
0 343 0
0.383 0.000 0.000
0 343 23.3
0.422 0.000 0.000
0 320.133 23.3
0.390 0.000 0.000
0 274.4 23.3
0.203 0.000 0.000
0 297.267 23.3
0.303 0.000 0.000
0 297.267 46.6
0.336 0.000 0.000
0 274.4 46.6
0.229 0.000 0.000
0 297.267 23.3
0.303 0.000 0.000
0 320.133 23.3
0.390 0.000 0.000
0 320.133 46.6
0.406 0.000 0.000
0 297.267 46.6
0.336 0.000 0.000
0 320.133 23.3
0.390 0.000 0.000
0 343 23.3
0.422 0.000 0.000
0 343 46.6
0.469 0.000 0.000
0 320.133 46.6
0.406 0.000 0.000
0 274.4 46.6
0.229 0.000 0.000
0 297.267 46.6
0.336 0.000 0.000
0 297.267 69.9
0.331 0.000 0.000
0 274.4 69.9
0.216 0.000 0.000
0 297.267 46.6
0.336 0.000 0.000
0 320.133 46.6
0.406 0.000 0.000
0 320.133 69.9
0.399 0.000 0.000
0 297.267 69.9
0.331 0.000 0.000
0 320.133 46.6
0.406 0.000 0.000
0 343 46.6
0.469 0.000 0.000
0 343 69.9
0.466 0.000 0.000
0 320.133 69.9
0.399 0.000 0.000
0 343 0
0.383 0.000 0.000
0 365.867 0
0.410 0.000 0.000
0 365.867 23.3
0.446 0.000 0.000
0 343 23.3
0.422 0.000 0.000
0 365.867 0
0.410 0.000 0.000
0 388.733 0
0.433 0.000 0.000
0 388.733 23.3
0.473 0.000 0.000
0 365.867 23.3
0.446 0.000 0.000
0 388.733 0
0.433 0.000 0.000
0 411.6 0
0.424 0.000 0.000
0 411.6 23.3
0.473 0.000 0.000
0 388.733 23.3
0.473 0.000 0.000
0 343 23.3
0.422 0.000 0.000
0 365.867 23.3
0.446 0.000 0.000
0 365.867 46.6
0.504 0.000 0.000
0 343 46.6
0.469 0.000 0.000
0 365.867 23.3
0.446 0.000 0.000
0 388.733 23.3
0.473 0.000 0.000
0 388.733 46.6
0.528 0.000 0.000
0 365.867 46.6
0.504 0.000 0.000
0 388.733 23.3
0.473 0.000 0.000
0 411.6 23.3
0.473 0.000 0.000
0 411.6 46.6
0.542 0.000 0.000
0 388.733 46.6
0.528 0.000 0.000
0 343 46.6
0.469 0.000 0.000
0 365.867 46.6
0.504 0.000 0.000
0 365.867 69.9
0.527 0.000 0.000
0 343 69.9
0.466 0.000 0.000
0 365.867 46.6
0.504 0.000 0.000
0 388.733 46.6
0.528 0.000 0.000
0 388.733 69.9
0.551 0.000 0.000
0 365.867 69.9
0.527 0.000 0.000
0 388.733 46.6
0.528 0.000 0.000
0 411.6 46.6
0.542 0.000 0.000
0 411.6 69.9
0.574 0.000 0.000
0 388.733 69.9
0.551 0.000 0.000
0 411.6 0
0.424 0.000 0.000
0 434.467 0
0.398 0.000 0.000
0 434.467 23.3
0.445 0.000 0.000
0 411.6 23.3
0.473 0.000 0.000
0 434.467 0
0.398 0.000 0.000
0 457.333 0
0.341 0.000 0.000
0 457.333 23.3
0.383 0.000 0.000
0 434.467 23.3
0.445 0.000 0.000
0 457.333 0
0.341 0.000 0.000
0 480.2 0
0.255 0.000 0.000
0 480.2 23.3
0.291 0.000 0.000
0 457.333 23.3
0.383 0.000 0.000
0 411.6 23.3
0.473 0.000 0.000
0 434.467 23.3
0.445 0.000 0.000
0 434.467 46.6
0.517 0.000 0.000
0 411.6 46.6
0.542 0.000 0.000
0 434.467 23.3
0.445 0.000 0.000
0 457.333 23.3
0.383 0.000 0.000
0 457.333 46.6
0.447 0.000 0.000
0 434.467 46.6
0.517 0.000 0.000
0 457.333 23.3
0.383 0.000 0.000
0 480.2 23.3
0.291 0.000 0.000
0 480.2 46.6
0.353 0.000 0.000
0 457.333 46.6
0.447 0.000 0.000
0 411.6 46.6
0.542 0.000 0.000
0 434.467 46.6
0.517 0.000 0.000
0 434.467 69.9
0.563 0.000 0.000
0 411.6 69.9
0.574 0.000 0.000
0 434.467 46.6
0.517 0.000 0.000
0 457.333 46.6
0.447 0.000 0.000
0 457.333 69.9
0.491 0.000 0.000
0 434.467 69.9
0.563 0.000 0.000
0 457.333 46.6
0.447 0.000 0.000
0 480.2 46.6
0.353 0.000 0.000
0 480.2 69.9
0.399 0.000 0.000
0 457.333 69.9
0.491 0.000 0.000
0 480.2 0
0.255 0.000 0.000
0 503.067 0
0.185 0.000 0.000
0 503.067 23.3
0.214 0.000 0.000
0 480.2 23.3
0.291 0.000 0.000
0 503.067 0
0.185 0.000 0.000
0 525.933 0
0.137 0.000 0.000
0 525.933 23.3
0.159 0.000 0.000
0 503.067 23.3
0.214 0.000 0.000
0 525.933 0
0.137 0.000 0.000
0 548.8 0
0.115 0.000 0.000
0 548.8 23.3
0.133 0.000 0.000
0 525.933 23.3
0.159 0.000 0.000
0 480.2 23.3
0.291 0.000 0.000
0 503.067 23.3
0.214 0.000 0.000
0 503.067 46.6
0.268 0.000 0.000
0 480.2 46.6
0.353 0.000 0.000
0 503.067 23.3
0.214 0.000 0.000
0 525.933 23.3
0.159 0.000 0.000
0 525.933 46.6
0.201 0.000 0.000
0 503.067 46.6
0.268 0.000 0.000
0 525.933 23.3
0.159 0.000 0.000
0 548.8 23.3
0.133 0.000 0.000
0 548.8 46.6
0.170 0.000 0.000
0 525.933 46.6
0.201 0.000 0.000
0 480.2 46.6
0.353 0.000 0.000
0 503.067 46.6
0.268 0.000 0.000
0 503.067 69.9
0.311 0.000 0.000
0 480.2 69.9
0.399 0.000 0.000
0 503.067 46.6
0.268 0.000 0.000
0 525.933 46.6
0.201 0.000 0.000
0 525.933 69.9
0.238 0.000 0.000
0 503.067 69.9
0.311 0.000 0.000
0 525.933 46.6
0.201 0.000 0.000
0 548.8 46.6
0.170 0.000 0.000
0 548.8 69.9
0.203 0.000 0.000
0 525.933 69.9
0.238 0.000 0.000
0 0 69.9
0.004 0.000 0.000
0 22.8667 69.9
0.005 0.000 0.000
0 22.8667 93.2
0.005 0.000 0.000
0 0 93.2
0.004 0.000 0.000
0 22.8667 69.9
0.005 0.000 0.000
0 45.7333 69.9
0.006 0.000 0.000
0 45.7333 93.2
0.006 0.000 0.000
0 22.8667 93.2
0.005 0.000 0.000
0 45.7333 69.9
0.006 0.000 0.000
0 68.6 69.9
0.008 0.000 0.000
0 68.6 93.2
0.008 0.000 0.000
0 45.7333 93.2
0.006 0.000 0.000
0 0 93.2
0.004 0.000 0.000
0 22.8667 93.2
0.005 0.000 0.000
0 22.8667 116.5
0.004 0.000 0.000
0 0 116.5
0.004 0.000 0.000
0 22.8667 93.2
0.005 0.000 0.000
0 45.7333 93.2
0.006 0.000 0.000
0 45.7333 116.5
0.006 0.000 0.000
0 22.8667 116.5
0.004 0.000 0.000
0 45.7333 93.2
0.006 0.000 0.000
0 68.6 93.2
0.008 0.000 0.000
0 68.6 116.5
0.007 0.000 0.000
0 45.7333 116.5
0.006 0.000 0.000
0 0 116.5
0.004 0.000 0.000
0 22.8667 116.5
0.004 0.000 0.000
0 22.8667 139.8
0.005 0.000 0.000
0 0 139.8
0.004 0.000 0.000
0 22.8667 116.5
0.004 0.000 0.000
0 45.7333 116.5
0.006 0.000 0.000
0 45.7333 139.8
0.006 0.000 0.000
0 22.8667 139.8
0.005 0.000 0.000
0 45.7333 116.5
0.006 0.000 0.000
0 68.6 116.5
0.007 0.000 0.000
0 68.6 139.8
0.007 0.000 0.000
0 45.7333 139.8
0.006 0.000 0.000
0 68.6 69.9
0.008 0.000 0.000
0 91.4667 69.9
0.011 0.000 0.000
0 91.4667 93.2
0.011 0.000 0.000
0 68.6 93.2
0.008 0.000 0.000
0 91.4667 69.9
0.011 0.000 0.000
0 114.333 69.9
0.016 0.000 0.000
0 114.333 93.2
0.015 0.000 0.000
0 91.4667 93.2
0.011 0.000 0.000
0 114.333 69.9
0.016 0.000 0.000
0 137.2 69.9
0.022 0.000 0.000
0 137.2 93.2
0.022 0.000 0.000
0 114.333 93.2
0.015 0.000 0.000
0 68.6 93.2
0.008 0.000 0.000
0 91.4667 93.2
0.011 0.000 0.000
0 91.4667 116.5
0.010 0.000 0.000
0 68.6 116.5
0.007 0.000 0.000
0 91.4667 93.2
0.011 0.000 0.000
0 114.333 93.2
0.015 0.000 0.000
0 114.333 116.5
0.014 0.000 0.000
0 91.4667 116.5
0.010 0.000 0.000
0 114.333 93.2
0.015 0.000 0.000
0 137.2 93.2
0.022 0.000 0.000
0 137.2 116.5
0.020 0.000 0.000
0 114.333 116.5
0.014 0.000 0.000
0 68.6 116.5
0.007 0.000 0.000
0 91.4667 116.5
0.010 0.000 0.000
0 91.4667 139.8
0.009 0.000 0.000
0 68.6 139.8
0.007 0.000 0.000
0 91.4667 116.5
0.010 0.000 0.000
0 114.333 116.5
0.014 0.000 0.000
0 114.333 139.8
0.012 0.000 0.000
0 91.4667 139.8
0.009 0.000 0.000
0 114.333 116.5
0.014 0.000 0.000
0 137.2 116.5
0.020 0.000 0.000
0 137.2 139.8
0.018 0.000 0.000
0 114.333 139.8
0.012 0.000 0.000
0 137.2 69.9
0.022 0.000 0.000
0 160.067 69.9
0.030 0.000 0.000
0 160.067 93.2
0.030 0.000 0.000
0 137.2 93.2
0.022 0.000 0.000
0 160.067 69.9
0.030 0.000 0.000
0 182.933 69.9
0.041 0.000 0.000
0 182.933 93.2
0.042 0.000 0.000
0 160.067 93.2
0.030 0.000 0.000
0 182.933 69.9
0.041 0.000 0.000
0 205.8 69.9
0.056 0.000 0.000
0 205.8 93.2
0.058 0.000 0.000
0 182.933 93.2
0.042 0.000 0.000
0 137.2 93.2
0.022 0.000 0.000
0 160.067 93.2
0.030 0.000 0.000
0 160.067 116.5
0.028 0.000 0.000
0 137.2 116.5
0.020 0.000 0.000
0 160.067 93.2
0.030 0.000 0.000
0 182.933 93.2
0.042 0.000 0.000
0 182.933 116.5
0.040 0.000 0.000
0 160.067 116.5
0.028 0.000 0.000
0 182.933 93.2
0.042 0.000 0.000
0 205.8 93.2
0.058 0.000 0.000
0 205.8 116.5
0.055 0.000 0.000
0 182.933 116.5
0.040 0.000 0.000
0 137.2 116.5
0.020 0.000 0.000
0 160.067 116.5
0.028 0.000 0.000
0 160.067 139.8
0.026 0.000 0.000
0 137.2 139.8
0.018 0.000 0.000
0 160.067 116.5
0.028 0.000 0.000
0 182.933 116.5
0.040 0.000 0.000
0 182.933 139.8
0.036 0.000 0.000
0 160.067 139.8
0.026 0.000 0.000
0 182.933 116.5
0.040 0.000 0.000
0 205.8 116.5
0.055 0.000 0.000
0 205.8 139.8
0.056 0.000 0.000
0 182.933 139.8
0.036 0.000 0.000
0 205.8 69.9
0.056 0.000 0.000
0 228.667 69.9
0.071 0.000 0.000
0 228.667 93.2
0.079 0.000 0.000
0 205.8 93.2
0.058 0.000 0.000
0 228.667 69.9
0.071 0.000 0.000
0 251.533 69.9
0.111 0.000 0.000
0 251.533 93.2
0.138 0.000 0.000
0 228.667 93.2
0.079 0.000 0.000
0 251.533 69.9
0.111 0.000 0.000
0 274.4 69.9
0.216 0.000 0.000
0 274.4 93.2
0.213 0.000 0.000
0 251.533 93.2
0.138 0.000 0.000
0 205.8 93.2
0.058 0.000 0.000
0 228.667 93.2
0.079 0.000 0.000
0 228.667 116.5
0.097 0.000 0.000
0 205.8 116.5
0.055 0.000 0.000
0 228.667 93.2
0.079 0.000 0.000
0 251.533 93.2
0.138 0.000 0.000
0 251.533 116.5
0.170 0.000 0.000
0 228.667 116.5
0.097 0.000 0.000
0 251.533 93.2
0.138 0.000 0.000
0 274.4 93.2
0.213 0.000 0.000
0 274.4 116.5
0.227 0.000 0.000
0 251.533 116.5
0.170 0.000 0.000
0 205.8 116.5
0.055 0.000 0.000
0 228.667 116.5
0.097 0.000 0.000
0 228.667 139.8
0.125 0.000 0.000
0 205.8 139.8
0.056 0.000 0.000
0 228.667 116.5
0.097 0.000 0.000
0 251.533 116.5
0.170 0.000 0.000
0 251.533 139.8
0.200 0.000 0.000
0 228.667 139.8
0.125 0.000 0.000
0 251.533 116.5
0.170 0.000 0.000
0 274.4 116.5
0.227 0.000 0.000
0 274.4 139.8
0.236 0.000 0.000
0 251.533 139.8
0.200 0.000 0.000
0 274.4 69.9
0.216 0.000 0.000
0 297.267 69.9
0.331 0.000 0.000
0 297.267 93.2
0.286 0.000 0.000
0 274.4 93.2
0.213 0.000 0.000
0 297.267 69.9
0.331 0.000 0.000
0 320.133 69.9
0.399 0.000 0.000
0 320.133 93.2
0.378 0.000 0.000
0 297.267 93.2
0.286 0.000 0.000
0 320.133 69.9
0.399 0.000 0.000
0 343 69.9
0.466 0.000 0.000
0 343 93.2
0.455 0.000 0.000
0 320.133 93.2
0.378 0.000 0.000
0 274.4 93.2
0.213 0.000 0.000
0 297.267 93.2
0.286 0.000 0.000
0 297.267 116.5
0.260 0.000 0.000
0 274.4 116.5
0.227 0.000 0.000
0 297.267 93.2
0.286 0.000 0.000
0 320.133 93.2
0.378 0.000 0.000
0 320.133 116.5
0.365 0.000 0.000
0 297.267 116.5
0.260 0.000 0.000
0 320.133 93.2
0.378 0.000 0.000
0 343 93.2
0.455 0.000 0.000
0 343 116.5
0.466 0.000 0.000
0 320.133 116.5
0.365 0.000 0.000
0 274.4 116.5
0.227 0.000 0.000
0 297.267 116.5
0.260 0.000 0.000
0 297.267 139.8
0.281 0.000 0.000
0 274.4 139.8
0.236 0.000 0.000
0 297.267 116.5
0.260 0.000 0.000
0 320.133 116.5
0.365 0.000 0.000
0 320.133 139.8
0.401 0.000 0.000
0 297.267 139.8
0.281 0.000 0.000
0 320.133 116.5
0.365 0.000 0.000
0 343 116.5
0.466 0.000 0.000
0 343 139.8
0.503 0.000 0.000
0 320.133 139.8
0.401 0.000 0.000
0 343 69.9
0.466 0.000 0.000
0 365.867 69.9
0.527 0.000 0.000
0 365.867 93.2
0.533 0.000 0.000
0 343 93.2
0.455 0.000 0.000
0 365.867 69.9
0.527 0.000 0.000
0 388.733 69.9
0.551 0.000 0.000
0 388.733 93.2
0.585 0.000 0.000
0 365.867 93.2
0.533 0.000 0.000
0 388.733 69.9
0.551 0.000 0.000
0 411.6 69.9
0.574 0.000 0.000
0 411.6 93.2
0.620 0.000 0.000
0 388.733 93.2
0.585 0.000 0.000
0 343 93.2
0.455 0.000 0.000
0 365.867 93.2
0.533 0.000 0.000
0 365.867 116.5
0.526 0.000 0.000
0 343 116.5
0.466 0.000 0.000
0 365.867 93.2
0.533 0.000 0.000
0 388.733 93.2
0.585 0.000 0.000
0 388.733 116.5
0.608 0.000 0.000
0 365.867 116.5
0.526 0.000 0.000
0 388.733 93.2
0.585 0.000 0.000
0 411.6 93.2
0.620 0.000 0.000
0 411.6 116.5
0.682 0.000 0.000
0 388.733 116.5
0.608 0.000 0.000
0 343 116.5
0.466 0.000 0.000
0 365.867 116.5
0.526 0.000 0.000
0 365.867 139.8
0.536 0.000 0.000
0 343 139.8
0.503 0.000 0.000
0 365.867 116.5
0.526 0.000 0.000
0 388.733 116.5
0.608 0.000 0.000
0 388.733 139.8
0.614 0.000 0.000
0 365.867 139.8
0.536 0.000 0.000
0 388.733 116.5
0.608 0.000 0.000
0 411.6 116.5
0.682 0.000 0.000
0 411.6 139.8
0.732 0.000 0.000
0 388.733 139.8
0.614 0.000 0.000
0 411.6 69.9
0.574 0.000 0.000
0 434.467 69.9
0.563 0.000 0.000
0 434.467 93.2
0.620 0.000 0.000
0 411.6 93.2
0.620 0.000 0.000
0 434.467 69.9
0.563 0.000 0.000
0 457.333 69.9
0.491 0.000 0.000
0 457.333 93.2
0.545 0.000 0.000
0 434.467 93.2
0.620 0.000 0.000
0 457.333 69.9
0.491 0.000 0.000
0 480.2 69.9
0.399 0.000 0.000
0 480.2 93.2
0.448 0.000 0.000
0 457.333 93.2
0.545 0.000 0.000
0 411.6 93.2
0.620 0.000 0.000
0 434.467 93.2
0.620 0.000 0.000
0 434.467 116.5
0.686 0.000 0.000
0 411.6 116.5
0.682 0.000 0.000
0 434.467 93.2
0.620 0.000 0.000
0 457.333 93.2
0.545 0.000 0.000
0 457.333 116.5
0.605 0.000 0.000
0 434.467 116.5
0.686 0.000 0.000
0 457.333 93.2
0.545 0.000 0.000
0 480.2 93.2
0.448 0.000 0.000
0 480.2 116.5
0.499 0.000 0.000
0 457.333 116.5
0.605 0.000 0.000
0 411.6 116.5
0.682 0.000 0.000
0 434.467 116.5
0.686 0.000 0.000
0 434.467 139.8
0.757 0.000 0.000
0 411.6 139.8
0.732 0.000 0.000
0 434.467 116.5
0.686 0.000 0.000
0 457.333 116.5
0.605 0.000 0.000
0 457.333 139.8
0.671 0.000 0.000
0 434.467 139.8
0.757 0.000 0.000
0 457.333 116.5
0.605 0.000 0.000
0 480.2 116.5
0.499 0.000 0.000
0 480.2 139.8
0.556 0.000 0.000
0 457.333 139.8
0.671 0.000 0.000
0 480.2 69.9
0.399 0.000 0.000
0 503.067 69.9
0.311 0.000 0.000
0 503.067 93.2
0.354 0.000 0.000
0 480.2 93.2
0.448 0.000 0.000
0 503.067 69.9
0.311 0.000 0.000
0 525.933 69.9
0.238 0.000 0.000
0 525.933 93.2
0.273 0.000 0.000
0 503.067 93.2
0.354 0.000 0.000
0 525.933 69.9
0.238 0.000 0.000
0 548.8 69.9
0.203 0.000 0.000
0 548.8 93.2
0.232 0.000 0.000
0 525.933 93.2
0.273 0.000 0.000
0 480.2 93.2
0.448 0.000 0.000
0 503.067 93.2
0.354 0.000 0.000
0 503.067 116.5
0.397 0.000 0.000
0 480.2 116.5
0.499 0.000 0.000
0 503.067 93.2
0.354 0.000 0.000
0 525.933 93.2
0.273 0.000 0.000
0 525.933 116.5
0.307 0.000 0.000
0 503.067 116.5
0.397 0.000 0.000
0 525.933 93.2
0.273 0.000 0.000
0 548.8 93.2
0.232 0.000 0.000
0 548.8 116.5
0.261 0.000 0.000
0 525.933 116.5
0.307 0.000 0.000
0 480.2 116.5
0.499 0.000 0.000
0 503.067 116.5
0.397 0.000 0.000
0 503.067 139.8
0.443 0.000 0.000
0 480.2 139.8
0.556 0.000 0.000
0 503.067 116.5
0.397 0.000 0.000
0 525.933 116.5
0.307 0.000 0.000
0 525.933 139.8
0.343 0.000 0.000
0 503.067 139.8
0.443 0.000 0.000
0 525.933 116.5
0.307 0.000 0.000
0 548.8 116.5
0.261 0.000 0.000
0 548.8 139.8
0.291 0.000 0.000
0 525.933 139.8
0.343 0.000 0.000
0 0 139.8
0.004 0.000 0.000
0 22.8667 139.8
0.005 0.000 0.000
0 22.8667 163.1
0.006 0.000 0.000
0 0 163.1
0.005 0.000 0.000
0 22.8667 139.8
0.005 0.000 0.000
0 45.7333 139.8
0.006 0.000 0.000
0 45.7333 163.1
0.007 0.000 0.000
0 22.8667 163.1
0.006 0.000 0.000
0 45.7333 139.8
0.006 0.000 0.000
0 68.6 139.8
0.007 0.000 0.000
0 68.6 163.1
0.009 0.000 0.000
0 45.7333 163.1
0.007 0.000 0.000
0 0 163.1
0.005 0.000 0.000
0 22.8667 163.1
0.006 0.000 0.000
0 22.8667 186.4
0.008 0.000 0.000
0 0 186.4
0.007 0.000 0.000
0 22.8667 163.1
0.006 0.000 0.000
0 45.7333 163.1
0.007 0.000 0.000
0 45.7333 186.4
0.009 0.000 0.000
0 22.8667 186.4
0.008 0.000 0.000
0 45.7333 163.1
0.007 0.000 0.000
0 68.6 163.1
0.009 0.000 0.000
0 68.6 186.4
0.011 0.000 0.000
0 45.7333 186.4
0.009 0.000 0.000
0 0 186.4
0.007 0.000 0.000
0 22.8667 186.4
0.008 0.000 0.000
0 22.8667 209.7
0.010 0.000 0.000
0 0 209.7
0.009 0.000 0.000
0 22.8667 186.4
0.008 0.000 0.000
0 45.7333 186.4
0.009 0.000 0.000
0 45.7333 209.7
0.011 0.000 0.000
0 22.8667 209.7
0.010 0.000 0.000
0 45.7333 186.4
0.009 0.000 0.000
0 68.6 186.4
0.011 0.000 0.000
0 68.6 209.7
0.014 0.000 0.000
0 45.7333 209.7
0.011 0.000 0.000
0 68.6 139.8
0.007 0.000 0.000
0 91.4667 139.8
0.009 0.000 0.000
0 91.4667 163.1
0.011 0.000 0.000
0 68.6 163.1
0.009 0.000 0.000
0 91.4667 139.8
0.009 0.000 0.000
0 114.333 139.8
0.012 0.000 0.000
0 114.333 163.1
0.014 0.000 0.000
0 91.4667 163.1
0.011 0.000 0.000
0 114.333 139.8
0.012 0.000 0.000
0 137.2 139.8
0.018 0.000 0.000
0 137.2 163.1
0.018 0.000 0.000
0 114.333 163.1
0.014 0.000 0.000
0 68.6 163.1
0.009 0.000 0.000
0 91.4667 163.1
0.011 0.000 0.000
0 91.4667 186.4
0.013 0.000 0.000
0 68.6 186.4
0.011 0.000 0.000
0 91.4667 163.1
0.011 0.000 0.000
0 114.333 163.1
0.014 0.000 0.000
0 114.333 186.4
0.017 0.000 0.000
0 91.4667 186.4
0.013 0.000 0.000
0 114.333 163.1
0.014 0.000 0.000
0 137.2 163.1
0.018 0.000 0.000
0 137.2 186.4
0.020 0.000 0.000
0 114.333 186.4
0.017 0.000 0.000
0 68.6 186.4
0.011 0.000 0.000
0 91.4667 186.4
0.013 0.000 0.000
0 91.4667 209.7
0.016 0.000 0.000
0 68.6 209.7
0.014 0.000 0.000
0 91.4667 186.4
0.013 0.000 0.000
0 114.333 186.4
0.017 0.000 0.000
0 114.333 209.7
0.019 0.000 0.000
0 91.4667 209.7
0.016 0.000 0.000
0 114.333 186.4
0.017 0.000 0.000
0 137.2 186.4
0.020 0.000 0.000
0 137.2 209.7
0.022 0.000 0.000
0 114.333 209.7
0.019 0.000 0.000
0 137.2 139.8
0.018 0.000 0.000
0 160.067 139.8
0.026 0.000 0.000
0 160.067 163.1
0.026 0.000 0.000
0 137.2 163.1
0.018 0.000 0.000
0 160.067 139.8
0.026 0.000 0.000
0 182.933 139.8
0.036 0.000 0.000
0 182.933 163.1
0.035 0.000 0.000
0 160.067 163.1
0.026 0.000 0.000
0 182.933 139.8
0.036 0.000 0.000
0 205.8 139.8
0.056 0.000 0.000
0 205.8 163.1
0.070 0.000 0.000
0 182.933 163.1
0.035 0.000 0.000
0 137.2 163.1
0.018 0.000 0.000
0 160.067 163.1
0.026 0.000 0.000
0 160.067 186.4
0.027 0.000 0.000
0 137.2 186.4
0.020 0.000 0.000
0 160.067 163.1
0.026 0.000 0.000
0 182.933 163.1
0.035 0.000 0.000
0 182.933 186.4
0.042 0.000 0.000
0 160.067 186.4
0.027 0.000 0.000
0 182.933 163.1
0.035 0.000 0.000
0 205.8 163.1
0.070 0.000 0.000
0 205.8 186.4
0.103 0.000 0.000
0 182.933 186.4
0.042 0.000 0.000
0 137.2 186.4
0.020 0.000 0.000
0 160.067 186.4
0.027 0.000 0.000
0 160.067 209.7
0.027 0.000 0.000
0 137.2 209.7
0.022 0.000 0.000
0 160.067 186.4
0.027 0.000 0.000
0 182.933 186.4
0.042 0.000 0.000
0 182.933 209.7
0.065 0.000 0.000
0 160.067 209.7
0.027 0.000 0.000
0 182.933 186.4
0.042 0.000 0.000
0 205.8 186.4
0.103 0.000 0.000
0 205.8 209.7
0.141 0.000 0.000
0 182.933 209.7
0.065 0.000 0.000
0 205.8 139.8
0.056 0.000 0.000
0 228.667 139.8
0.125 0.000 0.000
0 228.667 163.1
0.153 0.000 0.000
0 205.8 163.1
0.070 0.000 0.000
0 228.667 139.8
0.125 0.000 0.000
0 251.533 139.8
0.200 0.000 0.000
0 251.533 163.1
0.216 0.000 0.000
0 228.667 163.1
0.153 0.000 0.000
0 251.533 139.8
0.200 0.000 0.000
0 274.4 139.8
0.236 0.000 0.000
0 274.4 163.1
0.244 0.000 0.000
0 251.533 163.1
0.216 0.000 0.000
0 205.8 163.1
0.070 0.000 0.000
0 228.667 163.1
0.153 0.000 0.000
0 228.667 186.4
0.183 0.000 0.000
0 205.8 186.4
0.103 0.000 0.000
0 228.667 163.1
0.153 0.000 0.000
0 251.533 163.1
0.216 0.000 0.000
0 251.533 186.4
0.224 0.000 0.000
0 228.667 186.4
0.183 0.000 0.000
0 251.533 163.1
0.216 0.000 0.000
0 274.4 163.1
0.244 0.000 0.000
0 274.4 186.4
0.255 0.000 0.000
0 251.533 186.4
0.224 0.000 0.000
0 205.8 186.4
0.103 0.000 0.000
0 228.667 186.4
0.183 0.000 0.000
0 228.667 209.7
0.201 0.000 0.000
0 205.8 209.7
0.141 0.000 0.000
0 228.667 186.4
0.183 0.000 0.000
0 251.533 186.4
0.224 0.000 0.000
0 251.533 209.7
0.229 0.000 0.000
0 228.667 209.7
0.201 0.000 0.000
0 251.533 186.4
0.224 0.000 0.000
0 274.4 186.4
0.255 0.000 0.000
0 274.4 209.7
0.279 0.000 0.000
0 251.533 209.7
0.229 0.000 0.000
0 274.4 139.8
0.236 0.000 0.000
0 297.267 139.8
0.281 0.000 0.000
0 297.267 163.1
0.325 0.000 0.000
0 274.4 163.1
0.244 0.000 0.000
0 297.267 139.8
0.281 0.000 0.000
0 320.133 139.8
0.401 0.000 0.000
0 320.133 163.1
0.458 0.000 0.000
0 297.267 163.1
0.325 0.000 0.000
0 320.133 139.8
0.401 0.000 0.000
0 343 139.8
0.503 0.000 0.000
0 343 163.1
0.539 0.000 0.000
0 320.133 163.1
0.458 0.000 0.000
0 274.4 163.1
0.244 0.000 0.000
0 297.267 163.1
0.325 0.000 0.000
0 297.267 186.4
0.376 0.000 0.000
0 274.4 186.4
0.255 0.000 0.000
0 297.267 163.1
0.325 0.000 0.000
0 320.133 163.1
0.458 0.000 0.000
0 320.133 186.4
0.517 0.000 0.000
0 297.267 186.4
0.376 0.000 0.000
0 320.133 163.1
0.458 0.000 0.000
0 343 163.1
0.539 0.000 0.000
0 343 186.4
0.571 0.000 0.000
0 320.133 186.4
0.517 0.000 0.000
0 274.4 186.4
0.255 0.000 0.000
0 297.267 186.4
0.376 0.000 0.000
0 297.267 209.7
0.424 0.000 0.000
0 274.4 209.7
0.279 0.000 0.000
0 297.267 186.4
0.376 0.000 0.000
0 320.133 186.4
0.517 0.000 0.000
0 320.133 209.7
0.555 0.000 0.000
0 297.267 209.7
0.424 0.000 0.000
0 320.133 186.4
0.517 0.000 0.000
0 343 186.4
0.571 0.000 0.000
0 343 209.7
0.594 0.000 0.000
0 320.133 209.7
0.555 0.000 0.000
0 343 139.8
0.503 0.000 0.000
0 365.867 139.8
0.536 0.000 0.000
0 365.867 163.1
0.568 0.000 0.000
0 343 163.1
0.539 0.000 0.000
0 365.867 139.8
0.536 0.000 0.000
0 388.733 139.8
0.614 0.000 0.000
0 388.733 163.1
0.632 0.000 0.000
0 365.867 163.1
0.568 0.000 0.000
0 388.733 139.8
0.614 0.000 0.000
0 411.6 139.8
0.732 0.000 0.000
0 411.6 163.1
0.768 0.000 0.000
0 388.733 163.1
0.632 0.000 0.000
0 343 163.1
0.539 0.000 0.000
0 365.867 163.1
0.568 0.000 0.000
0 365.867 186.4
0.605 0.000 0.000
0 343 186.4
0.571 0.000 0.000
0 365.867 163.1
0.568 0.000 0.000
0 388.733 163.1
0.632 0.000 0.000
0 388.733 186.4
0.677 0.000 0.000
0 365.867 186.4
0.605 0.000 0.000
0 388.733 163.1
0.632 0.000 0.000
0 411.6 163.1
0.768 0.000 0.000
0 411.6 186.4
0.827 0.000 0.000
0 388.733 186.4
0.677 0.000 0.000
0 343 186.4
0.571 0.000 0.000
0 365.867 186.4
0.605 0.000 0.000
0 365.867 209.7
0.633 0.000 0.000
0 343 209.7
0.594 0.000 0.000
0 365.867 186.4
0.605 0.000 0.000
0 388.733 186.4
0.677 0.000 0.000
0 388.733 209.7
0.736 0.000 0.000
0 365.867 209.7
0.633 0.000 0.000
0 388.733 186.4
0.677 0.000 0.000
0 411.6 186.4
0.827 0.000 0.000
0 411.6 209.7
0.903 0.000 0.000
0 388.733 209.7
0.736 0.000 0.000
0 411.6 139.8
0.732 0.000 0.000
0 434.467 139.8
0.757 0.000 0.000
0 434.467 163.1
0.825 0.000 0.000
0 411.6 163.1
0.768 0.000 0.000
0 434.467 139.8
0.757 0.000 0.000
0 457.333 139.8
0.671 0.000 0.000
0 457.333 163.1
0.738 0.000 0.000
0 434.467 163.1
0.825 0.000 0.000
0 457.333 139.8
0.671 0.000 0.000
0 480.2 139.8
0.556 0.000 0.000
0 480.2 163.1
0.613 0.000 0.000
0 457.333 163.1
0.738 0.000 0.000
0 411.6 163.1
0.768 0.000 0.000
0 434.467 163.1
0.825 0.000 0.000
0 434.467 186.4
0.894 0.000 0.000
0 411.6 186.4
0.827 0.000 0.000
0 434.467 163.1
0.825 0.000 0.000
0 457.333 163.1
0.738 0.000 0.000
0 457.333 186.4
0.803 0.000 0.000
0 434.467 186.4
0.894 0.000 0.000
0 457.333 163.1
0.738 0.000 0.000
0 480.2 163.1
0.613 0.000 0.000
0 480.2 186.4
0.669 0.000 0.000
0 457.333 186.4
0.803 0.000 0.000
0 411.6 186.4
0.827 0.000 0.000
0 434.467 186.4
0.894 0.000 0.000
0 434.467 209.7
0.957 0.000 0.000
0 411.6 209.7
0.903 0.000 0.000
0 434.467 186.4
0.894 0.000 0.000
0 457.333 186.4
0.803 0.000 0.000
0 457.333 209.7
0.860 0.000 0.000
0 434.467 209.7
0.957 0.000 0.000
0 457.333 186.4
0.803 0.000 0.000
0 480.2 186.4
0.669 0.000 0.000
0 480.2 209.7
0.718 0.000 0.000
0 457.333 209.7
0.860 0.000 0.000
0 480.2 139.8
0.556 0.000 0.000
0 503.067 139.8
0.443 0.000 0.000
0 503.067 163.1
0.489 0.000 0.000
0 480.2 163.1
0.613 0.000 0.000
0 503.067 139.8
0.443 0.000 0.000
0 525.933 139.8
0.343 0.000 0.000
0 525.933 163.1
0.378 0.000 0.000
0 503.067 163.1
0.489 0.000 0.000
0 525.933 139.8
0.343 0.000 0.000
0 548.8 139.8
0.291 0.000 0.000
0 548.8 163.1
0.321 0.000 0.000
0 525.933 163.1
0.378 0.000 0.000
0 480.2 163.1
0.613 0.000 0.000
0 503.067 163.1
0.489 0.000 0.000
0 503.067 186.4
0.534 0.000 0.000
0 480.2 186.4
0.669 0.000 0.000
0 503.067 163.1
0.489 0.000 0.000
0 525.933 163.1
0.378 0.000 0.000
0 525.933 186.4
0.412 0.000 0.000
0 503.067 186.4
0.534 0.000 0.000
0 525.933 163.1
0.378 0.000 0.000
0 548.8 163.1
0.321 0.000 0.000
0 548.8 186.4
0.348 0.000 0.000
0 525.933 186.4
0.412 0.000 0.000
0 480.2 186.4
0.669 0.000 0.000
0 503.067 186.4
0.534 0.000 0.000
0 503.067 209.7
0.573 0.000 0.000
0 480.2 209.7
0.718 0.000 0.000
0 503.067 186.4
0.534 0.000 0.000
0 525.933 186.4
0.412 0.000 0.000
0 525.933 209.7
0.441 0.000 0.000
0 503.067 209.7
0.573 0.000 0.000
0 525.933 186.4
0.412 0.000 0.000
0 548.8 186.4
0.348 0.000 0.000
0 548.8 209.7
0.372 0.000 0.000
0 525.933 209.7
0.441 0.000 0.000
0 0 209.7
0.009 0.000 0.000
0 22.8667 209.7
0.010 0.000 0.000
0 22.8667 233
0.011 0.000 0.000
0 0 233
0.010 0.000 0.000
0 22.8667 209.7
0.010 0.000 0.000
0 45.7333 209.7
0.011 0.000 0.000
0 45.7333 233
0.013 0.000 0.000
0 22.8667 233
0.011 0.000 0.000
0 45.7333 209.7
0.011 0.000 0.000
0 68.6 209.7
0.014 0.000 0.000
0 68.6 233
0.016 0.000 0.000
0 45.7333 233
0.013 0.000 0.000
0 0 233
0.010 0.000 0.000
0 22.8667 233
0.011 0.000 0.000
0 22.8667 256.3
0.012 0.000 0.000
0 0 256.3
0.010 0.000 0.000
0 22.8667 233
0.011 0.000 0.000
0 45.7333 233
0.013 0.000 0.000
0 45.7333 256.3
0.014 0.000 0.000
0 22.8667 256.3
0.012 0.000 0.000
0 45.7333 233
0.013 0.000 0.000
0 68.6 233
0.016 0.000 0.000
0 68.6 256.3
0.017 0.000 0.000
0 45.7333 256.3
0.014 0.000 0.000
0 0 256.3
0.010 0.000 0.000
0 22.8667 256.3
0.012 0.000 0.000
0 22.8667 279.6
0.012 0.000 0.000
0 0 279.6
0.010 0.000 0.000
0 22.8667 256.3
0.012 0.000 0.000
0 45.7333 256.3
0.014 0.000 0.000
0 45.7333 279.6
0.015 0.000 0.000
0 22.8667 279.6
0.012 0.000 0.000
0 45.7333 256.3
0.014 0.000 0.000
0 68.6 256.3
0.017 0.000 0.000
0 68.6 279.6
0.018 0.000 0.000
0 45.7333 279.6
0.015 0.000 0.000
0 68.6 209.7
0.014 0.000 0.000
0 91.4667 209.7
0.016 0.000 0.000
0 91.4667 233
0.018 0.000 0.000
0 68.6 233
0.016 0.000 0.000
0 91.4667 209.7
0.016 0.000 0.000
0 114.333 209.7
0.019 0.000 0.000
0 114.333 233
0.021 0.000 0.000
0 91.4667 233
0.018 0.000 0.000
0 114.333 209.7
0.019 0.000 0.000
0 137.2 209.7
0.022 0.000 0.000
0 137.2 233
0.024 0.000 0.000
0 114.333 233
0.021 0.000 0.000
0 68.6 233
0.016 0.000 0.000
0 91.4667 233
0.018 0.000 0.000
0 91.4667 256.3
0.019 0.000 0.000
0 68.6 256.3
0.017 0.000 0.000
0 91.4667 233
0.018 0.000 0.000
0 114.333 233
0.021 0.000 0.000
0 114.333 256.3
0.022 0.000 0.000
0 91.4667 256.3
0.019 0.000 0.000
0 114.333 233
0.021 0.000 0.000
0 137.2 233
0.024 0.000 0.000
0 137.2 256.3
0.025 0.000 0.000
0 114.333 256.3
0.022 0.000 0.000
0 68.6 256.3
0.017 0.000 0.000
0 91.4667 256.3
0.019 0.000 0.000
0 91.4667 279.6
0.020 0.000 0.000
0 68.6 279.6
0.018 0.000 0.000
0 91.4667 256.3
0.019 0.000 0.000
0 114.333 256.3
0.022 0.000 0.000
0 114.333 279.6
0.023 0.000 0.000
0 91.4667 279.6
0.020 0.000 0.000
0 114.333 256.3
0.022 0.000 0.000
0 137.2 256.3
0.025 0.000 0.000
0 137.2 279.6
0.032 0.000 0.000
0 114.333 279.6
0.023 0.000 0.000
0 137.2 209.7
0.022 0.000 0.000
0 160.067 209.7
0.027 0.000 0.000
0 160.067 233
0.034 0.000 0.000
0 137.2 233
0.024 0.000 0.000
0 160.067 209.7
0.027 0.000 0.000
0 182.933 209.7
0.065 0.000 0.000
0 182.933 233
0.098 0.000 0.000
0 160.067 233
0.034 0.000 0.000
0 182.933 209.7
0.065 0.000 0.000
0 205.8 209.7
0.141 0.000 0.000
0 205.8 233
0.170 0.000 0.000
0 182.933 233
0.098 0.000 0.000
0 137.2 233
0.024 0.000 0.000
0 160.067 233
0.034 0.000 0.000
0 160.067 256.3
0.057 0.000 0.000
0 137.2 256.3
0.025 0.000 0.000
0 160.067 233
0.034 0.000 0.000
0 182.933 233
0.098 0.000 0.000
0 182.933 256.3
0.131 0.000 0.000
0 160.067 256.3
0.057 0.000 0.000
0 182.933 233
0.098 0.000 0.000
0 205.8 233
0.170 0.000 0.000
0 205.8 256.3
0.184 0.000 0.000
0 182.933 256.3
0.131 0.000 0.000
0 137.2 256.3
0.025 0.000 0.000
0 160.067 256.3
0.057 0.000 0.000
0 160.067 279.6
0.089 0.000 0.000
0 137.2 279.6
0.032 0.000 0.000
0 160.067 256.3
0.057 0.000 0.000
0 182.933 256.3
0.131 0.000 0.000
0 182.933 279.6
0.160 0.000 0.000
0 160.067 279.6
0.089 0.000 0.000
0 182.933 256.3
0.131 0.000 0.000
0 205.8 256.3
0.184 0.000 0.000
0 205.8 279.6
0.188 0.000 0.000
0 182.933 279.6
0.160 0.000 0.000
0 205.8 209.7
0.141 0.000 0.000
0 228.667 209.7
0.201 0.000 0.000
0 228.667 233
0.204 0.000 0.000
0 205.8 233
0.170 0.000 0.000
0 228.667 209.7
0.201 0.000 0.000
0 251.533 209.7
0.229 0.000 0.000
0 251.533 233
0.233 0.000 0.000
0 228.667 233
0.204 0.000 0.000
0 251.533 209.7
0.229 0.000 0.000
0 274.4 209.7
0.279 0.000 0.000
0 274.4 233
0.318 0.000 0.000
0 251.533 233
0.233 0.000 0.000
0 205.8 233
0.170 0.000 0.000
0 228.667 233
0.204 0.000 0.000
0 228.667 256.3
0.208 0.000 0.000
0 205.8 256.3
0.184 0.000 0.000
0 228.667 233
0.204 0.000 0.000
0 251.533 233
0.233 0.000 0.000
0 251.533 256.3
0.238 0.000 0.000
0 228.667 256.3
0.208 0.000 0.000
0 251.533 233
0.233 0.000 0.000
0 274.4 233
0.318 0.000 0.000
0 274.4 256.3
0.357 0.000 0.000
0 251.533 256.3
0.238 0.000 0.000
0 205.8 256.3
0.184 0.000 0.000
0 228.667 256.3
0.208 0.000 0.000
0 228.667 279.6
0.210 0.000 0.000
0 205.8 279.6
0.188 0.000 0.000
0 228.667 256.3
0.208 0.000 0.000
0 251.533 256.3
0.238 0.000 0.000
0 251.533 279.6
0.255 0.000 0.000
0 228.667 279.6
0.210 0.000 0.000
0 251.533 256.3
0.238 0.000 0.000
0 274.4 256.3
0.357 0.000 0.000
0 274.4 279.6
0.391 0.000 0.000
0 251.533 279.6
0.255 0.000 0.000
0 274.4 209.7
0.279 0.000 0.000
0 297.267 209.7
0.424 0.000 0.000
0 297.267 233
0.470 0.000 0.000
0 274.4 233
0.318 0.000 0.000
0 297.267 209.7
0.424 0.000 0.000
0 320.133 209.7
0.555 0.000 0.000
0 320.133 233
0.573 0.000 0.000
0 297.267 233
0.470 0.000 0.000
0 320.133 209.7
0.555 0.000 0.000
0 343 209.7
0.594 0.000 0.000
0 343 233
0.612 0.000 0.000
0 320.133 233
0.573 0.000 0.000
0 274.4 233
0.318 0.000 0.000
0 297.267 233
0.470 0.000 0.000
0 297.267 256.3
0.508 0.000 0.000
0 274.4 256.3
0.357 0.000 0.000
0 297.267 233
0.470 0.000 0.000
0 320.133 233
0.573 0.000 0.000
0 320.133 256.3
0.580 0.000 0.000
0 297.267 256.3
0.508 0.000 0.000
0 320.133 233
0.573 0.000 0.000
0 343 233
0.612 0.000 0.000
0 343 256.3
0.621 0.000 0.000
0 320.133 256.3
0.580 0.000 0.000
0 274.4 256.3
0.357 0.000 0.000
0 297.267 256.3
0.508 0.000 0.000
0 297.267 279.6
0.525 0.000 0.000
0 274.4 279.6
0.391 0.000 0.000
0 297.267 256.3
0.508 0.000 0.000
0 320.133 256.3
0.580 0.000 0.000
0 320.133 279.6
0.580 0.000 0.000
0 297.267 279.6
0.525 0.000 0.000
0 320.133 256.3
0.580 0.000 0.000
0 343 256.3
0.621 0.000 0.000
0 343 279.6
0.621 0.000 0.000
0 320.133 279.6
0.580 0.000 0.000
0 343 209.7
0.594 0.000 0.000
0 365.867 209.7
0.633 0.000 0.000
0 365.867 233
0.655 0.000 0.000
0 343 233
0.612 0.000 0.000
0 365.867 209.7
0.633 0.000 0.000
0 388.733 209.7
0.736 0.000 0.000
0 388.733 233
0.791 0.000 0.000
0 365.867 233
0.655 0.000 0.000
0 388.733 209.7
0.736 0.000 0.000
0 411.6 209.7
0.903 0.000 0.000
0 411.6 233
0.970 0.000 0.000
0 388.733 233
0.791 0.000 0.000
0 343 233
0.612 0.000 0.000
0 365.867 233
0.655 0.000 0.000
0 365.867 256.3
0.674 0.000 0.000
0 343 256.3
0.621 0.000 0.000
0 365.867 233
0.655 0.000 0.000
0 388.733 233
0.791 0.000 0.000
0 388.733 256.3
0.838 0.000 0.000
0 365.867 256.3
0.674 0.000 0.000
0 388.733 233
0.791 0.000 0.000
0 411.6 233
0.970 0.000 0.000
0 411.6 256.3
1.016 0.000 0.000
0 388.733 256.3
0.838 0.000 0.000
0 343 256.3
0.621 0.000 0.000
0 365.867 256.3
0.674 0.000 0.000
0 365.867 279.6
0.689 0.000 0.000
0 343 279.6
0.621 0.000 0.000
0 365.867 256.3
0.674 0.000 0.000
0 388.733 256.3
0.838 0.000 0.000
0 388.733 279.6
0.870 0.000 0.000
0 365.867 279.6
0.689 0.000 0.000
0 388.733 256.3
0.838 0.000 0.000
0 411.6 256.3
1.016 0.000 0.000
0 411.6 279.6
1.038 0.000 0.000
0 388.733 279.6
0.870 0.000 0.000
0 411.6 209.7
0.903 0.000 0.000
0 434.467 209.7
0.957 0.000 0.000
0 434.467 233
1.004 0.000 0.000
0 411.6 233
0.970 0.000 0.000
0 434.467 209.7
0.957 0.000 0.000
0 457.333 209.7
0.860 0.000 0.000
0 457.333 233
0.905 0.000 0.000
0 434.467 233
1.004 0.000 0.000
0 457.333 209.7
0.860 0.000 0.000
0 480.2 209.7
0.718 0.000 0.000
0 480.2 233
0.756 0.000 0.000
0 457.333 233
0.905 0.000 0.000
0 411.6 233
0.970 0.000 0.000
0 434.467 233
1.004 0.000 0.000
0 434.467 256.3
1.033 0.000 0.000
0 411.6 256.3
1.016 0.000 0.000
0 434.467 233
1.004 0.000 0.000
0 457.333 233
0.905 0.000 0.000
0 457.333 256.3
0.931 0.000 0.000
0 434.467 256.3
1.033 0.000 0.000
0 457.333 233
0.905 0.000 0.000
0 480.2 233
0.756 0.000 0.000
0 480.2 256.3
0.779 0.000 0.000
0 457.333 256.3
0.931 0.000 0.000
0 411.6 256.3
1.016 0.000 0.000
0 434.467 256.3
1.033 0.000 0.000
0 434.467 279.6
1.040 0.000 0.000
0 411.6 279.6
1.038 0.000 0.000
0 434.467 256.3
1.033 0.000 0.000
0 457.333 256.3
0.931 0.000 0.000
0 457.333 279.6
0.938 0.000 0.000
0 434.467 279.6
1.040 0.000 0.000
0 457.333 256.3
0.931 0.000 0.000
0 480.2 256.3
0.779 0.000 0.000
0 480.2 279.6
0.784 0.000 0.000
0 457.333 279.6
0.938 0.000 0.000
0 480.2 209.7
0.718 0.000 0.000
0 503.067 209.7
0.573 0.000 0.000
0 503.067 233
0.605 0.000 0.000
0 480.2 233
0.756 0.000 0.000
0 503.067 209.7
0.573 0.000 0.000
0 525.933 209.7
0.441 0.000 0.000
0 525.933 233
0.465 0.000 0.000
0 503.067 233
0.605 0.000 0.000
0 525.933 209.7
0.441 0.000 0.000
0 548.8 209.7
0.372 0.000 0.000
0 548.8 233
0.391 0.000 0.000
0 525.933 233
0.465 0.000 0.000
0 480.2 233
0.756 0.000 0.000
0 503.067 233
0.605 0.000 0.000
0 503.067 256.3
0.623 0.000 0.000
0 480.2 256.3
0.779 0.000 0.000
0 503.067 233
0.605 0.000 0.000
0 525.933 233
0.465 0.000 0.000
0 525.933 256.3
0.478 0.000 0.000
0 503.067 256.3
0.623 0.000 0.000
0 525.933 233
0.465 0.000 0.000
0 548.8 233
0.391 0.000 0.000
0 548.8 256.3
0.401 0.000 0.000
0 525.933 256.3
0.478 0.000 0.000
0 480.2 256.3
0.779 0.000 0.000
0 503.067 256.3
0.623 0.000 0.000
0 503.067 279.6
0.626 0.000 0.000
0 480.2 279.6
0.784 0.000 0.000
0 503.067 256.3
0.623 0.000 0.000
0 525.933 256.3
0.478 0.000 0.000
0 525.933 279.6
0.479 0.000 0.000
0 503.067 279.6
0.626 0.000 0.000
0 525.933 256.3
0.478 0.000 0.000
0 548.8 256.3
0.401 0.000 0.000
0 548.8 279.6
0.400 0.000 0.000
0 525.933 279.6
0.479 0.000 0.000
0 0 279.6
0.010 0.000 0.000
0 22.8667 279.6
0.012 0.000 0.000
0 22.8667 302.9
0.013 0.000 0.000
0 0 302.9
0.011 0.000 0.000
0 22.8667 279.6
0.012 0.000 0.000
0 45.7333 279.6
0.015 0.000 0.000
0 45.7333 302.9
0.016 0.000 0.000
0 22.8667 302.9
0.013 0.000 0.000
0 45.7333 279.6
0.015 0.000 0.000
0 68.6 279.6
0.018 0.000 0.000
0 68.6 302.9
0.019 0.000 0.000
0 45.7333 302.9
0.016 0.000 0.000
0 0 302.9
0.011 0.000 0.000
0 22.8667 302.9
0.013 0.000 0.000
0 22.8667 326.2
0.014 0.000 0.000
0 0 326.2
0.012 0.000 0.000
0 22.8667 302.9
0.013 0.000 0.000
0 45.7333 302.9
0.016 0.000 0.000
0 45.7333 326.2
0.017 0.000 0.000
0 22.8667 326.2
0.014 0.000 0.000
0 45.7333 302.9
0.016 0.000 0.000
0 68.6 302.9
0.019 0.000 0.000
0 68.6 326.2
0.020 0.000 0.000
0 45.7333 326.2
0.017 0.000 0.000
0 0 326.2
0.012 0.000 0.000
0 22.8667 326.2
0.014 0.000 0.000
0 22.8667 349.5
0.015 0.000 0.000
0 0 349.5
0.013 0.000 0.000
0 22.8667 326.2
0.014 0.000 0.000
0 45.7333 326.2
0.017 0.000 0.000
0 45.7333 349.5
0.018 0.000 0.000
0 22.8667 349.5
0.015 0.000 0.000
0 45.7333 326.2
0.017 0.000 0.000
0 68.6 326.2
0.020 0.000 0.000
0 68.6 349.5
0.020 0.000 0.000
0 45.7333 349.5
0.018 0.000 0.000
0 68.6 279.6
0.018 0.000 0.000
0 91.4667 279.6
0.020 0.000 0.000
0 91.4667 302.9
0.022 0.000 0.000
0 68.6 302.9
0.019 0.000 0.000
0 91.4667 279.6
0.020 0.000 0.000
0 114.333 279.6
0.023 0.000 0.000
0 114.333 302.9
0.025 0.000 0.000
0 91.4667 302.9
0.022 0.000 0.000
0 114.333 279.6
0.023 0.000 0.000
0 137.2 279.6
0.032 0.000 0.000
0 137.2 302.9
0.053 0.000 0.000
0 114.333 302.9
0.025 0.000 0.000
0 68.6 302.9
0.019 0.000 0.000
0 91.4667 302.9
0.022 0.000 0.000
0 91.4667 326.2
0.023 0.000 0.000
0 68.6 326.2
0.020 0.000 0.000
0 91.4667 302.9
0.022 0.000 0.000
0 114.333 302.9
0.025 0.000 0.000
0 114.333 326.2
0.032 0.000 0.000
0 91.4667 326.2
0.023 0.000 0.000
0 114.333 302.9
0.025 0.000 0.000
0 137.2 302.9
0.053 0.000 0.000
0 137.2 326.2
0.080 0.000 0.000
0 114.333 326.2
0.032 0.000 0.000
0 68.6 326.2
0.020 0.000 0.000
0 91.4667 326.2
0.023 0.000 0.000
0 91.4667 349.5
0.023 0.000 0.000
0 68.6 349.5
0.020 0.000 0.000
0 91.4667 326.2
0.023 0.000 0.000
0 114.333 326.2
0.032 0.000 0.000
0 114.333 349.5
0.050 0.000 0.000
0 91.4667 349.5
0.023 0.000 0.000
0 114.333 326.2
0.032 0.000 0.000
0 137.2 326.2
0.080 0.000 0.000
0 137.2 349.5
0.104 0.000 0.000
0 114.333 349.5
0.050 0.000 0.000
0 137.2 279.6
0.032 0.000 0.000
0 160.067 279.6
0.089 0.000 0.000
0 160.067 302.9
0.119 0.000 0.000
0 137.2 302.9
0.053 0.000 0.000
0 160.067 279.6
0.089 0.000 0.000
0 182.933 279.6
0.160 0.000 0.000
0 182.933 302.9
0.170 0.000 0.000
0 160.067 302.9
0.119 0.000 0.000
0 182.933 279.6
0.160 0.000 0.000
0 205.8 279.6
0.188 0.000 0.000
0 205.8 302.9
0.188 0.000 0.000
0 182.933 302.9
0.170 0.000 0.000
0 137.2 302.9
0.053 0.000 0.000
0 160.067 302.9
0.119 0.000 0.000
0 160.067 326.2
0.138 0.000 0.000
0 137.2 326.2
0.080 0.000 0.000
0 160.067 302.9
0.119 0.000 0.000
0 182.933 302.9
0.170 0.000 0.000
0 182.933 326.2
0.167 0.000 0.000
0 160.067 326.2
0.138 0.000 0.000
0 182.933 302.9
0.170 0.000 0.000
0 205.8 302.9
0.188 0.000 0.000
0 205.8 326.2
0.185 0.000 0.000
0 182.933 326.2
0.167 0.000 0.000
0 137.2 326.2
0.080 0.000 0.000
0 160.067 326.2
0.138 0.000 0.000
0 160.067 349.5
0.143 0.000 0.000
0 137.2 349.5
0.104 0.000 0.000
0 160.067 326.2
0.138 0.000 0.000
0 182.933 326.2
0.167 0.000 0.000
0 182.933 349.5
0.165 0.000 0.000
0 160.067 349.5
0.143 0.000 0.000
0 182.933 326.2
0.167 0.000 0.000
0 205.8 326.2
0.185 0.000 0.000
0 205.8 349.5
0.181 0.000 0.000
0 182.933 349.5
0.165 0.000 0.000
0 205.8 279.6
0.188 0.000 0.000
0 228.667 279.6
0.210 0.000 0.000
0 228.667 302.9
0.210 0.000 0.000
0 205.8 302.9
0.188 0.000 0.000
0 228.667 279.6
0.210 0.000 0.000
0 251.533 279.6
0.255 0.000 0.000
0 251.533 302.9
0.283 0.000 0.000
0 228.667 302.9
0.210 0.000 0.000
0 251.533 279.6
0.255 0.000 0.000
0 274.4 279.6
0.391 0.000 0.000
0 274.4 302.9
0.416 0.000 0.000
0 251.533 302.9
0.283 0.000 0.000
0 205.8 302.9
0.188 0.000 0.000
0 228.667 302.9
0.210 0.000 0.000
0 228.667 326.2
0.211 0.000 0.000
0 205.8 326.2
0.185 0.000 0.000
0 228.667 302.9
0.210 0.000 0.000
0 251.533 302.9
0.283 0.000 0.000
0 251.533 326.2
0.307 0.000 0.000
0 228.667 326.2
0.211 0.000 0.000
0 251.533 302.9
0.283 0.000 0.000
0 274.4 302.9
0.416 0.000 0.000
0 274.4 326.2
0.432 0.000 0.000
0 251.533 326.2
0.307 0.000 0.000
0 205.8 326.2
0.185 0.000 0.000
0 228.667 326.2
0.211 0.000 0.000
0 228.667 349.5
0.220 0.000 0.000
0 205.8 349.5
0.181 0.000 0.000
0 228.667 326.2
0.211 0.000 0.000
0 251.533 326.2
0.307 0.000 0.000
0 251.533 349.5
0.324 0.000 0.000
0 228.667 349.5
0.220 0.000 0.000
0 251.533 326.2
0.307 0.000 0.000
0 274.4 326.2
0.432 0.000 0.000
0 274.4 349.5
0.429 0.000 0.000
0 251.533 349.5
0.324 0.000 0.000
0 274.4 279.6
0.391 0.000 0.000
0 297.267 279.6
0.525 0.000 0.000
0 297.267 302.9
0.519 0.000 0.000
0 274.4 302.9
0.416 0.000 0.000
0 297.267 279.6
0.525 0.000 0.000
0 320.133 279.6
0.580 0.000 0.000
0 320.133 302.9
0.570 0.000 0.000
0 297.267 302.9
0.519 0.000 0.000
0 320.133 279.6
0.580 0.000 0.000
0 343 279.6
0.621 0.000 0.000
0 343 302.9
0.610 0.000 0.000
0 320.133 302.9
0.570 0.000 0.000
0 274.4 302.9
0.416 0.000 0.000
0 297.267 302.9
0.519 0.000 0.000
0 297.267 326.2
0.503 0.000 0.000
0 274.4 326.2
0.432 0.000 0.000
0 297.267 302.9
0.519 0.000 0.000
0 320.133 302.9
0.570 0.000 0.000
0 320.133 326.2
0.549 0.000 0.000
0 297.267 326.2
0.503 0.000 0.000
0 320.133 302.9
0.570 0.000 0.000
0 343 302.9
0.610 0.000 0.000
0 343 326.2
0.585 0.000 0.000
0 320.133 326.2
0.549 0.000 0.000
0 274.4 326.2
0.432 0.000 0.000
0 297.267 326.2
0.503 0.000 0.000
0 297.267 349.5
0.485 0.000 0.000
0 274.4 349.5
0.429 0.000 0.000
0 297.267 326.2
0.503 0.000 0.000
0 320.133 326.2
0.549 0.000 0.000
0 320.133 349.5
0.529 0.000 0.000
0 297.267 349.5
0.485 0.000 0.000
0 320.133 326.2
0.549 0.000 0.000
0 343 326.2
0.585 0.000 0.000
0 343 349.5
0.562 0.000 0.000
0 320.133 349.5
0.529 0.000 0.000
0 343 279.6
0.621 0.000 0.000
0 365.867 279.6
0.689 0.000 0.000
0 365.867 302.9
0.693 0.000 0.000
0 343 302.9
0.610 0.000 0.000
0 365.867 279.6
0.689 0.000 0.000
0 388.733 279.6
0.870 0.000 0.000
0 388.733 302.9
0.884 0.000 0.000
0 365.867 302.9
0.693 0.000 0.000
0 388.733 279.6
0.870 0.000 0.000
0 411.6 279.6
1.038 0.000 0.000
0 411.6 302.9
1.035 0.000 0.000
0 388.733 302.9
0.884 0.000 0.000
0 343 302.9
0.610 0.000 0.000
0 365.867 302.9
0.693 0.000 0.000
0 365.867 326.2
0.680 0.000 0.000
0 343 326.2
0.585 0.000 0.000
0 365.867 302.9
0.693 0.000 0.000
0 388.733 302.9
0.884 0.000 0.000
0 388.733 326.2
0.877 0.000 0.000
0 365.867 326.2
0.680 0.000 0.000
0 388.733 302.9
0.884 0.000 0.000
0 411.6 302.9
1.035 0.000 0.000
0 411.6 326.2
1.007 0.000 0.000
0 388.733 326.2
0.877 0.000 0.000
0 343 326.2
0.585 0.000 0.000
0 365.867 326.2
0.680 0.000 0.000
0 365.867 349.5
0.669 0.000 0.000
0 343 349.5
0.562 0.000 0.000
0 365.867 326.2
0.680 0.000 0.000
0 388.733 326.2
0.877 0.000 0.000
0 388.733 349.5
0.866 0.000 0.000
0 365.867 349.5
0.669 0.000 0.000
0 388.733 326.2
0.877 0.000 0.000
0 411.6 326.2
1.007 0.000 0.000
0 411.6 349.5
0.970 0.000 0.000
0 388.733 349.5
0.866 0.000 0.000
0 411.6 279.6
1.038 0.000 0.000
0 434.467 279.6
1.040 0.000 0.000
0 434.467 302.9
1.024 0.000 0.000
0 411.6 302.9
1.035 0.000 0.000
0 434.467 279.6
1.040 0.000 0.000
0 457.333 279.6
0.938 0.000 0.000
0 457.333 302.9
0.922 0.000 0.000
0 434.467 302.9
1.024 0.000 0.000
0 457.333 279.6
0.938 0.000 0.000
0 480.2 279.6
0.784 0.000 0.000
0 480.2 302.9
0.769 0.000 0.000
0 457.333 302.9
0.922 0.000 0.000
0 411.6 302.9
1.035 0.000 0.000
0 434.467 302.9
1.024 0.000 0.000
0 434.467 326.2
0.982 0.000 0.000
0 411.6 326.2
1.007 0.000 0.000
0 434.467 302.9
1.024 0.000 0.000
0 457.333 302.9
0.922 0.000 0.000
0 457.333 326.2
0.880 0.000 0.000
0 434.467 326.2
0.982 0.000 0.000
0 457.333 302.9
0.922 0.000 0.000
0 480.2 302.9
0.769 0.000 0.000
0 480.2 326.2
0.733 0.000 0.000
0 457.333 326.2
0.880 0.000 0.000
0 411.6 326.2
1.007 0.000 0.000
0 434.467 326.2
0.982 0.000 0.000
0 434.467 349.5
0.933 0.000 0.000
0 411.6 349.5
0.970 0.000 0.000
0 434.467 326.2
0.982 0.000 0.000
0 457.333 326.2
0.880 0.000 0.000
0 457.333 349.5
0.833 0.000 0.000
0 434.467 349.5
0.933 0.000 0.000
0 457.333 326.2
0.880 0.000 0.000
0 480.2 326.2
0.733 0.000 0.000
0 480.2 349.5
0.691 0.000 0.000
0 457.333 349.5
0.833 0.000 0.000
0 480.2 279.6
0.784 0.000 0.000
0 503.067 279.6
0.626 0.000 0.000
0 503.067 302.9
0.613 0.000 0.000
0 480.2 302.9
0.769 0.000 0.000
0 503.067 279.6
0.626 0.000 0.000
0 525.933 279.6
0.479 0.000 0.000
0 525.933 302.9
0.468 0.000 0.000
0 503.067 302.9
0.613 0.000 0.000
0 525.933 279.6
0.479 0.000 0.000
0 548.8 279.6
0.400 0.000 0.000
0 548.8 302.9
0.391 0.000 0.000
0 525.933 302.9
0.468 0.000 0.000
0 480.2 302.9
0.769 0.000 0.000
0 503.067 302.9
0.613 0.000 0.000
0 503.067 326.2
0.583 0.000 0.000
0 480.2 326.2
0.733 0.000 0.000
0 503.067 302.9
0.613 0.000 0.000
0 525.933 302.9
0.468 0.000 0.000
0 525.933 326.2
0.445 0.000 0.000
0 503.067 326.2
0.583 0.000 0.000
0 525.933 302.9
0.468 0.000 0.000
0 548.8 302.9
0.391 0.000 0.000
0 548.8 326.2
0.372 0.000 0.000
0 525.933 326.2
0.445 0.000 0.000
0 480.2 326.2
0.733 0.000 0.000
0 503.067 326.2
0.583 0.000 0.000
0 503.067 349.5
0.548 0.000 0.000
0 480.2 349.5
0.691 0.000 0.000
0 503.067 326.2
0.583 0.000 0.000
0 525.933 326.2
0.445 0.000 0.000
0 525.933 349.5
0.418 0.000 0.000
0 503.067 349.5
0.548 0.000 0.000
0 525.933 326.2
0.445 0.000 0.000
0 548.8 326.2
0.372 0.000 0.000
0 548.8 349.5
0.349 0.000 0.000
0 525.933 349.5
0.418 0.000 0.000
0 0 349.5
0.013 0.000 0.000
0 22.8667 349.5
0.015 0.000 0.000
0 22.8667 372.8
0.015 0.000 0.000
0 0 372.8
0.013 0.000 0.000
0 22.8667 349.5
0.015 0.000 0.000
0 45.7333 349.5
0.018 0.000 0.000
0 45.7333 372.8
0.018 0.000 0.000
0 22.8667 372.8
0.015 0.000 0.000
0 45.7333 349.5
0.018 0.000 0.000
0 68.6 349.5
0.020 0.000 0.000
0 68.6 372.8
0.020 0.000 0.000
0 45.7333 372.8
0.018 0.000 0.000
0 0 372.8
0.013 0.000 0.000
0 22.8667 372.8
0.015 0.000 0.000
0 22.8667 396.1
0.016 0.000 0.000
0 0 396.1
0.014 0.000 0.000
0 22.8667 372.8
0.015 0.000 0.000
0 45.7333 372.8
0.018 0.000 0.000
0 45.7333 396.1
0.019 0.000 0.000
0 22.8667 396.1
0.016 0.000 0.000
0 45.7333 372.8
0.018 0.000 0.000
0 68.6 372.8
0.020 0.000 0.000
0 68.6 396.1
0.021 0.000 0.000
0 45.7333 396.1
0.019 0.000 0.000
0 0 396.1
0.014 0.000 0.000
0 22.8667 396.1
0.016 0.000 0.000
0 22.8667 419.4
0.017 0.000 0.000
0 0 419.4
0.015 0.000 0.000
0 22.8667 396.1
0.016 0.000 0.000
0 45.7333 396.1
0.019 0.000 0.000
0 45.7333 419.4
0.020 0.000 0.000
0 22.8667 419.4
0.017 0.000 0.000
0 45.7333 396.1
0.019 0.000 0.000
0 68.6 396.1
0.021 0.000 0.000
0 68.6 419.4
0.027 0.000 0.000
0 45.7333 419.4
0.020 0.000 0.000
0 68.6 349.5
0.020 0.000 0.000
0 91.4667 349.5
0.023 0.000 0.000
0 91.4667 372.8
0.030 0.000 0.000
0 68.6 372.8
0.020 0.000 0.000
0 91.4667 349.5
0.023 0.000 0.000
0 114.333 349.5
0.050 0.000 0.000
0 114.333 372.8
0.073 0.000 0.000
0 91.4667 372.8
0.030 0.000 0.000
0 114.333 349.5
0.050 0.000 0.000
0 137.2 349.5
0.104 0.000 0.000
0 137.2 372.8
0.118 0.000 0.000
0 114.333 372.8
0.073 0.000 0.000
0 68.6 372.8
0.020 0.000 0.000
0 91.4667 372.8
0.030 0.000 0.000
0 91.4667 396.1
0.048 0.000 0.000
0 68.6 396.1
0.021 0.000 0.000
0 91.4667 372.8
0.030 0.000 0.000
0 114.333 372.8
0.073 0.000 0.000
0 114.333 396.1
0.094 0.000 0.000
0 91.4667 396.1
0.048 0.000 0.000
0 114.333 372.8
0.073 0.000 0.000
0 137.2 372.8
0.118 0.000 0.000
0 137.2 396.1
0.120 0.000 0.000
0 114.333 396.1
0.094 0.000 0.000
0 68.6 396.1
0.021 0.000 0.000
0 91.4667 396.1
0.048 0.000 0.000
0 91.4667 419.4
0.068 0.000 0.000
0 68.6 419.4
0.027 0.000 0.000
0 91.4667 396.1
0.048 0.000 0.000
0 114.333 396.1
0.094 0.000 0.000
0 114.333 419.4
0.107 0.000 0.000
0 91.4667 419.4
0.068 0.000 0.000
0 114.333 396.1
0.094 0.000 0.000
0 137.2 396.1
0.120 0.000 0.000
0 137.2 419.4
0.117 0.000 0.000
0 114.333 419.4
0.107 0.000 0.000
0 137.2 349.5
0.104 0.000 0.000
0 160.067 349.5
0.143 0.000 0.000
0 160.067 372.8
0.139 0.000 0.000
0 137.2 372.8
0.118 0.000 0.000
0 160.067 349.5
0.143 0.000 0.000
0 182.933 349.5
0.165 0.000 0.000
0 182.933 372.8
0.160 0.000 0.000
0 160.067 372.8
0.139 0.000 0.000
0 182.933 349.5
0.165 0.000 0.000
0 205.8 349.5
0.181 0.000 0.000
0 205.8 372.8
0.177 0.000 0.000
0 182.933 372.8
0.160 0.000 0.000
0 137.2 372.8
0.118 0.000 0.000
0 160.067 372.8
0.139 0.000 0.000
0 160.067 396.1
0.136 0.000 0.000
0 137.2 396.1
0.120 0.000 0.000
0 160.067 372.8
0.139 0.000 0.000
0 182.933 372.8
0.160 0.000 0.000
0 182.933 396.1
0.157 0.000 0.000
0 160.067 396.1
0.136 0.000 0.000
0 182.933 372.8
0.160 0.000 0.000
0 205.8 372.8
0.177 0.000 0.000
0 205.8 396.1
0.175 0.000 0.000
0 182.933 396.1
0.157 0.000 0.000
0 137.2 396.1
0.120 0.000 0.000
0 160.067 396.1
0.136 0.000 0.000
0 160.067 419.4
0.132 0.000 0.000
0 137.2 419.4
0.117 0.000 0.000
0 160.067 396.1
0.136 0.000 0.000
0 182.933 396.1
0.157 0.000 0.000
0 182.933 419.4
0.152 0.000 0.000
0 160.067 419.4
0.132 0.000 0.000
0 182.933 396.1
0.157 0.000 0.000
0 205.8 396.1
0.175 0.000 0.000
0 205.8 419.4
0.180 0.000 0.000
0 182.933 419.4
0.152 0.000 0.000
0 205.8 349.5
0.181 0.000 0.000
0 228.667 349.5
0.220 0.000 0.000
0 228.667 372.8
0.237 0.000 0.000
0 205.8 372.8
0.177 0.000 0.000
0 228.667 349.5
0.220 0.000 0.000
0 251.533 349.5
0.324 0.000 0.000
0 251.533 372.8
0.334 0.000 0.000
0 228.667 372.8
0.237 0.000 0.000
0 251.533 349.5
0.324 0.000 0.000
0 274.4 349.5
0.429 0.000 0.000
0 274.4 372.8
0.409 0.000 0.000
0 251.533 372.8
0.334 0.000 0.000
0 205.8 372.8
0.177 0.000 0.000
0 228.667 372.8
0.237 0.000 0.000
0 228.667 396.1
0.250 0.000 0.000
0 205.8 396.1
0.175 0.000 0.000
0 228.667 372.8
0.237 0.000 0.000
0 251.533 372.8
0.334 0.000 0.000
0 251.533 396.1
0.338 0.000 0.000
0 228.667 396.1
0.250 0.000 0.000
0 251.533 372.8
0.334 0.000 0.000
0 274.4 372.8
0.409 0.000 0.000
0 274.4 396.1
0.386 0.000 0.000
0 251.533 396.1
0.338 0.000 0.000
0 205.8 396.1
0.175 0.000 0.000
0 228.667 396.1
0.250 0.000 0.000
0 228.667 419.4
0.258 0.000 0.000
0 205.8 419.4
0.180 0.000 0.000
0 228.667 396.1
0.250 0.000 0.000
0 251.533 396.1
0.338 0.000 0.000
0 251.533 419.4
0.327 0.000 0.000
0 228.667 419.4
0.258 0.000 0.000
0 251.533 396.1
0.338 0.000 0.000
0 274.4 396.1
0.386 0.000 0.000
0 274.4 419.4
0.361 0.000 0.000
0 251.533 419.4
0.327 0.000 0.000
0 274.4 349.5
0.429 0.000 0.000
0 297.267 349.5
0.485 0.000 0.000
0 297.267 372.8
0.460 0.000 0.000
0 274.4 372.8
0.409 0.000 0.000
0 297.267 349.5
0.485 0.000 0.000
0 320.133 349.5
0.529 0.000 0.000
0 320.133 372.8
0.497 0.000 0.000
0 297.267 372.8
0.460 0.000 0.000
0 320.133 349.5
0.529 0.000 0.000
0 343 349.5
0.562 0.000 0.000
0 343 372.8
0.527 0.000 0.000
0 320.133 372.8
0.497 0.000 0.000
0 274.4 372.8
0.409 0.000 0.000
0 297.267 372.8
0.460 0.000 0.000
0 297.267 396.1
0.431 0.000 0.000
0 274.4 396.1
0.386 0.000 0.000
0 297.267 372.8
0.460 0.000 0.000
0 320.133 372.8
0.497 0.000 0.000
0 320.133 396.1
0.463 0.000 0.000
0 297.267 396.1
0.431 0.000 0.000
0 320.133 372.8
0.497 0.000 0.000
0 343 372.8
0.527 0.000 0.000
0 343 396.1
0.495 0.000 0.000
0 320.133 396.1
0.463 0.000 0.000
0 274.4 396.1
0.386 0.000 0.000
0 297.267 396.1
0.431 0.000 0.000
0 297.267 419.4
0.399 0.000 0.000
0 274.4 419.4
0.361 0.000 0.000
0 297.267 396.1
0.431 0.000 0.000
0 320.133 396.1
0.463 0.000 0.000
0 320.133 419.4
0.426 0.000 0.000
0 297.267 419.4
0.399 0.000 0.000
0 320.133 396.1
0.463 0.000 0.000
0 343 396.1
0.495 0.000 0.000
0 343 419.4
0.465 0.000 0.000
0 320.133 419.4
0.426 0.000 0.000
0 343 349.5
0.562 0.000 0.000
0 365.867 349.5
0.669 0.000 0.000
0 365.867 372.8
0.648 0.000 0.000
0 343 372.8
0.527 0.000 0.000
0 365.867 349.5
0.669 0.000 0.000
0 388.733 349.5
0.866 0.000 0.000
0 388.733 372.8
0.829 0.000 0.000
0 365.867 372.8
0.648 0.000 0.000
0 388.733 349.5
0.866 0.000 0.000
0 411.6 349.5
0.970 0.000 0.000
0 411.6 372.8
0.900 0.000 0.000
0 388.733 372.8
0.829 0.000 0.000
0 343 372.8
0.527 0.000 0.000
0 365.867 372.8
0.648 0.000 0.000
0 365.867 396.1
0.621 0.000 0.000
0 343 396.1
0.495 0.000 0.000
0 365.867 372.8
0.648 0.000 0.000
0 388.733 372.8
0.829 0.000 0.000
0 388.733 396.1
0.778 0.000 0.000
0 365.867 396.1
0.621 0.000 0.000
0 388.733 372.8
0.829 0.000 0.000
0 411.6 372.8
0.900 0.000 0.000
0 411.6 396.1
0.822 0.000 0.000
0 388.733 396.1
0.778 0.000 0.000
0 343 396.1
0.495 0.000 0.000
0 365.867 396.1
0.621 0.000 0.000
0 365.867 419.4
0.586 0.000 0.000
0 343 419.4
0.465 0.000 0.000
0 365.867 396.1
0.621 0.000 0.000
0 388.733 396.1
0.778 0.000 0.000
0 388.733 419.4
0.714 0.000 0.000
0 365.867 419.4
0.586 0.000 0.000
0 388.733 396.1
0.778 0.000 0.000
0 411.6 396.1
0.822 0.000 0.000
0 411.6 419.4
0.740 0.000 0.000
0 388.733 419.4
0.714 0.000 0.000
0 411.6 349.5
0.970 0.000 0.000
0 434.467 349.5
0.933 0.000 0.000
0 434.467 372.8
0.859 0.000 0.000
0 411.6 372.8
0.900 0.000 0.000
0 434.467 349.5
0.933 0.000 0.000
0 457.333 349.5
0.833 0.000 0.000
0 457.333 372.8
0.763 0.000 0.000
0 434.467 372.8
0.859 0.000 0.000
0 457.333 349.5
0.833 0.000 0.000
0 480.2 349.5
0.691 0.000 0.000
0 480.2 372.8
0.631 0.000 0.000
0 457.333 372.8
0.763 0.000 0.000
0 411.6 372.8
0.900 0.000 0.000
0 434.467 372.8
0.859 0.000 0.000
0 434.467 396.1
0.780 0.000 0.000
0 411.6 396.1
0.822 0.000 0.000
0 434.467 372.8
0.859 0.000 0.000
0 457.333 372.8
0.763 0.000 0.000
0 457.333 396.1
0.688 0.000 0.000
0 434.467 396.1
0.780 0.000 0.000
0 457.333 372.8
0.763 0.000 0.000
0 480.2 372.8
0.631 0.000 0.000
0 480.2 396.1
0.566 0.000 0.000
0 457.333 396.1
0.688 0.000 0.000
0 411.6 396.1
0.822 0.000 0.000
0 434.467 396.1
0.780 0.000 0.000
0 434.467 419.4
0.697 0.000 0.000
0 411.6 419.4
0.740 0.000 0.000
0 434.467 396.1
0.780 0.000 0.000
0 457.333 396.1
0.688 0.000 0.000
0 457.333 419.4
0.611 0.000 0.000
0 434.467 419.4
0.697 0.000 0.000
0 457.333 396.1
0.688 0.000 0.000
0 480.2 396.1
0.566 0.000 0.000
0 480.2 419.4
0.501 0.000 0.000
0 457.333 419.4
0.611 0.000 0.000
0 480.2 349.5
0.691 0.000 0.000
0 503.067 349.5
0.548 0.000 0.000
0 503.067 372.8
0.499 0.000 0.000
0 480.2 372.8
0.631 0.000 0.000
0 503.067 349.5
0.548 0.000 0.000
0 525.933 349.5
0.418 0.000 0.000
0 525.933 372.8
0.379 0.000 0.000
0 503.067 372.8
0.499 0.000 0.000
0 525.933 349.5
0.418 0.000 0.000
0 548.8 349.5
0.349 0.000 0.000
0 548.8 372.8
0.317 0.000 0.000
0 525.933 372.8
0.379 0.000 0.000
0 480.2 372.8
0.631 0.000 0.000
0 503.067 372.8
0.499 0.000 0.000
0 503.067 396.1
0.446 0.000 0.000
0 480.2 396.1
0.566 0.000 0.000
0 503.067 372.8
0.499 0.000 0.000
0 525.933 372.8
0.379 0.000 0.000
0 525.933 396.1
0.338 0.000 0.000
0 503.067 396.1
0.446 0.000 0.000
0 525.933 372.8
0.379 0.000 0.000
0 548.8 372.8
0.317 0.000 0.000
0 548.8 396.1
0.283 0.000 0.000
0 525.933 396.1
0.338 0.000 0.000
0 480.2 396.1
0.566 0.000 0.000
0 503.067 396.1
0.446 0.000 0.000
0 503.067 419.4
0.393 0.000 0.000
0 480.2 419.4
0.501 0.000 0.000
0 503.067 396.1
0.446 0.000 0.000
0 525.933 396.1
0.338 0.000 0.000
0 525.933 419.4
0.298 0.000 0.000
0 503.067 419.4
0.393 0.000 0.000
0 525.933 396.1
0.338 0.000 0.000
0 548.8 396.1
0.283 0.000 0.000
0 548.8 419.4
0.249 0.000 0.000
0 525.933 419.4
0.298 0.000 0.000
0 0 419.4
0.015 0.000 0.000
0 22.8667 419.4
0.017 0.000 0.000
0 22.8667 442.7
0.017 0.000 0.000
0 0 442.7
0.015 0.000 0.000
0 22.8667 419.4
0.017 0.000 0.000
0 45.7333 419.4
0.020 0.000 0.000
0 45.7333 442.7
0.020 0.000 0.000
0 22.8667 442.7
0.017 0.000 0.000
0 45.7333 419.4
0.020 0.000 0.000
0 68.6 419.4
0.027 0.000 0.000
0 68.6 442.7
0.041 0.000 0.000
0 45.7333 442.7
0.020 0.000 0.000
0 0 442.7
0.015 0.000 0.000
0 22.8667 442.7
0.017 0.000 0.000
0 22.8667 466
0.017 0.000 0.000
0 0 466
0.016 0.000 0.000
0 22.8667 442.7
0.017 0.000 0.000
0 45.7333 442.7
0.020 0.000 0.000
0 45.7333 466
0.024 0.000 0.000
0 22.8667 466
0.017 0.000 0.000
0 45.7333 442.7
0.020 0.000 0.000
0 68.6 442.7
0.041 0.000 0.000
0 68.6 466
0.057 0.000 0.000
0 45.7333 466
0.024 0.000 0.000
0 0 466
0.016 0.000 0.000
0 22.8667 466
0.017 0.000 0.000
0 22.8667 489.3
0.017 0.000 0.000
0 0 489.3
0.016 0.000 0.000
0 22.8667 466
0.017 0.000 0.000
0 45.7333 466
0.024 0.000 0.000
0 45.7333 489.3
0.034 0.000 0.000
0 22.8667 489.3
0.017 0.000 0.000
0 45.7333 466
0.024 0.000 0.000
0 68.6 466
0.057 0.000 0.000
0 68.6 489.3
0.069 0.000 0.000
0 45.7333 489.3
0.034 0.000 0.000
0 68.6 419.4
0.027 0.000 0.000
0 91.4667 419.4
0.068 0.000 0.000
0 91.4667 442.7
0.084 0.000 0.000
0 68.6 442.7
0.041 0.000 0.000
0 91.4667 419.4
0.068 0.000 0.000
0 114.333 419.4
0.107 0.000 0.000
0 114.333 442.7
0.107 0.000 0.000
0 91.4667 442.7
0.084 0.000 0.000
0 114.333 419.4
0.107 0.000 0.000
0 137.2 419.4
0.117 0.000 0.000
0 137.2 442.7
0.113 0.000 0.000
0 114.333 442.7
0.107 0.000 0.000
0 68.6 442.7
0.041 0.000 0.000
0 91.4667 442.7
0.084 0.000 0.000
0 91.4667 466
0.094 0.000 0.000
0 68.6 466
0.057 0.000 0.000
0 91.4667 442.7
0.084 0.000 0.000
0 114.333 442.7
0.107 0.000 0.000
0 114.333 466
0.103 0.000 0.000
0 91.4667 466
0.094 0.000 0.000
0 114.333 442.7
0.107 0.000 0.000
0 137.2 442.7
0.113 0.000 0.000
0 137.2 466
0.108 0.000 0.000
0 114.333 466
0.103 0.000 0.000
0 68.6 466
0.057 0.000 0.000
0 91.4667 466
0.094 0.000 0.000
0 91.4667 489.3
0.094 0.000 0.000
0 68.6 489.3
0.069 0.000 0.000
0 91.4667 466
0.094 0.000 0.000
0 114.333 466
0.103 0.000 0.000
0 114.333 489.3
0.099 0.000 0.000
0 91.4667 489.3
0.094 0.000 0.000
0 114.333 466
0.103 0.000 0.000
0 137.2 466
0.108 0.000 0.000
0 137.2 489.3
0.104 0.000 0.000
0 114.333 489.3
0.099 0.000 0.000
0 137.2 419.4
0.117 0.000 0.000
0 160.067 419.4
0.132 0.000 0.000
0 160.067 442.7
0.127 0.000 0.000
0 137.2 442.7
0.113 0.000 0.000
0 160.067 419.4
0.132 0.000 0.000
0 182.933 419.4
0.152 0.000 0.000
0 182.933 442.7
0.146 0.000 0.000
0 160.067 442.7
0.127 0.000 0.000
0 182.933 419.4
0.152 0.000 0.000
0 205.8 419.4
0.180 0.000 0.000
0 205.8 442.7
0.188 0.000 0.000
0 182.933 442.7
0.146 0.000 0.000
0 137.2 442.7
0.113 0.000 0.000
0 160.067 442.7
0.127 0.000 0.000
0 160.067 466
0.122 0.000 0.000
0 137.2 466
0.108 0.000 0.000
0 160.067 442.7
0.127 0.000 0.000
0 182.933 442.7
0.146 0.000 0.000
0 182.933 466
0.141 0.000 0.000
0 160.067 466
0.122 0.000 0.000
0 182.933 442.7
0.146 0.000 0.000
0 205.8 442.7
0.188 0.000 0.000
0 205.8 466
0.194 0.000 0.000
0 182.933 466
0.141 0.000 0.000
0 137.2 466
0.108 0.000 0.000
0 160.067 466
0.122 0.000 0.000
0 160.067 489.3
0.116 0.000 0.000
0 137.2 489.3
0.104 0.000 0.000
0 160.067 466
0.122 0.000 0.000
0 182.933 466
0.141 0.000 0.000
0 182.933 489.3
0.143 0.000 0.000
0 160.067 489.3
0.116 0.000 0.000
0 182.933 466
0.141 0.000 0.000
0 205.8 466
0.194 0.000 0.000
0 205.8 489.3
0.195 0.000 0.000
0 182.933 489.3
0.143 0.000 0.000
0 205.8 419.4
0.180 0.000 0.000
0 228.667 419.4
0.258 0.000 0.000
0 228.667 442.7
0.260 0.000 0.000
0 205.8 442.7
0.188 0.000 0.000
0 228.667 419.4
0.258 0.000 0.000
0 251.533 419.4
0.327 0.000 0.000
0 251.533 442.7
0.304 0.000 0.000
0 228.667 442.7
0.260 0.000 0.000
0 251.533 419.4
0.327 0.000 0.000
0 274.4 419.4
0.361 0.000 0.000
0 274.4 442.7
0.332 0.000 0.000
0 251.533 442.7
0.304 0.000 0.000
0 205.8 442.7
0.188 0.000 0.000
0 228.667 442.7
0.260 0.000 0.000
0 228.667 466
0.256 0.000 0.000
0 205.8 466
0.194 0.000 0.000
0 228.667 442.7
0.260 0.000 0.000
0 251.533 442.7
0.304 0.000 0.000
0 251.533 466
0.282 0.000 0.000
0 228.667 466
0.256 0.000 0.000
0 251.533 442.7
0.304 0.000 0.000
0 274.4 442.7
0.332 0.000 0.000
0 274.4 466
0.306 0.000 0.000
0 251.533 466
0.282 0.000 0.000
0 205.8 466
0.194 0.000 0.000
0 228.667 466
0.256 0.000 0.000
0 228.667 489.3
0.242 0.000 0.000
0 205.8 489.3
0.195 0.000 0.000
0 228.667 466
0.256 0.000 0.000
0 251.533 466
0.282 0.000 0.000
0 251.533 489.3
0.259 0.000 0.000
0 228.667 489.3
0.242 0.000 0.000
0 251.533 466
0.282 0.000 0.000
0 274.4 466
0.306 0.000 0.000
0 274.4 489.3
0.280 0.000 0.000
0 251.533 489.3
0.259 0.000 0.000
0 274.4 419.4
0.361 0.000 0.000
0 297.267 419.4
0.399 0.000 0.000
0 297.267 442.7
0.365 0.000 0.000
0 274.4 442.7
0.332 0.000 0.000
0 297.267 419.4
0.399 0.000 0.000
0 320.133 419.4
0.426 0.000 0.000
0 320.133 442.7
0.386 0.000 0.000
0 297.267 442.7
0.365 0.000 0.000
0 320.133 419.4
0.426 0.000 0.000
0 343 419.4
0.465 0.000 0.000
0 343 442.7
0.432 0.000 0.000
0 320.133 442.7
0.386 0.000 0.000
0 274.4 442.7
0.332 0.000 0.000
0 297.267 442.7
0.365 0.000 0.000
0 297.267 466
0.332 0.000 0.000
0 274.4 466
0.306 0.000 0.000
0 297.267 442.7
0.365 0.000 0.000
0 320.133 442.7
0.386 0.000 0.000
0 320.133 466
0.348 0.000 0.000
0 297.267 466
0.332 0.000 0.000
0 320.133 442.7
0.386 0.000 0.000
0 343 442.7
0.432 0.000 0.000
0 343 466
0.397 0.000 0.000
0 320.133 466
0.348 0.000 0.000
0 274.4 466
0.306 0.000 0.000
0 297.267 466
0.332 0.000 0.000
0 297.267 489.3
0.302 0.000 0.000
0 274.4 489.3
0.280 0.000 0.000
0 297.267 466
0.332 0.000 0.000
0 320.133 466
0.348 0.000 0.000
0 320.133 489.3
0.314 0.000 0.000
0 297.267 489.3
0.302 0.000 0.000
0 320.133 466
0.348 0.000 0.000
0 343 466
0.397 0.000 0.000
0 343 489.3
0.366 0.000 0.000
0 320.133 489.3
0.314 0.000 0.000
0 343 419.4
0.465 0.000 0.000
0 365.867 419.4
0.586 0.000 0.000
0 365.867 442.7
0.547 0.000 0.000
0 343 442.7
0.432 0.000 0.000
0 365.867 419.4
0.586 0.000 0.000
0 388.733 419.4
0.714 0.000 0.000
0 388.733 442.7
0.647 0.000 0.000
0 365.867 442.7
0.547 0.000 0.000
0 388.733 419.4
0.714 0.000 0.000
0 411.6 419.4
0.740 0.000 0.000
0 411.6 442.7
0.658 0.000 0.000
0 388.733 442.7
0.647 0.000 0.000
0 343 442.7
0.432 0.000 0.000
0 365.867 442.7
0.547 0.000 0.000
0 365.867 466
0.505 0.000 0.000
0 343 466
0.397 0.000 0.000
0 365.867 442.7
0.547 0.000 0.000
0 388.733 442.7
0.647 0.000 0.000
0 388.733 466
0.581 0.000 0.000
0 365.867 466
0.505 0.000 0.000
0 388.733 442.7
0.647 0.000 0.000
0 411.6 442.7
0.658 0.000 0.000
0 411.6 466
0.579 0.000 0.000
0 388.733 466
0.581 0.000 0.000
0 343 466
0.397 0.000 0.000
0 365.867 466
0.505 0.000 0.000
0 365.867 489.3
0.466 0.000 0.000
0 343 489.3
0.366 0.000 0.000
0 365.867 466
0.505 0.000 0.000
0 388.733 466
0.581 0.000 0.000
0 388.733 489.3
0.519 0.000 0.000
0 365.867 489.3
0.466 0.000 0.000
0 388.733 466
0.581 0.000 0.000
0 411.6 466
0.579 0.000 0.000
0 411.6 489.3
0.507 0.000 0.000
0 388.733 489.3
0.519 0.000 0.000
0 411.6 419.4
0.740 0.000 0.000
0 434.467 419.4
0.697 0.000 0.000
0 434.467 442.7
0.615 0.000 0.000
0 411.6 442.7
0.658 0.000 0.000
0 434.467 419.4
0.697 0.000 0.000
0 457.333 419.4
0.611 0.000 0.000
0 457.333 442.7
0.536 0.000 0.000
0 434.467 442.7
0.615 0.000 0.000
0 457.333 419.4
0.611 0.000 0.000
0 480.2 419.4
0.501 0.000 0.000
0 480.2 442.7
0.437 0.000 0.000
0 457.333 442.7
0.536 0.000 0.000
0 411.6 442.7
0.658 0.000 0.000
0 434.467 442.7
0.615 0.000 0.000
0 434.467 466
0.537 0.000 0.000
0 411.6 466
0.579 0.000 0.000
0 434.467 442.7
0.615 0.000 0.000
0 457.333 442.7
0.536 0.000 0.000
0 457.333 466
0.465 0.000 0.000
0 434.467 466
0.537 0.000 0.000
0 457.333 442.7
0.536 0.000 0.000
0 480.2 442.7
0.437 0.000 0.000
0 480.2 466
0.377 0.000 0.000
0 457.333 466
0.465 0.000 0.000
0 411.6 466
0.579 0.000 0.000
0 434.467 466
0.537 0.000 0.000
0 434.467 489.3
0.467 0.000 0.000
0 411.6 489.3
0.507 0.000 0.000
0 434.467 466
0.537 0.000 0.000
0 457.333 466
0.465 0.000 0.000
0 457.333 489.3
0.401 0.000 0.000
0 434.467 489.3
0.467 0.000 0.000
0 457.333 466
0.465 0.000 0.000
0 480.2 466
0.377 0.000 0.000
0 480.2 489.3
0.324 0.000 0.000
0 457.333 489.3
0.401 0.000 0.000
0 480.2 419.4
0.501 0.000 0.000
0 503.067 419.4
0.393 0.000 0.000
0 503.067 442.7
0.342 0.000 0.000
0 480.2 442.7
0.437 0.000 0.000
0 503.067 419.4
0.393 0.000 0.000
0 525.933 419.4
0.298 0.000 0.000
0 525.933 442.7
0.259 0.000 0.000
0 503.067 442.7
0.342 0.000 0.000
0 525.933 419.4
0.298 0.000 0.000
0 548.8 419.4
0.249 0.000 0.000
0 548.8 442.7
0.217 0.000 0.000
0 525.933 442.7
0.259 0.000 0.000
0 480.2 442.7
0.437 0.000 0.000
0 503.067 442.7
0.342 0.000 0.000
0 503.067 466
0.294 0.000 0.000
0 480.2 466
0.377 0.000 0.000
0 503.067 442.7
0.342 0.000 0.000
0 525.933 442.7
0.259 0.000 0.000
0 525.933 466
0.223 0.000 0.000
0 503.067 466
0.294 0.000 0.000
0 525.933 442.7
0.259 0.000 0.000
0 548.8 442.7
0.217 0.000 0.000
0 548.8 466
0.187 0.000 0.000
0 525.933 466
0.223 0.000 0.000
0 480.2 466
0.377 0.000 0.000
0 503.067 466
0.294 0.000 0.000
0 503.067 489.3
0.252 0.000 0.000
0 480.2 489.3
0.324 0.000 0.000
0 503.067 466
0.294 0.000 0.000
0 525.933 466
0.223 0.000 0.000
0 525.933 489.3
0.191 0.000 0.000
0 503.067 489.3
0.252 0.000 0.000
0 525.933 466
0.223 0.000 0.000
0 548.8 466
0.187 0.000 0.000
0 548.8 489.3
0.160 0.000 0.000
0 525.933 489.3
0.191 0.000 0.000
0 0 489.3
0.016 0.000 0.000
0 22.8667 489.3
0.017 0.000 0.000
0 22.8667 512.6
0.020 0.000 0.000
0 0 512.6
0.015 0.000 0.000
0 22.8667 489.3
0.017 0.000 0.000
0 45.7333 489.3
0.034 0.000 0.000
0 45.7333 512.6
0.046 0.000 0.000
0 22.8667 512.6
0.020 0.000 0.000
0 45.7333 489.3
0.034 0.000 0.000
0 68.6 489.3
0.069 0.000 0.000
0 68.6 512.6
0.076 0.000 0.000
0 45.7333 512.6
0.046 0.000 0.000
0 0 512.6
0.015 0.000 0.000
0 22.8667 512.6
0.020 0.000 0.000
0 22.8667 535.9
0.028 0.000 0.000
0 0 535.9
0.015 0.000 0.000
0 22.8667 512.6
0.020 0.000 0.000
0 45.7333 512.6
0.046 0.000 0.000
0 45.7333 535.9
0.056 0.000 0.000
0 22.8667 535.9
0.028 0.000 0.000
0 45.7333 512.6
0.046 0.000 0.000
0 68.6 512.6
0.076 0.000 0.000
0 68.6 535.9
0.076 0.000 0.000
0 45.7333 535.9
0.056 0.000 0.000
0 0 535.9
0.015 0.000 0.000
0 22.8667 535.9
0.028 0.000 0.000
0 22.8667 559.2
0.034 0.000 0.000
0 0 559.2
0.015 0.000 0.000
0 22.8667 535.9
0.028 0.000 0.000
0 45.7333 535.9
0.056 0.000 0.000
0 45.7333 559.2
0.061 0.000 0.000
0 22.8667 559.2
0.034 0.000 0.000
0 45.7333 535.9
0.056 0.000 0.000
0 68.6 535.9
0.076 0.000 0.000
0 68.6 559.2
0.074 0.000 0.000
0 45.7333 559.2
0.061 0.000 0.000
0 68.6 489.3
0.069 0.000 0.000
0 91.4667 489.3
0.094 0.000 0.000
0 91.4667 512.6
0.089 0.000 0.000
0 68.6 512.6
0.076 0.000 0.000
0 91.4667 489.3
0.094 0.000 0.000
0 114.333 489.3
0.099 0.000 0.000
0 114.333 512.6
0.094 0.000 0.000
0 91.4667 512.6
0.089 0.000 0.000
0 114.333 489.3
0.099 0.000 0.000
0 137.2 489.3
0.104 0.000 0.000
0 137.2 512.6
0.099 0.000 0.000
0 114.333 512.6
0.094 0.000 0.000
0 68.6 512.6
0.076 0.000 0.000
0 91.4667 512.6
0.089 0.000 0.000
0 91.4667 535.9
0.085 0.000 0.000
0 68.6 535.9
0.076 0.000 0.000
0 91.4667 512.6
0.089 0.000 0.000
0 114.333 512.6
0.094 0.000 0.000
0 114.333 535.9
0.088 0.000 0.000
0 91.4667 535.9
0.085 0.000 0.000
0 114.333 512.6
0.094 0.000 0.000
0 137.2 512.6
0.099 0.000 0.000
0 137.2 535.9
0.092 0.000 0.000
0 114.333 535.9
0.088 0.000 0.000
0 68.6 535.9
0.076 0.000 0.000
0 91.4667 535.9
0.085 0.000 0.000
0 91.4667 559.2
0.082 0.000 0.000
0 68.6 559.2
0.074 0.000 0.000
0 91.4667 535.9
0.085 0.000 0.000
0 114.333 535.9
0.088 0.000 0.000
0 114.333 559.2
0.085 0.000 0.000
0 91.4667 559.2
0.082 0.000 0.000
0 114.333 535.9
0.088 0.000 0.000
0 137.2 535.9
0.092 0.000 0.000
0 137.2 559.2
0.088 0.000 0.000
0 114.333 559.2
0.085 0.000 0.000
0 137.2 489.3
0.104 0.000 0.000
0 160.067 489.3
0.116 0.000 0.000
0 160.067 512.6
0.110 0.000 0.000
0 137.2 512.6
0.099 0.000 0.000
0 160.067 489.3
0.116 0.000 0.000
0 182.933 489.3
0.143 0.000 0.000
0 182.933 512.6
0.147 0.000 0.000
0 160.067 512.6
0.110 0.000 0.000
0 182.933 489.3
0.143 0.000 0.000
0 205.8 489.3
0.195 0.000 0.000
0 205.8 512.6
0.193 0.000 0.000
0 182.933 512.6
0.147 0.000 0.000
0 137.2 512.6
0.099 0.000 0.000
0 160.067 512.6
0.110 0.000 0.000
0 160.067 535.9
0.105 0.000 0.000
0 137.2 535.9
0.092 0.000 0.000
0 160.067 512.6
0.110 0.000 0.000
0 182.933 512.6
0.147 0.000 0.000
0 182.933 535.9
0.147 0.000 0.000
0 160.067 535.9
0.105 0.000 0.000
0 182.933 512.6
0.147 0.000 0.000
0 205.8 512.6
0.193 0.000 0.000
0 205.8 535.9
0.188 0.000 0.000
0 182.933 535.9
0.147 0.000 0.000
0 137.2 535.9
0.092 0.000 0.000
0 160.067 535.9
0.105 0.000 0.000
0 160.067 559.2
0.102 0.000 0.000
0 137.2 559.2
0.088 0.000 0.000
0 160.067 535.9
0.105 0.000 0.000
0 182.933 535.9
0.147 0.000 0.000
0 182.933 559.2
0.147 0.000 0.000
0 160.067 559.2
0.102 0.000 0.000
0 182.933 535.9
0.147 0.000 0.000
0 205.8 535.9
0.188 0.000 0.000
0 205.8 559.2
0.184 0.000 0.000
0 182.933 559.2
0.147 0.000 0.000
0 205.8 489.3
0.195 0.000 0.000
0 228.667 489.3
0.242 0.000 0.000
0 228.667 512.6
0.222 0.000 0.000
0 205.8 512.6
0.193 0.000 0.000
0 228.667 489.3
0.242 0.000 0.000
0 251.533 489.3
0.259 0.000 0.000
0 251.533 512.6
0.236 0.000 0.000
0 228.667 512.6
0.222 0.000 0.000
0 251.533 489.3
0.259 0.000 0.000
0 274.4 489.3
0.280 0.000 0.000
0 274.4 512.6
0.253 0.000 0.000
0 251.533 512.6
0.236 0.000 0.000
0 205.8 512.6
0.193 0.000 0.000
0 228.667 512.6
0.222 0.000 0.000
0 228.667 535.9
0.203 0.000 0.000
0 205.8 535.9
0.188 0.000 0.000
0 228.667 512.6
0.222 0.000 0.000
0 251.533 512.6
0.236 0.000 0.000
0 251.533 535.9
0.214 0.000 0.000
0 228.667 535.9
0.203 0.000 0.000
0 251.533 512.6
0.236 0.000 0.000
0 274.4 512.6
0.253 0.000 0.000
0 274.4 535.9
0.227 0.000 0.000
0 251.533 535.9
0.214 0.000 0.000
0 205.8 535.9
0.188 0.000 0.000
0 228.667 535.9
0.203 0.000 0.000
0 228.667 559.2
0.193 0.000 0.000
0 205.8 559.2
0.184 0.000 0.000
0 228.667 535.9
0.203 0.000 0.000
0 251.533 535.9
0.214 0.000 0.000
0 251.533 559.2
0.204 0.000 0.000
0 228.667 559.2
0.193 0.000 0.000
0 251.533 535.9
0.214 0.000 0.000
0 274.4 535.9
0.227 0.000 0.000
0 274.4 559.2
0.215 0.000 0.000
0 251.533 559.2
0.204 0.000 0.000
0 274.4 489.3
0.280 0.000 0.000
0 297.267 489.3
0.302 0.000 0.000
0 297.267 512.6
0.271 0.000 0.000
0 274.4 512.6
0.253 0.000 0.000
0 297.267 489.3
0.302 0.000 0.000
0 320.133 489.3
0.314 0.000 0.000
0 320.133 512.6
0.281 0.000 0.000
0 297.267 512.6
0.271 0.000 0.000
0 320.133 489.3
0.314 0.000 0.000
0 343 489.3
0.366 0.000 0.000
0 343 512.6
0.336 0.000 0.000
0 320.133 512.6
0.281 0.000 0.000
0 274.4 512.6
0.253 0.000 0.000
0 297.267 512.6
0.271 0.000 0.000
0 297.267 535.9
0.239 0.000 0.000
0 274.4 535.9
0.227 0.000 0.000
0 297.267 512.6
0.271 0.000 0.000
0 320.133 512.6
0.281 0.000 0.000
0 320.133 535.9
0.251 0.000 0.000
0 297.267 535.9
0.239 0.000 0.000
0 320.133 512.6
0.281 0.000 0.000
0 343 512.6
0.336 0.000 0.000
0 343 535.9
0.307 0.000 0.000
0 320.133 535.9
0.251 0.000 0.000
0 274.4 535.9
0.227 0.000 0.000
0 297.267 535.9
0.239 0.000 0.000
0 297.267 559.2
0.225 0.000 0.000
0 274.4 559.2
0.215 0.000 0.000
0 297.267 535.9
0.239 0.000 0.000
0 320.133 535.9
0.251 0.000 0.000
0 320.133 559.2
0.241 0.000 0.000
0 297.267 559.2
0.225 0.000 0.000
0 320.133 535.9
0.251 0.000 0.000
0 343 535.9
0.307 0.000 0.000
0 343 559.2
0.296 0.000 0.000
0 320.133 559.2
0.241 0.000 0.000
0 343 489.3
0.366 0.000 0.000
0 365.867 489.3
0.466 0.000 0.000
0 365.867 512.6
0.426 0.000 0.000
0 343 512.6
0.336 0.000 0.000
0 365.867 489.3
0.466 0.000 0.000
0 388.733 489.3
0.519 0.000 0.000
0 388.733 512.6
0.460 0.000 0.000
0 365.867 512.6
0.426 0.000 0.000
0 388.733 489.3
0.519 0.000 0.000
0 411.6 489.3
0.507 0.000 0.000
0 411.6 512.6
0.442 0.000 0.000
0 388.733 512.6
0.460 0.000 0.000
0 343 512.6
0.336 0.000 0.000
0 365.867 512.6
0.426 0.000 0.000
0 365.867 535.9
0.379 0.000 0.000
0 343 535.9
0.307 0.000 0.000
0 365.867 512.6
0.426 0.000 0.000
0 388.733 512.6
0.460 0.000 0.000
0 388.733 535.9
0.399 0.000 0.000
0 365.867 535.9
0.379 0.000 0.000
0 388.733 512.6
0.460 0.000 0.000
0 411.6 512.6
0.442 0.000 0.000
0 411.6 535.9
0.380 0.000 0.000
0 388.733 535.9
0.399 0.000 0.000
0 343 535.9
0.307 0.000 0.000
0 365.867 535.9
0.379 0.000 0.000
0 365.867 559.2
0.361 0.000 0.000
0 343 559.2
0.296 0.000 0.000
0 365.867 535.9
0.379 0.000 0.000
0 388.733 535.9
0.399 0.000 0.000
0 388.733 559.2
0.375 0.000 0.000
0 365.867 559.2
0.361 0.000 0.000
0 388.733 535.9
0.399 0.000 0.000
0 411.6 535.9
0.380 0.000 0.000
0 411.6 559.2
0.357 0.000 0.000
0 388.733 559.2
0.375 0.000 0.000
0 411.6 489.3
0.507 0.000 0.000
0 434.467 489.3
0.467 0.000 0.000
0 434.467 512.6
0.404 0.000 0.000
0 411.6 512.6
0.442 0.000 0.000
0 434.467 489.3
0.467 0.000 0.000
0 457.333 489.3
0.401 0.000 0.000
0 457.333 512.6
0.346 0.000 0.000
0 434.467 512.6
0.404 0.000 0.000
0 457.333 489.3
0.401 0.000 0.000
0 480.2 489.3
0.324 0.000 0.000
0 480.2 512.6
0.278 0.000 0.000
0 457.333 512.6
0.346 0.000 0.000
0 411.6 512.6
0.442 0.000 0.000
0 434.467 512.6
0.404 0.000 0.000
0 434.467 535.9
0.345 0.000 0.000
0 411.6 535.9
0.380 0.000 0.000
0 434.467 512.6
0.404 0.000 0.000
0 457.333 512.6
0.346 0.000 0.000
0 457.333 535.9
0.293 0.000 0.000
0 434.467 535.9
0.345 0.000 0.000
0 457.333 512.6
0.346 0.000 0.000
0 480.2 512.6
0.278 0.000 0.000
0 480.2 535.9
0.235 0.000 0.000
0 457.333 535.9
0.293 0.000 0.000
0 411.6 535.9
0.380 0.000 0.000
0 434.467 535.9
0.345 0.000 0.000
0 434.467 559.2
0.322 0.000 0.000
0 411.6 559.2
0.357 0.000 0.000
0 434.467 535.9
0.345 0.000 0.000
0 457.333 535.9
0.293 0.000 0.000
0 457.333 559.2
0.273 0.000 0.000
0 434.467 559.2
0.322 0.000 0.000
0 457.333 535.9
0.293 0.000 0.000
0 480.2 535.9
0.235 0.000 0.000
0 480.2 559.2
0.218 0.000 0.000
0 457.333 559.2
0.273 0.000 0.000
0 480.2 489.3
0.324 0.000 0.000
0 503.067 489.3
0.252 0.000 0.000
0 503.067 512.6
0.216 0.000 0.000
0 480.2 512.6
0.278 0.000 0.000
0 503.067 489.3
0.252 0.000 0.000
0 525.933 489.3
0.191 0.000 0.000
0 525.933 512.6
0.164 0.000 0.000
0 503.067 512.6
0.216 0.000 0.000
0 525.933 489.3
0.191 0.000 0.000
0 548.8 489.3
0.160 0.000 0.000
0 548.8 512.6
0.138 0.000 0.000
0 525.933 512.6
0.164 0.000 0.000
0 480.2 512.6
0.278 0.000 0.000
0 503.067 512.6
0.216 0.000 0.000
0 503.067 535.9
0.182 0.000 0.000
0 480.2 535.9
0.235 0.000 0.000
0 503.067 512.6
0.216 0.000 0.000
0 525.933 512.6
0.164 0.000 0.000
0 525.933 535.9
0.138 0.000 0.000
0 503.067 535.9
0.182 0.000 0.000
0 525.933 512.6
0.164 0.000 0.000
0 548.8 512.6
0.138 0.000 0.000
0 548.8 535.9
0.116 0.000 0.000
0 525.933 535.9
0.138 0.000 0.000
0 480.2 535.9
0.235 0.000 0.000
0 503.067 535.9
0.182 0.000 0.000
0 503.067 559.2
0.168 0.000 0.000
0 480.2 559.2
0.218 0.000 0.000
0 503.067 535.9
0.182 0.000 0.000
0 525.933 535.9
0.138 0.000 0.000
0 525.933 559.2
0.127 0.000 0.000
0 503.067 559.2
0.168 0.000 0.000
0 525.933 535.9
0.138 0.000 0.000
0 548.8 535.9
0.116 0.000 0.000
0 548.8 559.2
0.106 0.000 0.000
0 525.933 559.2
0.127 0.000 0.000
549.6 0 559.2
0.000 0.018 0.000
549.867 22.8667 559.2
0.000 0.020 0.000
549.994 22.8667 535.9
0.000 0.021 0.000
549.733 0 535.9
0.000 0.019 0.000
549.867 22.8667 559.2
0.000 0.020 0.000
550.133 45.7333 559.2
0.000 0.024 0.000
550.255 45.7333 535.9
0.000 0.025 0.000
549.994 22.8667 535.9
0.000 0.021 0.000
550.133 45.7333 559.2
0.000 0.024 0.000
550.4 68.6 559.2
0.000 0.026 0.000
550.517 68.6 535.9
0.000 0.027 0.000
550.255 45.7333 535.9
0.000 0.025 0.000
549.733 0 535.9
0.000 0.019 0.000
549.994 22.8667 535.9
0.000 0.021 0.000
550.122 22.8667 512.6
0.000 0.023 0.000
549.867 0 512.6
0.000 0.021 0.000
549.994 22.8667 535.9
0.000 0.021 0.000
550.255 45.7333 535.9
0.000 0.025 0.000
550.378 45.7333 512.6
0.000 0.027 0.000
550.122 22.8667 512.6
0.000 0.023 0.000
550.255 45.7333 535.9
0.000 0.025 0.000
550.517 68.6 535.9
0.000 0.027 0.000
550.633 68.6 512.6
0.000 0.030 0.000
550.378 45.7333 512.6
0.000 0.027 0.000
549.867 0 512.6
0.000 0.021 0.000
550.122 22.8667 512.6
0.000 0.023 0.000
550.25 22.8667 489.3
0.000 0.027 0.000
550 0 489.3
0.000 0.024 0.000
550.122 22.8667 512.6
0.000 0.023 0.000
550.378 45.7333 512.6
0.000 0.027 0.000
550.5 45.7333 489.3
0.000 0.030 0.000
550.25 22.8667 489.3
0.000 0.027 0.000
550.378 45.7333 512.6
0.000 0.027 0.000
550.633 68.6 512.6
0.000 0.030 0.000
550.75 68.6 489.3
0.000 0.032 0.000
550.5 45.7333 489.3
0.000 0.030 0.000
550.4 68.6 559.2
0.000 0.026 0.000
550.667 91.4667 559.2
0.000 0.028 0.000
550.778 91.4667 535.9
0.000 0.029 0.000
550.517 68.6 535.9
0.000 0.027 0.000
550.667 91.4667 559.2
0.000 0.028 0.000
550.933 114.333 559.2
0.000 0.030 0.000
551.039 114.333 535.9
0.000 0.031 0.000
550.778 91.4667 535.9
0.000 0.029 0.000
550.933 114.333 559.2
0.000 0.030 0.000
551.2 137.2 559.2
0.000 0.032 0.000
551.3 137.2 535.9
0.000 0.034 0.000
551.039 114.333 535.9
0.000 0.031 0.000
550.517 68.6 535.9
0.000 0.027 0.000
550.778 91.4667 535.9
0.000 0.029 0.000
550.889 91.4667 512.6
0.000 0.032 0.000
550.633 68.6 512.6
0.000 0.030 0.000
550.778 91.4667 535.9
0.000 0.029 0.000
551.039 114.333 535.9
0.000 0.031 0.000
551.144 114.333 512.6
0.000 0.034 0.000
550.889 91.4667 512.6
0.000 0.032 0.000
551.039 114.333 535.9
0.000 0.031 0.000
551.3 137.2 535.9
0.000 0.034 0.000
551.4 137.2 512.6
0.000 0.036 0.000
551.144 114.333 512.6
0.000 0.034 0.000
550.633 68.6 512.6
0.000 0.030 0.000
550.889 91.4667 512.6
0.000 0.032 0.000
551 91.4667 489.3
0.000 0.034 0.000
550.75 68.6 489.3
0.000 0.032 0.000
550.889 91.4667 512.6
0.000 0.032 0.000
551.144 114.333 512.6
0.000 0.034 0.000
551.25 114.333 489.3
0.000 0.036 0.000
551 91.4667 489.3
0.000 0.034 0.000
551.144 114.333 512.6
0.000 0.034 0.000
551.4 137.2 512.6
0.000 0.036 0.000
551.5 137.2 489.3
0.000 0.039 0.000
551.25 114.333 489.3
0.000 0.036 0.000
551.2 137.2 559.2
0.000 0.032 0.000
551.467 160.067 559.2
0.000 0.035 0.000
551.561 160.067 535.9
0.000 0.036 0.000
551.3 137.2 535.9
0.000 0.034 0.000
551.467 160.067 559.2
0.000 0.035 0.000
551.733 182.933 559.2
0.000 0.046 0.000
551.822 182.933 535.9
0.000 0.043 0.000
551.561 160.067 535.9
0.000 0.036 0.000
551.733 182.933 559.2
0.000 0.046 0.000
552 205.8 559.2
0.000 0.090 0.000
552.083 205.8 535.9
0.000 0.071 0.000
551.822 182.933 535.9
0.000 0.043 0.000
551.3 137.2 535.9
0.000 0.034 0.000
551.561 160.067 535.9
0.000 0.036 0.000
551.656 160.067 512.6
0.000 0.039 0.000
551.4 137.2 512.6
0.000 0.036 0.000
551.561 160.067 535.9
0.000 0.036 0.000
551.822 182.933 535.9
0.000 0.043 0.000
551.911 182.933 512.6
0.000 0.042 0.000
551.656 160.067 512.6
0.000 0.039 0.000
551.822 182.933 535.9
0.000 0.043 0.000
552.083 205.8 535.9
0.000 0.071 0.000
552.167 205.8 512.6
0.000 0.051 0.000
551.911 182.933 512.6
0.000 0.042 0.000
551.4 137.2 512.6
0.000 0.036 0.000
551.656 160.067 512.6
0.000 0.039 0.000
551.75 160.067 489.3
0.000 0.041 0.000
551.5 137.2 489.3
0.000 0.039 0.000
551.656 160.067 512.6
0.000 0.039 0.000
551.911 182.933 512.6
0.000 0.042 0.000
552 182.933 489.3
0.000 0.045 0.000
551.75 160.067 489.3
0.000 0.041 0.000
551.911 182.933 512.6
0.000 0.042 0.000
552.167 205.8 512.6
0.000 0.051 0.000
552.25 205.8 489.3
0.000 0.050 0.000
552 182.933 489.3
0.000 0.045 0.000
552 205.8 559.2
0.000 0.090 0.000
552.267 228.667 559.2
0.000 0.128 0.000
552.344 228.667 535.9
0.000 0.114 0.000
552.083 205.8 535.9
0.000 0.071 0.000
552.267 228.667 559.2
0.000 0.128 0.000
552.533 251.533 559.2
0.000 0.139 0.000
552.606 251.533 535.9
0.000 0.144 0.000
552.344 228.667 535.9
0.000 0.114 0.000
552.533 251.533 559.2
0.000 0.139 0.000
552.8 274.4 559.2
0.000 0.165 0.000
552.867 274.4 535.9
0.000 0.165 0.000
552.606 251.533 535.9
0.000 0.144 0.000
552.083 205.8 535.9
0.000 0.071 0.000
552.344 228.667 535.9
0.000 0.114 0.000
552.422 228.667 512.6
0.000 0.079 0.000
552.167 205.8 512.6
0.000 0.051 0.000
552.344 228.667 535.9
0.000 0.114 0.000
552.606 251.533 535.9
0.000 0.144 0.000
552.678 251.533 512.6
0.000 0.131 0.000
552.422 228.667 512.6
0.000 0.079 0.000
552.606 251.533 535.9
0.000 0.144 0.000
552.867 274.4 535.9
0.000 0.165 0.000
552.933 274.4 512.6
0.000 0.170 0.000
552.678 251.533 512.6
0.000 0.131 0.000
552.167 205.8 512.6
0.000 0.051 0.000
552.422 228.667 512.6
0.000 0.079 0.000
552.5 228.667 489.3
0.000 0.058 0.000
552.25 205.8 489.3
0.000 0.050 0.000
552.422 228.667 512.6
0.000 0.079 0.000
552.678 251.533 512.6
0.000 0.131 0.000
552.75 251.533 489.3
0.000 0.090 0.000
552.5 228.667 489.3
0.000 0.058 0.000
552.678 251.533 512.6
0.000 0.131 0.000
552.933 274.4 512.6
0.000 0.170 0.000
553 274.4 489.3
0.000 0.151 0.000
552.75 251.533 489.3
0.000 0.090 0.000
552.8 274.4 559.2
0.000 0.165 0.000
553.067 297.267 559.2
0.000 0.218 0.000
553.128 297.267 535.9
0.000 0.211 0.000
552.867 274.4 535.9
0.000 0.165 0.000
553.067 297.267 559.2
0.000 0.218 0.000
553.333 320.133 559.2
0.000 0.252 0.000
553.389 320.133 535.9
0.000 0.258 0.000
553.128 297.267 535.9
0.000 0.211 0.000
553.333 320.133 559.2
0.000 0.252 0.000
553.6 343 559.2
0.000 0.275 0.000
553.65 343 535.9
0.000 0.284 0.000
553.389 320.133 535.9
0.000 0.258 0.000
552.867 274.4 535.9
0.000 0.165 0.000
553.128 297.267 535.9
0.000 0.211 0.000
553.189 297.267 512.6
0.000 0.201 0.000
552.933 274.4 512.6
0.000 0.170 0.000
553.128 297.267 535.9
0.000 0.211 0.000
553.389 320.133 535.9
0.000 0.258 0.000
553.444 320.133 512.6
0.000 0.258 0.000
553.189 297.267 512.6
0.000 0.201 0.000
553.389 320.133 535.9
0.000 0.258 0.000
553.65 343 535.9
0.000 0.284 0.000
553.7 343 512.6
0.000 0.303 0.000
553.444 320.133 512.6
0.000 0.258 0.000
552.933 274.4 512.6
0.000 0.170 0.000
553.189 297.267 512.6
0.000 0.201 0.000
553.25 297.267 489.3
0.000 0.201 0.000
553 274.4 489.3
0.000 0.151 0.000
553.189 297.267 512.6
0.000 0.201 0.000
553.444 320.133 512.6
0.000 0.258 0.000
553.5 320.133 489.3
0.000 0.245 0.000
553.25 297.267 489.3
0.000 0.201 0.000
553.444 320.133 512.6
0.000 0.258 0.000
553.7 343 512.6
0.000 0.303 0.000
553.75 343 489.3
0.000 0.309 0.000
553.5 320.133 489.3
0.000 0.245 0.000
553.6 343 559.2
0.000 0.275 0.000
553.867 365.867 559.2
0.000 0.324 0.000
553.911 365.867 535.9
0.000 0.330 0.000
553.65 343 535.9
0.000 0.284 0.000
553.867 365.867 559.2
0.000 0.324 0.000
554.133 388.733 559.2
0.000 0.362 0.000
554.172 388.733 535.9
0.000 0.382 0.000
553.911 365.867 535.9
0.000 0.330 0.000
554.133 388.733 559.2
0.000 0.362 0.000
554.4 411.6 559.2
0.000 0.359 0.000
554.433 411.6 535.9
0.000 0.387 0.000
554.172 388.733 535.9
0.000 0.382 0.000
553.65 343 535.9
0.000 0.284 0.000
553.911 365.867 535.9
0.000 0.330 0.000
553.956 365.867 512.6
0.000 0.344 0.000
553.7 343 512.6
0.000 0.303 0.000
553.911 365.867 535.9
0.000 0.330 0.000
554.172 388.733 535.9
0.000 0.382 0.000
554.211 388.733 512.6
0.000 0.413 0.000
553.956 365.867 512.6
0.000 0.344 0.000
554.172 388.733 535.9
0.000 0.382 0.000
554.433 411.6 535.9
0.000 0.387 0.000
554.467 411.6 512.6
0.000 0.443 0.000
554.211 388.733 512.6
0.000 0.413 0.000
553.7 343 512.6
0.000 0.303 0.000
553.956 365.867 512.6
0.000 0.344 0.000
554 365.867 489.3
0.000 0.360 0.000
553.75 343 489.3
0.000 0.309 0.000
553.956 365.867 512.6
0.000 0.344 0.000
554.211 388.733 512.6
0.000 0.413 0.000
554.25 388.733 489.3
0.000 0.429 0.000
554 365.867 489.3
0.000 0.360 0.000
554.211 388.733 512.6
0.000 0.413 0.000
554.467 411.6 512.6
0.000 0.443 0.000
554.5 411.6 489.3
0.000 0.494 0.000
554.25 388.733 489.3
0.000 0.429 0.000
554.4 411.6 559.2
0.000 0.359 0.000
554.667 434.467 559.2
0.000 0.324 0.000
554.694 434.467 535.9
0.000 0.350 0.000
554.433 411.6 535.9
0.000 0.387 0.000
554.667 434.467 559.2
0.000 0.324 0.000
554.933 457.333 559.2
0.000 0.278 0.000
554.956 457.333 535.9
0.000 0.302 0.000
554.694 434.467 535.9
0.000 0.350 0.000
554.933 457.333 559.2
0.000 0.278 0.000
555.2 480.2 559.2
0.000 0.222 0.000
555.217 480.2 535.9
0.000 0.242 0.000
554.956 457.333 535.9
0.000 0.302 0.000
554.433 411.6 535.9
0.000 0.387 0.000
554.694 434.467 535.9
0.000 0.350 0.000
554.722 434.467 512.6
0.000 0.409 0.000
554.467 411.6 512.6
0.000 0.443 0.000
554.694 434.467 535.9
0.000 0.350 0.000
554.956 457.333 535.9
0.000 0.302 0.000
554.978 457.333 512.6
0.000 0.354 0.000
554.722 434.467 512.6
0.000 0.409 0.000
554.956 457.333 535.9
0.000 0.302 0.000
555.217 480.2 535.9
0.000 0.242 0.000
555.233 480.2 512.6
0.000 0.285 0.000
554.978 457.333 512.6
0.000 0.354 0.000
554.467 411.6 512.6
0.000 0.443 0.000
554.722 434.467 512.6
0.000 0.409 0.000
554.75 434.467 489.3
0.000 0.478 0.000
554.5 411.6 489.3
0.000 0.494 0.000
554.722 434.467 512.6
0.000 0.409 0.000
554.978 457.333 512.6
0.000 0.354 0.000
555 457.333 489.3
0.000 0.415 0.000
554.75 434.467 489.3
0.000 0.478 0.000
554.978 457.333 512.6
0.000 0.354 0.000
555.233 480.2 512.6
0.000 0.285 0.000
555.25 480.2 489.3
0.000 0.336 0.000
555 457.333 489.3
0.000 0.415 0.000
555.2 480.2 559.2
0.000 0.222 0.000
555.467 503.067 559.2
0.000 0.168 0.000
555.478 503.067 535.9
0.000 0.186 0.000
555.217 480.2 535.9
0.000 0.242 0.000
555.467 503.067 559.2
0.000 0.168 0.000
555.733 525.933 559.2
0.000 0.129 0.000
555.739 525.933 535.9
0.000 0.141 0.000
555.478 503.067 535.9
0.000 0.186 0.000
555.733 525.933 559.2
0.000 0.129 0.000
556 548.8 559.2
0.000 0.109 0.000
556 548.8 535.9
0.000 0.119 0.000
555.739 525.933 535.9
0.000 0.141 0.000
555.217 480.2 535.9
0.000 0.242 0.000
555.478 503.067 535.9
0.000 0.186 0.000
555.489 503.067 512.6
0.000 0.220 0.000
555.233 480.2 512.6
0.000 0.285 0.000
555.478 503.067 535.9
0.000 0.186 0.000
555.739 525.933 535.9
0.000 0.141 0.000
555.744 525.933 512.6
0.000 0.168 0.000
555.489 503.067 512.6
0.000 0.220 0.000
555.739 525.933 535.9
0.000 0.141 0.000
556 548.8 535.9
0.000 0.119 0.000
556 548.8 512.6
0.000 0.142 0.000
555.744 525.933 512.6
0.000 0.168 0.000
555.233 480.2 512.6
0.000 0.285 0.000
555.489 503.067 512.6
0.000 0.220 0.000
555.5 503.067 489.3
0.000 0.259 0.000
555.25 480.2 489.3
0.000 0.336 0.000
555.489 503.067 512.6
0.000 0.220 0.000
555.744 525.933 512.6
0.000 0.168 0.000
555.75 525.933 489.3
0.000 0.199 0.000
555.5 503.067 489.3
0.000 0.259 0.000
555.744 525.933 512.6
0.000 0.168 0.000
556 548.8 512.6
0.000 0.142 0.000
556 548.8 489.3
0.000 0.168 0.000
555.75 525.933 489.3
0.000 0.199 0.000
550 0 489.3
0.000 0.024 0.000
550.25 22.8667 489.3
0.000 0.027 0.000
550.378 22.8667 466
0.000 0.031 0.000
550.133 0 466
0.000 0.028 0.000
550.25 22.8667 489.3
0.000 0.027 0.000
550.5 45.7333 489.3
0.000 0.030 0.000
550.622 45.7333 466
0.000 0.034 0.000
550.378 22.8667 466
0.000 0.031 0.000
550.5 45.7333 489.3
0.000 0.030 0.000
550.75 68.6 489.3
0.000 0.032 0.000
550.867 68.6 466
0.000 0.035 0.000
550.622 45.7333 466
0.000 0.034 0.000
550.133 0 466
0.000 0.028 0.000
550.378 22.8667 466
0.000 0.031 0.000
550.505 22.8667 442.7
0.000 0.033 0.000
550.267 0 442.7
0.000 0.029 0.000
550.378 22.8667 466
0.000 0.031 0.000
550.622 45.7333 466
0.000 0.034 0.000
550.744 45.7333 442.7
0.000 0.036 0.000
550.505 22.8667 442.7
0.000 0.033 0.000
550.622 45.7333 466
0.000 0.034 0.000
550.867 68.6 466
0.000 0.035 0.000
550.983 68.6 442.7
0.000 0.036 0.000
550.744 45.7333 442.7
0.000 0.036 0.000
550.267 0 442.7
0.000 0.029 0.000
550.505 22.8667 442.7
0.000 0.033 0.000
550.633 22.8667 419.4
0.000 0.032 0.000
550.4 0 419.4
0.000 0.028 0.000
550.505 22.8667 442.7
0.000 0.033 0.000
550.744 45.7333 442.7
0.000 0.036 0.000
550.867 45.7333 419.4
0.000 0.036 0.000
550.633 22.8667 419.4
0.000 0.032 0.000
550.744 45.7333 442.7
0.000 0.036 0.000
550.983 68.6 442.7
0.000 0.036 0.000
551.1 68.6 419.4
0.000 0.037 0.000
550.867 45.7333 419.4
0.000 0.036 0.000
550.75 68.6 489.3
0.000 0.032 0.000
551 91.4667 489.3
0.000 0.034 0.000
551.111 91.4667 466
0.000 0.036 0.000
550.867 68.6 466
0.000 0.035 0.000
551 91.4667 489.3
0.000 0.034 0.000
551.25 114.333 489.3
0.000 0.036 0.000
551.355 114.333 466
0.000 0.038 0.000
551.111 91.4667 466
0.000 0.036 0.000
551.25 114.333 489.3
0.000 0.036 0.000
551.5 137.2 489.3
0.000 0.039 0.000
551.6 137.2 466
0.000 0.041 0.000
551.355 114.333 466
0.000 0.038 0.000
550.867 68.6 466
0.000 0.035 0.000
551.111 91.4667 466
0.000 0.036 0.000
551.222 91.4667 442.7
0.000 0.037 0.000
550.983 68.6 442.7
0.000 0.036 0.000
551.111 91.4667 466
0.000 0.036 0.000
551.355 114.333 466
0.000 0.038 0.000
551.461 114.333 442.7
0.000 0.039 0.000
551.222 91.4667 442.7
0.000 0.037 0.000
551.355 114.333 466
0.000 0.038 0.000
551.6 137.2 466
0.000 0.041 0.000
551.7 137.2 442.7
0.000 0.042 0.000
551.461 114.333 442.7
0.000 0.039 0.000
550.983 68.6 442.7
0.000 0.036 0.000
551.222 91.4667 442.7
0.000 0.037 0.000
551.333 91.4667 419.4
0.000 0.038 0.000
551.1 68.6 419.4
0.000 0.037 0.000
551.222 91.4667 442.7
0.000 0.037 0.000
551.461 114.333 442.7
0.000 0.039 0.000
551.567 114.333 419.4
0.000 0.040 0.000
551.333 91.4667 419.4
0.000 0.038 0.000
551.461 114.333 442.7
0.000 0.039 0.000
551.7 137.2 442.7
0.000 0.042 0.000
551.8 137.2 419.4
0.000 0.044 0.000
551.567 114.333 419.4
0.000 0.040 0.000
551.5 137.2 489.3
0.000 0.039 0.000
551.75 160.067 489.3
0.000 0.041 0.000
551.844 160.067 466
0.000 0.044 0.000
551.6 137.2 466
0.000 0.041 0.000
551.75 160.067 489.3
0.000 0.041 0.000
552 182.933 489.3
0.000 0.045 0.000
552.089 182.933 466
0.000 0.047 0.000
551.844 160.067 466
0.000 0.044 0.000
552 182.933 489.3
0.000 0.045 0.000
552.25 205.8 489.3
0.000 0.050 0.000
552.333 205.8 466
0.000 0.052 0.000
552.089 182.933 466
0.000 0.047 0.000
551.6 137.2 466
0.000 0.041 0.000
551.844 160.067 466
0.000 0.044 0.000
551.939 160.067 442.7
0.000 0.046 0.000
551.7 137.2 442.7
0.000 0.042 0.000
551.844 160.067 466
0.000 0.044 0.000
552.089 182.933 466
0.000 0.047 0.000
552.178 182.933 442.7
0.000 0.050 0.000
551.939 160.067 442.7
0.000 0.046 0.000
552.089 182.933 466
0.000 0.047 0.000
552.333 205.8 466
0.000 0.052 0.000
552.417 205.8 442.7
0.000 0.055 0.000
552.178 182.933 442.7
0.000 0.050 0.000
551.7 137.2 442.7
0.000 0.042 0.000
551.939 160.067 442.7
0.000 0.046 0.000
552.033 160.067 419.4
0.000 0.048 0.000
551.8 137.2 419.4
0.000 0.044 0.000
551.939 160.067 442.7
0.000 0.046 0.000
552.178 182.933 442.7
0.000 0.050 0.000
552.267 182.933 419.4
0.000 0.052 0.000
552.033 160.067 419.4
0.000 0.048 0.000
552.178 182.933 442.7
0.000 0.050 0.000
552.417 205.8 442.7
0.000 0.055 0.000
552.5 205.8 419.4
0.000 0.057 0.000
552.267 182.933 419.4
0.000 0.052 0.000
552.25 205.8 489.3
0.000 0.050 0.000
552.5 228.667 489.3
0.000 0.058 0.000
552.578 228.667 466
0.000 0.058 0.000
552.333 205.8 466
0.000 0.052 0.000
552.5 228.667 489.3
0.000 0.058 0.000
552.75 251.533 489.3
0.000 0.090 0.000
552.822 251.533 466
0.000 0.067 0.000
552.578 228.667 466
0.000 0.058 0.000
552.75 251.533 489.3
0.000 0.090 0.000
553 274.4 489.3
0.000 0.151 0.000
553.067 274.4 466
0.000 0.102 0.000
552.822 251.533 466
0.000 0.067 0.000
552.333 205.8 466
0.000 0.052 0.000
552.578 228.667 466
0.000 0.058 0.000
552.656 228.667 442.7
0.000 0.061 0.000
552.417 205.8 442.7
0.000 0.055 0.000
552.578 228.667 466
0.000 0.058 0.000
552.822 251.533 466
0.000 0.067 0.000
552.894 251.533 442.7
0.000 0.069 0.000
552.656 228.667 442.7
0.000 0.061 0.000
552.822 251.533 466
0.000 0.067 0.000
553.067 274.4 466
0.000 0.102 0.000
553.133 274.4 442.7
0.000 0.078 0.000
552.894 251.533 442.7
0.000 0.069 0.000
552.417 205.8 442.7
0.000 0.055 0.000
552.656 228.667 442.7
0.000 0.061 0.000
552.733 228.667 419.4
0.000 0.064 0.000
552.5 205.8 419.4
0.000 0.057 0.000
552.656 228.667 442.7
0.000 0.061 0.000
552.894 251.533 442.7
0.000 0.069 0.000
552.967 251.533 419.4
0.000 0.072 0.000
552.733 228.667 419.4
0.000 0.064 0.000
552.894 251.533 442.7
0.000 0.069 0.000
553.133 274.4 442.7
0.000 0.078 0.000
553.2 274.4 419.4
0.000 0.081 0.000
552.967 251.533 419.4
0.000 0.072 0.000
553 274.4 489.3
0.000 0.151 0.000
553.25 297.267 489.3
0.000 0.201 0.000
553.311 297.267 466
0.000 0.173 0.000
553.067 274.4 466
0.000 0.102 0.000
553.25 297.267 489.3
0.000 0.201 0.000
553.5 320.133 489.3
0.000 0.245 0.000
553.555 320.133 466
0.000 0.235 0.000
553.311 297.267 466
0.000 0.173 0.000
553.5 320.133 489.3
0.000 0.245 0.000
553.75 343 489.3
0.000 0.309 0.000
553.8 343 466
0.000 0.298 0.000
553.555 320.133 466
0.000 0.235 0.000
553.067 274.4 466
0.000 0.102 0.000
553.311 297.267 466
0.000 0.173 0.000
553.372 297.267 442.7
0.000 0.116 0.000
553.133 274.4 442.7
0.000 0.078 0.000
553.311 297.267 466
0.000 0.173 0.000
553.555 320.133 466
0.000 0.235 0.000
553.611 320.133 442.7
0.000 0.194 0.000
553.372 297.267 442.7
0.000 0.116 0.000
553.555 320.133 466
0.000 0.235 0.000
553.8 343 466
0.000 0.298 0.000
553.85 343 442.7
0.000 0.278 0.000
553.611 320.133 442.7
0.000 0.194 0.000
553.133 274.4 442.7
0.000 0.078 0.000
553.372 297.267 442.7
0.000 0.116 0.000
553.433 297.267 419.4
0.000 0.090 0.000
553.2 274.4 419.4
0.000 0.081 0.000
553.372 297.267 442.7
0.000 0.116 0.000
553.611 320.133 442.7
0.000 0.194 0.000
553.667 320.133 419.4
0.000 0.128 0.000
553.433 297.267 419.4
0.000 0.090 0.000
553.611 320.133 442.7
0.000 0.194 0.000
553.85 343 442.7
0.000 0.278 0.000
553.9 343 419.4
0.000 0.218 0.000
553.667 320.133 419.4
0.000 0.128 0.000
553.75 343 489.3
0.000 0.309 0.000
554 365.867 489.3
0.000 0.360 0.000
554.044 365.867 466
0.000 0.375 0.000
553.8 343 466
0.000 0.298 0.000
554 365.867 489.3
0.000 0.360 0.000
554.25 388.733 489.3
0.000 0.429 0.000
554.289 388.733 466
0.000 0.466 0.000
554.044 365.867 466
0.000 0.375 0.000
554.25 388.733 489.3
0.000 0.429 0.000
554.5 411.6 489.3
0.000 0.494 0.000
554.533 411.6 466
0.000 0.546 0.000
554.289 388.733 466
0.000 0.466 0.000
553.8 343 466
0.000 0.298 0.000
554.044 365.867 466
0.000 0.375 0.000
554.089 365.867 442.7
0.000 0.388 0.000
553.85 343 442.7
0.000 0.278 0.000
554.044 365.867 466
0.000 0.375 0.000
554.289 388.733 466
0.000 0.466 0.000
554.328 388.733 442.7
0.000 0.522 0.000
554.089 365.867 442.7
0.000 0.388 0.000
554.289 388.733 466
0.000 0.466 0.000
554.533 411.6 466
0.000 0.546 0.000
554.567 411.6 442.7
0.000 0.599 0.000
554.328 388.733 442.7
0.000 0.522 0.000
553.85 343 442.7
0.000 0.278 0.000
554.089 365.867 442.7
0.000 0.388 0.000
554.133 365.867 419.4
0.000 0.381 0.000
553.9 343 419.4
0.000 0.218 0.000
554.089 365.867 442.7
0.000 0.388 0.000
554.328 388.733 442.7
0.000 0.522 0.000
554.367 388.733 419.4
0.000 0.557 0.000
554.133 365.867 419.4
0.000 0.381 0.000
554.328 388.733 442.7
0.000 0.522 0.000
554.567 411.6 442.7
0.000 0.599 0.000
554.6 411.6 419.4
0.000 0.643 0.000
554.367 388.733 419.4
0.000 0.557 0.000
554.5 411.6 489.3
0.000 0.494 0.000
554.75 434.467 489.3
0.000 0.478 0.000
554.778 434.467 466
0.000 0.543 0.000
554.533 411.6 466
0.000 0.546 0.000
554.75 434.467 489.3
0.000 0.478 0.000
555 457.333 489.3
0.000 0.415 0.000
555.022 457.333 466
0.000 0.481 0.000
554.778 434.467 466
0.000 0.543 0.000
555 457.333 489.3
0.000 0.415 0.000
555.25 480.2 489.3
0.000 0.336 0.000
555.267 480.2 466
0.000 0.392 0.000
555.022 457.333 466
0.000 0.481 0.000
554.533 411.6 466
0.000 0.546 0.000
554.778 434.467 466
0.000 0.543 0.000
554.806 434.467 442.7
0.000 0.606 0.000
554.567 411.6 442.7
0.000 0.599 0.000
554.778 434.467 466
0.000 0.543 0.000
555.022 457.333 466
0.000 0.481 0.000
555.044 457.333 442.7
0.000 0.556 0.000
554.806 434.467 442.7
0.000 0.606 0.000
555.022 457.333 466
0.000 0.481 0.000
555.267 480.2 466
0.000 0.392 0.000
555.283 480.2 442.7
0.000 0.455 0.000
555.044 457.333 442.7
0.000 0.556 0.000
554.567 411.6 442.7
0.000 0.599 0.000
554.806 434.467 442.7
0.000 0.606 0.000
554.833 434.467 419.4
0.000 0.669 0.000
554.6 411.6 419.4
0.000 0.643 0.000
554.806 434.467 442.7
0.000 0.606 0.000
555.044 457.333 442.7
0.000 0.556 0.000
555.067 457.333 419.4
0.000 0.635 0.000
554.833 434.467 419.4
0.000 0.669 0.000
555.044 457.333 442.7
0.000 0.556 0.000
555.283 480.2 442.7
0.000 0.455 0.000
555.3 480.2 419.4
0.000 0.523 0.000
555.067 457.333 419.4
0.000 0.635 0.000
555.25 480.2 489.3
0.000 0.336 0.000
555.5 503.067 489.3
0.000 0.259 0.000
555.511 503.067 466
0.000 0.305 0.000
555.267 480.2 466
0.000 0.392 0.000
555.5 503.067 489.3
0.000 0.259 0.000
555.75 525.933 489.3
0.000 0.199 0.000
555.756 525.933 466
0.000 0.234 0.000
555.511 503.067 466
0.000 0.305 0.000
555.75 525.933 489.3
0.000 0.199 0.000
556 548.8 489.3
0.000 0.168 0.000
556 548.8 466
0.000 0.198 0.000
555.756 525.933 466
0.000 0.234 0.000
555.267 480.2 466
0.000 0.392 0.000
555.511 503.067 466
0.000 0.305 0.000
555.522 503.067 442.7
0.000 0.355 0.000
555.283 480.2 442.7
0.000 0.455 0.000
555.511 503.067 466
0.000 0.305 0.000
555.756 525.933 466
0.000 0.234 0.000
555.761 525.933 442.7
0.000 0.273 0.000
555.522 503.067 442.7
0.000 0.355 0.000
555.756 525.933 466
0.000 0.234 0.000
556 548.8 466
0.000 0.198 0.000
556 548.8 442.7
0.000 0.231 0.000
555.761 525.933 442.7
0.000 0.273 0.000
555.283 480.2 442.7
0.000 0.455 0.000
555.522 503.067 442.7
0.000 0.355 0.000
555.533 503.067 419.4
0.000 0.410 0.000
555.3 480.2 419.4
0.000 0.523 0.000
555.522 503.067 442.7
0.000 0.355 0.000
555.761 525.933 442.7
0.000 0.273 0.000
555.767 525.933 419.4
0.000 0.316 0.000
555.533 503.067 419.4
0.000 0.410 0.000
555.761 525.933 442.7
0.000 0.273 0.000
556 548.8 442.7
0.000 0.231 0.000
556 548.8 419.4
0.000 0.267 0.000
555.767 525.933 419.4
0.000 0.316 0.000
550.4 0 419.4
0.000 0.028 0.000
550.633 22.8667 419.4
0.000 0.032 0.000
550.761 22.8667 396.1
0.000 0.033 0.000
550.533 0 396.1
0.000 0.030 0.000
550.633 22.8667 419.4
0.000 0.032 0.000
550.867 45.7333 419.4
0.000 0.036 0.000
550.989 45.7333 396.1
0.000 0.036 0.000
550.761 22.8667 396.1
0.000 0.033 0.000
550.867 45.7333 419.4
0.000 0.036 0.000
551.1 68.6 419.4
0.000 0.037 0.000
551.217 68.6 396.1
0.000 0.037 0.000
550.989 45.7333 396.1
0.000 0.036 0.000
550.533 0 396.1
0.000 0.030 0.000
550.761 22.8667 396.1
0.000 0.033 0.000
550.889 22.8667 372.8
0.000 0.033 0.000
550.667 0 372.8
0.000 0.030 0.000
550.761 22.8667 396.1
0.000 0.033 0.000
550.989 45.7333 396.1
0.000 0.036 0.000
551.111 45.7333 372.8
0.000 0.037 0.000
550.889 22.8667 372.8
0.000 0.033 0.000
550.989 45.7333 396.1
0.000 0.036 0.000
551.217 68.6 396.1
0.000 0.037 0.000
551.333 68.6 372.8
0.000 0.038 0.000
551.111 45.7333 372.8
0.000 0.037 0.000
550.667 0 372.8
0.000 0.030 0.000
550.889 22.8667 372.8
0.000 0.033 0.000
551.017 22.8667 349.5
0.000 0.033 0.000
550.8 0 349.5
0.000 0.029 0.000
550.889 22.8667 372.8
0.000 0.033 0.000
551.111 45.7333 372.8
0.000 0.037 0.000
551.233 45.7333 349.5
0.000 0.037 0.000
551.017 22.8667 349.5
0.000 0.033 0.000
551.111 45.7333 372.8
0.000 0.037 0.000
551.333 68.6 372.8
0.000 0.038 0.000
551.45 68.6 349.5
0.000 0.038 0.000
551.233 45.7333 349.5
0.000 0.037 0.000
551.1 68.6 419.4
0.000 0.037 0.000
551.333 91.4667 419.4
0.000 0.038 0.000
551.444 91.4667 396.1
0.000 0.038 0.000
551.217 68.6 396.1
0.000 0.037 0.000
551.333 91.4667 419.4
0.000 0.038 0.000
551.567 114.333 419.4
0.000 0.040 0.000
551.672 114.333 396.1
0.000 0.041 0.000
551.444 91.4667 396.1
0.000 0.038 0.000
551.567 114.333 419.4
0.000 0.040 0.000
551.8 137.2 419.4
0.000 0.044 0.000
551.9 137.2 396.1
0.000 0.044 0.000
551.672 114.333 396.1
0.000 0.041 0.000
551.217 68.6 396.1
0.000 0.037 0.000
551.444 91.4667 396.1
0.000 0.038 0.000
551.556 91.4667 372.8
0.000 0.040 0.000
551.333 68.6 372.8
0.000 0.038 0.000
551.444 91.4667 396.1
0.000 0.038 0.000
551.672 114.333 396.1
0.000 0.041 0.000
551.778 114.333 372.8
0.000 0.042 0.000
551.556 91.4667 372.8
0.000 0.040 0.000
551.672 114.333 396.1
0.000 0.041 0.000
551.9 137.2 396.1
0.000 0.044 0.000
552 137.2 372.8
0.000 0.045 0.000
551.778 114.333 372.8
0.000 0.042 0.000
551.333 68.6 372.8
0.000 0.038 0.000
551.556 91.4667 372.8
0.000 0.040 0.000
551.667 91.4667 349.5
0.000 0.040 0.000
551.45 68.6 349.5
0.000 0.038 0.000
551.556 91.4667 372.8
0.000 0.040 0.000
551.778 114.333 372.8
0.000 0.042 0.000
551.883 114.333 349.5
0.000 0.043 0.000
551.667 91.4667 349.5
0.000 0.040 0.000
551.778 114.333 372.8
0.000 0.042 0.000
552 137.2 372.8
0.000 0.045 0.000
552.1 137.2 349.5
0.000 0.047 0.000
551.883 114.333 349.5
0.000 0.043 0.000
551.8 137.2 419.4
0.000 0.044 0.000
552.033 160.067 419.4
0.000 0.048 0.000
552.128 160.067 396.1
0.000 0.048 0.000
551.9 137.2 396.1
0.000 0.044 0.000
552.033 160.067 419.4
0.000 0.048 0.000
552.267 182.933 419.4
0.000 0.052 0.000
552.356 182.933 396.1
0.000 0.053 0.000
552.128 160.067 396.1
0.000 0.048 0.000
552.267 182.933 419.4
0.000 0.052 0.000
552.5 205.8 419.4
0.000 0.057 0.000
552.583 205.8 396.1
0.000 0.059 0.000
552.356 182.933 396.1
0.000 0.053 0.000
551.9 137.2 396.1
0.000 0.044 0.000
552.128 160.067 396.1
0.000 0.048 0.000
552.222 160.067 372.8
0.000 0.050 0.000
552 137.2 372.8
0.000 0.045 0.000
552.128 160.067 396.1
0.000 0.048 0.000
552.356 182.933 396.1
0.000 0.053 0.000
552.444 182.933 372.8
0.000 0.055 0.000
552.222 160.067 372.8
0.000 0.050 0.000
552.356 182.933 396.1
0.000 0.053 0.000
552.583 205.8 396.1
0.000 0.059 0.000
552.667 205.8 372.8
0.000 0.061 0.000
552.444 182.933 372.8
0.000 0.055 0.000
552 137.2 372.8
0.000 0.045 0.000
552.222 160.067 372.8
0.000 0.050 0.000
552.317 160.067 349.5
0.000 0.051 0.000
552.1 137.2 349.5
0.000 0.047 0.000
552.222 160.067 372.8
0.000 0.050 0.000
552.444 182.933 372.8
0.000 0.055 0.000
552.533 182.933 349.5
0.000 0.057 0.000
552.317 160.067 349.5
0.000 0.051 0.000
552.444 182.933 372.8
0.000 0.055 0.000
552.667 205.8 372.8
0.000 0.061 0.000
552.75 205.8 349.5
0.000 0.064 0.000
552.533 182.933 349.5
0.000 0.057 0.000
552.5 205.8 419.4
0.000 0.057 0.000
552.733 228.667 419.4
0.000 0.064 0.000
552.811 228.667 396.1
0.000 0.067 0.000
552.583 205.8 396.1
0.000 0.059 0.000
552.733 228.667 419.4
0.000 0.064 0.000
552.967 251.533 419.4
0.000 0.072 0.000
553.039 251.533 396.1
0.000 0.077 0.000
552.811 228.667 396.1
0.000 0.067 0.000
552.967 251.533 419.4
0.000 0.072 0.000
553.2 274.4 419.4
0.000 0.081 0.000
553.267 274.4 396.1
0.000 0.086 0.000
553.039 251.533 396.1
0.000 0.077 0.000
552.583 205.8 396.1
0.000 0.059 0.000
552.811 228.667 396.1
0.000 0.067 0.000
552.889 228.667 372.8
0.000 0.070 0.000
552.667 205.8 372.8
0.000 0.061 0.000
552.811 228.667 396.1
0.000 0.067 0.000
553.039 251.533 396.1
0.000 0.077 0.000
553.111 251.533 372.8
0.000 0.081 0.000
552.889 228.667 372.8
0.000 0.070 0.000
553.039 251.533 396.1
0.000 0.077 0.000
553.267 274.4 396.1
0.000 0.086 0.000
553.333 274.4 372.8
0.000 0.091 0.000
553.111 251.533 372.8
0.000 0.081 0.000
552.667 205.8 372.8
0.000 0.061 0.000
552.889 228.667 372.8
0.000 0.070 0.000
552.967 228.667 349.5
0.000 0.073 0.000
552.75 205.8 349.5
0.000 0.064 0.000
552.889 228.667 372.8
0.000 0.070 0.000
553.111 251.533 372.8
0.000 0.081 0.000
553.183 251.533 349.5
0.000 0.084 0.000
552.967 228.667 349.5
0.000 0.073 0.000
553.111 251.533 372.8
0.000 0.081 0.000
553.333 274.4 372.8
0.000 0.091 0.000
553.4 274.4 349.5
0.000 0.094 0.000
553.183 251.533 349.5
0.000 0.084 0.000
553.2 274.4 419.4
0.000 0.081 0.000
553.433 297.267 419.4
0.000 0.090 0.000
553.494 297.267 396.1
0.000 0.095 0.000
553.267 274.4 396.1
0.000 0.086 0.000
553.433 297.267 419.4
0.000 0.090 0.000
553.667 320.133 419.4
0.000 0.128 0.000
553.722 320.133 396.1
0.000 0.105 0.000
553.494 297.267 396.1
0.000 0.095 0.000
553.667 320.133 419.4
0.000 0.128 0.000
553.9 343 419.4
0.000 0.218 0.000
553.95 343 396.1
0.000 0.150 0.000
553.722 320.133 396.1
0.000 0.105 0.000
553.267 274.4 396.1
0.000 0.086 0.000
553.494 297.267 396.1
0.000 0.095 0.000
553.556 297.267 372.8
0.000 0.101 0.000
553.333 274.4 372.8
0.000 0.091 0.000
553.494 297.267 396.1
0.000 0.095 0.000
553.722 320.133 396.1
0.000 0.105 0.000
553.778 320.133 372.8
0.000 0.112 0.000
553.556 297.267 372.8
0.000 0.101 0.000
553.722 320.133 396.1
0.000 0.105 0.000
553.95 343 396.1
0.000 0.150 0.000
554 343 372.8
0.000 0.151 0.000
553.778 320.133 372.8
0.000 0.112 0.000
553.333 274.4 372.8
0.000 0.091 0.000
553.556 297.267 372.8
0.000 0.101 0.000
553.617 297.267 349.5
0.000 0.105 0.000
553.4 274.4 349.5
0.000 0.094 0.000
553.556 297.267 372.8
0.000 0.101 0.000
553.778 320.133 372.8
0.000 0.112 0.000
553.833 320.133 349.5
0.000 0.117 0.000
553.617 297.267 349.5
0.000 0.105 0.000
553.778 320.133 372.8
0.000 0.112 0.000
554 343 372.8
0.000 0.151 0.000
554.05 343 349.5
0.000 0.192 0.000
553.833 320.133 349.5
0.000 0.117 0.000
553.9 343 419.4
0.000 0.218 0.000
554.133 365.867 419.4
0.000 0.381 0.000
554.178 365.867 396.1
0.000 0.331 0.000
553.95 343 396.1
0.000 0.150 0.000
554.133 365.867 419.4
0.000 0.381 0.000
554.367 388.733 419.4
0.000 0.557 0.000
554.406 388.733 396.1
0.000 0.549 0.000
554.178 365.867 396.1
0.000 0.331 0.000
554.367 388.733 419.4
0.000 0.557 0.000
554.6 411.6 419.4
0.000 0.643 0.000
554.633 411.6 396.1
0.000 0.673 0.000
554.406 388.733 396.1
0.000 0.549 0.000
553.95 343 396.1
0.000 0.150 0.000
554.178 365.867 396.1
0.000 0.331 0.000
554.222 365.867 372.8
0.000 0.303 0.000
554 343 372.8
0.000 0.151 0.000
554.178 365.867 396.1
0.000 0.331 0.000
554.406 388.733 396.1
0.000 0.549 0.000
554.444 388.733 372.8
0.000 0.528 0.000
554.222 365.867 372.8
0.000 0.303 0.000
554.406 388.733 396.1
0.000 0.549 0.000
554.633 411.6 396.1
0.000 0.673 0.000
554.667 411.6 372.8
0.000 0.688 0.000
554.444 388.733 372.8
0.000 0.528 0.000
554 343 372.8
0.000 0.151 0.000
554.222 365.867 372.8
0.000 0.303 0.000
554.267 365.867 349.5
0.000 0.350 0.000
554.05 343 349.5
0.000 0.192 0.000
554.222 365.867 372.8
0.000 0.303 0.000
554.444 388.733 372.8
0.000 0.528 0.000
554.483 388.733 349.5
0.000 0.560 0.000
554.267 365.867 349.5
0.000 0.350 0.000
554.444 388.733 372.8
0.000 0.528 0.000
554.667 411.6 372.8
0.000 0.688 0.000
554.7 411.6 349.5
0.000 0.716 0.000
554.483 388.733 349.5
0.000 0.560 0.000
554.6 411.6 419.4
0.000 0.643 0.000
554.833 434.467 419.4
0.000 0.669 0.000
554.861 434.467 396.1
0.000 0.739 0.000
554.633 411.6 396.1
0.000 0.673 0.000
554.833 434.467 419.4
0.000 0.669 0.000
555.067 457.333 419.4
0.000 0.635 0.000
555.089 457.333 396.1
0.000 0.714 0.000
554.861 434.467 396.1
0.000 0.739 0.000
555.067 457.333 419.4
0.000 0.635 0.000
555.3 480.2 419.4
0.000 0.523 0.000
555.317 480.2 396.1
0.000 0.592 0.000
555.089 457.333 396.1
0.000 0.714 0.000
554.633 411.6 396.1
0.000 0.673 0.000
554.861 434.467 396.1
0.000 0.739 0.000
554.889 434.467 372.8
0.000 0.794 0.000
554.667 411.6 372.8
0.000 0.688 0.000
554.861 434.467 396.1
0.000 0.739 0.000
555.089 457.333 396.1
0.000 0.714 0.000
555.111 457.333 372.8
0.000 0.796 0.000
554.889 434.467 372.8
0.000 0.794 0.000
555.089 457.333 396.1
0.000 0.714 0.000
555.317 480.2 396.1
0.000 0.592 0.000
555.333 480.2 372.8
0.000 0.662 0.000
555.111 457.333 372.8
0.000 0.796 0.000
554.667 411.6 372.8
0.000 0.688 0.000
554.889 434.467 372.8
0.000 0.794 0.000
554.917 434.467 349.5
0.000 0.836 0.000
554.7 411.6 349.5
0.000 0.716 0.000
554.889 434.467 372.8
0.000 0.794 0.000
555.111 457.333 372.8
0.000 0.796 0.000
555.133 457.333 349.5
0.000 0.868 0.000
554.917 434.467 349.5
0.000 0.836 0.000
555.111 457.333 372.8
0.000 0.796 0.000
555.333 480.2 372.8
0.000 0.662 0.000
555.35 480.2 349.5
0.000 0.726 0.000
555.133 457.333 349.5
0.000 0.868 0.000
555.3 480.2 419.4
0.000 0.523 0.000
555.533 503.067 419.4
0.000 0.410 0.000
555.544 503.067 396.1
0.000 0.467 0.000
555.317 480.2 396.1
0.000 0.592 0.000
555.533 503.067 419.4
0.000 0.410 0.000
555.767 525.933 419.4
0.000 0.316 0.000
555.772 525.933 396.1
0.000 0.361 0.000
555.544 503.067 396.1
0.000 0.467 0.000
555.767 525.933 419.4
0.000 0.316 0.000
556 548.8 419.4
0.000 0.267 0.000
556 548.8 396.1
0.000 0.306 0.000
555.772 525.933 396.1
0.000 0.361 0.000
555.317 480.2 396.1
0.000 0.592 0.000
555.544 503.067 396.1
0.000 0.467 0.000
555.556 503.067 372.8
0.000 0.524 0.000
555.333 480.2 372.8
0.000 0.662 0.000
555.544 503.067 396.1
0.000 0.467 0.000
555.772 525.933 396.1
0.000 0.361 0.000
555.778 525.933 372.8
0.000 0.407 0.000
555.556 503.067 372.8
0.000 0.524 0.000
555.772 525.933 396.1
0.000 0.361 0.000
556 548.8 396.1
0.000 0.306 0.000
556 548.8 372.8
0.000 0.345 0.000
555.778 525.933 372.8
0.000 0.407 0.000
555.333 480.2 372.8
0.000 0.662 0.000
555.556 503.067 372.8
0.000 0.524 0.000
555.567 503.067 349.5
0.000 0.577 0.000
555.35 480.2 349.5
0.000 0.726 0.000
555.556 503.067 372.8
0.000 0.524 0.000
555.778 525.933 372.8
0.000 0.407 0.000
555.783 525.933 349.5
0.000 0.449 0.000
555.567 503.067 349.5
0.000 0.577 0.000
555.778 525.933 372.8
0.000 0.407 0.000
556 548.8 372.8
0.000 0.345 0.000
556 548.8 349.5
0.000 0.381 0.000
555.783 525.933 349.5
0.000 0.449 0.000
550.8 0 349.5
0.000 0.029 0.000
551.017 22.8667 349.5
0.000 0.033 0.000
551.144 22.8667 326.2
0.000 0.034 0.000
550.933 0 326.2
0.000 0.031 0.000
551.017 22.8667 349.5
0.000 0.033 0.000
551.233 45.7333 349.5
0.000 0.037 0.000
551.355 45.7333 326.2
0.000 0.038 0.000
551.144 22.8667 326.2
0.000 0.034 0.000
551.233 45.7333 349.5
0.000 0.037 0.000
551.45 68.6 349.5
0.000 0.038 0.000
551.567 68.6 326.2
0.000 0.039 0.000
551.355 45.7333 326.2
0.000 0.038 0.000
550.933 0 326.2
0.000 0.031 0.000
551.144 22.8667 326.2
0.000 0.034 0.000
551.272 22.8667 302.9
0.000 0.034 0.000
551.067 0 302.9
0.000 0.030 0.000
551.144 22.8667 326.2
0.000 0.034 0.000
551.355 45.7333 326.2
0.000 0.038 0.000
551.478 45.7333 302.9
0.000 0.037 0.000
551.272 22.8667 302.9
0.000 0.034 0.000
551.355 45.7333 326.2
0.000 0.038 0.000
551.567 68.6 326.2
0.000 0.039 0.000
551.683 68.6 302.9
0.000 0.038 0.000
551.478 45.7333 302.9
0.000 0.037 0.000
551.067 0 302.9
0.000 0.030 0.000
551.272 22.8667 302.9
0.000 0.034 0.000
551.4 22.8667 279.6
0.000 0.032 0.000
551.2 0 279.6
0.000 0.028 0.000
551.272 22.8667 302.9
0.000 0.034 0.000
551.478 45.7333 302.9
0.000 0.037 0.000
551.6 45.7333 279.6
0.000 0.036 0.000
551.4 22.8667 279.6
0.000 0.032 0.000
551.478 45.7333 302.9
0.000 0.037 0.000
551.683 68.6 302.9
0.000 0.038 0.000
551.8 68.6 279.6
0.000 0.037 0.000
551.6 45.7333 279.6
0.000 0.036 0.000
551.45 68.6 349.5
0.000 0.038 0.000
551.667 91.4667 349.5
0.000 0.040 0.000
551.778 91.4667 326.2
0.000 0.040 0.000
551.567 68.6 326.2
0.000 0.039 0.000
551.667 91.4667 349.5
0.000 0.040 0.000
551.883 114.333 349.5
0.000 0.043 0.000
551.989 114.333 326.2
0.000 0.043 0.000
551.778 91.4667 326.2
0.000 0.040 0.000
551.883 114.333 349.5
0.000 0.043 0.000
552.1 137.2 349.5
0.000 0.047 0.000
552.2 137.2 326.2
0.000 0.047 0.000
551.989 114.333 326.2
0.000 0.043 0.000
551.567 68.6 326.2
0.000 0.039 0.000
551.778 91.4667 326.2
0.000 0.040 0.000
551.889 91.4667 302.9
0.000 0.040 0.000
551.683 68.6 302.9
0.000 0.038 0.000
551.778 91.4667 326.2
0.000 0.040 0.000
551.989 114.333 326.2
0.000 0.043 0.000
552.094 114.333 302.9
0.000 0.043 0.000
551.889 91.4667 302.9
0.000 0.040 0.000
551.989 114.333 326.2
0.000 0.043 0.000
552.2 137.2 326.2
0.000 0.047 0.000
552.3 137.2 302.9
0.000 0.047 0.000
552.094 114.333 302.9
0.000 0.043 0.000
551.683 68.6 302.9
0.000 0.038 0.000
551.889 91.4667 302.9
0.000 0.040 0.000
552 91.4667 279.6
0.000 0.039 0.000
551.8 68.6 279.6
0.000 0.037 0.000
551.889 91.4667 302.9
0.000 0.040 0.000
552.094 114.333 302.9
0.000 0.043 0.000
552.2 114.333 279.6
0.000 0.042 0.000
552 91.4667 279.6
0.000 0.039 0.000
552.094 114.333 302.9
0.000 0.043 0.000
552.3 137.2 302.9
0.000 0.047 0.000
552.4 137.2 279.6
0.000 0.046 0.000
552.2 114.333 279.6
0.000 0.042 0.000
552.1 137.2 349.5
0.000 0.047 0.000
552.317 160.067 349.5
0.000 0.051 0.000
552.411 160.067 326.2
0.000 0.052 0.000
552.2 137.2 326.2
0.000 0.047 0.000
552.317 160.067 349.5
0.000 0.051 0.000
552.533 182.933 349.5
0.000 0.057 0.000
552.622 182.933 326.2
0.000 0.058 0.000
552.411 160.067 326.2
0.000 0.052 0.000
552.533 182.933 349.5
0.000 0.057 0.000
552.75 205.8 349.5
0.000 0.064 0.000
552.833 205.8 326.2
0.000 0.066 0.000
552.622 182.933 326.2
0.000 0.058 0.000
552.2 137.2 326.2
0.000 0.047 0.000
552.411 160.067 326.2
0.000 0.052 0.000
552.506 160.067 302.9
0.000 0.052 0.000
552.3 137.2 302.9
0.000 0.047 0.000
552.411 160.067 326.2
0.000 0.052 0.000
552.622 182.933 326.2
0.000 0.058 0.000
552.711 182.933 302.9
0.000 0.058 0.000
552.506 160.067 302.9
0.000 0.052 0.000
552.622 182.933 326.2
0.000 0.058 0.000
552.833 205.8 326.2
0.000 0.066 0.000
552.917 205.8 302.9
0.000 0.067 0.000
552.711 182.933 302.9
0.000 0.058 0.000
552.3 137.2 302.9
0.000 0.047 0.000
552.506 160.067 302.9
0.000 0.052 0.000
552.6 160.067 279.6
0.000 0.051 0.000
552.4 137.2 279.6
0.000 0.046 0.000
552.506 160.067 302.9
0.000 0.052 0.000
552.711 182.933 302.9
0.000 0.058 0.000
552.8 182.933 279.6
0.000 0.058 0.000
552.6 160.067 279.6
0.000 0.051 0.000
552.711 182.933 302.9
0.000 0.058 0.000
552.917 205.8 302.9
0.000 0.067 0.000
553 205.8 279.6
0.000 0.067 0.000
552.8 182.933 279.6
0.000 0.058 0.000
552.75 205.8 349.5
0.000 0.064 0.000
552.967 228.667 349.5
0.000 0.073 0.000
553.044 228.667 326.2
0.000 0.075 0.000
552.833 205.8 326.2
0.000 0.066 0.000
552.967 228.667 349.5
0.000 0.073 0.000
553.183 251.533 349.5
0.000 0.084 0.000
553.256 251.533 326.2
0.000 0.085 0.000
553.044 228.667 326.2
0.000 0.075 0.000
553.183 251.533 349.5
0.000 0.084 0.000
553.4 274.4 349.5
0.000 0.094 0.000
553.467 274.4 326.2
0.000 0.096 0.000
553.256 251.533 326.2
0.000 0.085 0.000
552.833 205.8 326.2
0.000 0.066 0.000
553.044 228.667 326.2
0.000 0.075 0.000
553.122 228.667 302.9
0.000 0.076 0.000
552.917 205.8 302.9
0.000 0.067 0.000
553.044 228.667 326.2
0.000 0.075 0.000
553.256 251.533 326.2
0.000 0.085 0.000
553.328 251.533 302.9
0.000 0.085 0.000
553.122 228.667 302.9
0.000 0.076 0.000
553.256 251.533 326.2
0.000 0.085 0.000
553.467 274.4 326.2
0.000 0.096 0.000
553.533 274.4 302.9
0.000 0.096 0.000
553.328 251.533 302.9
0.000 0.085 0.000
552.917 205.8 302.9
0.000 0.067 0.000
553.122 228.667 302.9
0.000 0.076 0.000
553.2 228.667 279.6
0.000 0.076 0.000
553 205.8 279.6
0.000 0.067 0.000
553.122 228.667 302.9
0.000 0.076 0.000
553.328 251.533 302.9
0.000 0.085 0.000
553.4 251.533 279.6
0.000 0.085 0.000
553.2 228.667 279.6
0.000 0.076 0.000
553.328 251.533 302.9
0.000 0.085 0.000
553.533 274.4 302.9
0.000 0.096 0.000
553.6 274.4 279.6
0.000 0.095 0.000
553.4 251.533 279.6
0.000 0.085 0.000
553.4 274.4 349.5
0.000 0.094 0.000
553.617 297.267 349.5
0.000 0.105 0.000
553.678 297.267 326.2
0.000 0.107 0.000
553.467 274.4 326.2
0.000 0.096 0.000
553.617 297.267 349.5
0.000 0.105 0.000
553.833 320.133 349.5
0.000 0.117 0.000
553.889 320.133 326.2
0.000 0.121 0.000
553.678 297.267 326.2
0.000 0.107 0.000
553.833 320.133 349.5
0.000 0.117 0.000
554.05 343 349.5
0.000 0.192 0.000
554.1 343 326.2
0.000 0.235 0.000
553.889 320.133 326.2
0.000 0.121 0.000
553.467 274.4 326.2
0.000 0.096 0.000
553.678 297.267 326.2
0.000 0.107 0.000
553.739 297.267 302.9
0.000 0.108 0.000
553.533 274.4 302.9
0.000 0.096 0.000
553.678 297.267 326.2
0.000 0.107 0.000
553.889 320.133 326.2
0.000 0.121 0.000
553.944 320.133 302.9
0.000 0.138 0.000
553.739 297.267 302.9
0.000 0.108 0.000
553.889 320.133 326.2
0.000 0.121 0.000
554.1 343 326.2
0.000 0.235 0.000
554.15 343 302.9
0.000 0.280 0.000
553.944 320.133 302.9
0.000 0.138 0.000
553.533 274.4 302.9
0.000 0.096 0.000
553.739 297.267 302.9
0.000 0.108 0.000
553.8 297.267 279.6
0.000 0.108 0.000
553.6 274.4 279.6
0.000 0.095 0.000
553.739 297.267 302.9
0.000 0.108 0.000
553.944 320.133 302.9
0.000 0.138 0.000
554 320.133 279.6
0.000 0.171 0.000
553.8 297.267 279.6
0.000 0.108 0.000
553.944 320.133 302.9
0.000 0.138 0.000
554.15 343 302.9
0.000 0.280 0.000
554.2 343 279.6
0.000 0.319 0.000
554 320.133 279.6
0.000 0.171 0.000
554.05 343 349.5
0.000 0.192 0.000
554.267 365.867 349.5
0.000 0.350 0.000
554.311 365.867 326.2
0.000 0.436 0.000
554.1 343 326.2
0.000 0.235 0.000
554.267 365.867 349.5
0.000 0.350 0.000
554.483 388.733 349.5
0.000 0.560 0.000
554.522 388.733 326.2
0.000 0.628 0.000
554.311 365.867 326.2
0.000 0.436 0.000
554.483 388.733 349.5
0.000 0.560 0.000
554.7 411.6 349.5
0.000 0.716 0.000
554.733 411.6 326.2
0.000 0.772 0.000
554.522 388.733 326.2
0.000 0.628 0.000
554.1 343 326.2
0.000 0.235 0.000
554.311 365.867 326.2
0.000 0.436 0.000
554.356 365.867 302.9
0.000 0.507 0.000
554.15 343 302.9
0.000 0.280 0.000
554.311 365.867 326.2
0.000 0.436 0.000
554.522 388.733 326.2
0.000 0.628 0.000
554.561 388.733 302.9
0.000 0.688 0.000
554.356 365.867 302.9
0.000 0.507 0.000
554.522 388.733 326.2
0.000 0.628 0.000
554.733 411.6 326.2
0.000 0.772 0.000
554.767 411.6 302.9
0.000 0.824 0.000
554.561 388.733 302.9
0.000 0.688 0.000
554.15 343 302.9
0.000 0.280 0.000
554.356 365.867 302.9
0.000 0.507 0.000
554.4 365.867 279.6
0.000 0.547 0.000
554.2 343 279.6
0.000 0.319 0.000
554.356 365.867 302.9
0.000 0.507 0.000
554.561 388.733 302.9
0.000 0.688 0.000
554.6 388.733 279.6
0.000 0.727 0.000
554.4 365.867 279.6
0.000 0.547 0.000
554.561 388.733 302.9
0.000 0.688 0.000
554.767 411.6 302.9
0.000 0.824 0.000
554.8 411.6 279.6
0.000 0.856 0.000
554.6 388.733 279.6
0.000 0.727 0.000
554.7 411.6 349.5
0.000 0.716 0.000
554.917 434.467 349.5
0.000 0.836 0.000
554.944 434.467 326.2
0.000 0.899 0.000
554.733 411.6 326.2
0.000 0.772 0.000
554.917 434.467 349.5
0.000 0.836 0.000
555.133 457.333 349.5
0.000 0.868 0.000
555.156 457.333 326.2
0.000 0.924 0.000
554.944 434.467 326.2
0.000 0.899 0.000
555.133 457.333 349.5
0.000 0.868 0.000
555.35 480.2 349.5
0.000 0.726 0.000
555.367 480.2 326.2
0.000 0.776 0.000
555.156 457.333 326.2
0.000 0.924 0.000
554.733 411.6 326.2
0.000 0.772 0.000
554.944 434.467 326.2
0.000 0.899 0.000
554.972 434.467 302.9
0.000 0.956 0.000
554.767 411.6 302.9
0.000 0.824 0.000
554.944 434.467 326.2
0.000 0.899 0.000
555.156 457.333 326.2
0.000 0.924 0.000
555.178 457.333 302.9
0.000 0.966 0.000
554.972 434.467 302.9
0.000 0.956 0.000
555.156 457.333 326.2
0.000 0.924 0.000
555.367 480.2 326.2
0.000 0.776 0.000
555.383 480.2 302.9
0.000 0.812 0.000
555.178 457.333 302.9
0.000 0.966 0.000
554.767 411.6 302.9
0.000 0.824 0.000
554.972 434.467 302.9
0.000 0.956 0.000
555 434.467 279.6
0.000 0.991 0.000
554.8 411.6 279.6
0.000 0.856 0.000
554.972 434.467 302.9
0.000 0.956 0.000
555.178 457.333 302.9
0.000 0.966 0.000
555.2 457.333 279.6
0.000 0.986 0.000
555 434.467 279.6
0.000 0.991 0.000
555.178 457.333 302.9
0.000 0.966 0.000
555.383 480.2 302.9
0.000 0.812 0.000
555.4 480.2 279.6
0.000 0.830 0.000
555.2 457.333 279.6
0.000 0.986 0.000
555.35 480.2 349.5
0.000 0.726 0.000
555.567 503.067 349.5
0.000 0.577 0.000
555.578 503.067 326.2
0.000 0.620 0.000
555.367 480.2 326.2
0.000 0.776 0.000
555.567 503.067 349.5
0.000 0.577 0.000
555.783 525.933 349.5
0.000 0.449 0.000
555.789 525.933 326.2
0.000 0.484 0.000
555.578 503.067 326.2
0.000 0.620 0.000
555.783 525.933 349.5
0.000 0.449 0.000
556 548.8 349.5
0.000 0.381 0.000
556 548.8 326.2
0.000 0.411 0.000
555.789 525.933 326.2
0.000 0.484 0.000
555.367 480.2 326.2
0.000 0.776 0.000
555.578 503.067 326.2
0.000 0.620 0.000
555.589 503.067 302.9
0.000 0.651 0.000
555.383 480.2 302.9
0.000 0.812 0.000
555.578 503.067 326.2
0.000 0.620 0.000
555.789 525.933 326.2
0.000 0.484 0.000
555.794 525.933 302.9
0.000 0.509 0.000
555.589 503.067 302.9
0.000 0.651 0.000
555.789 525.933 326.2
0.000 0.484 0.000
556 548.8 326.2
0.000 0.411 0.000
556 548.8 302.9
0.000 0.433 0.000
555.794 525.933 302.9
0.000 0.509 0.000
555.383 480.2 302.9
0.000 0.812 0.000
555.589 503.067 302.9
0.000 0.651 0.000
555.6 503.067 279.6
0.000 0.665 0.000
555.4 480.2 279.6
0.000 0.830 0.000
555.589 503.067 302.9
0.000 0.651 0.000
555.794 525.933 302.9
0.000 0.509 0.000
555.8 525.933 279.6
0.000 0.519 0.000
555.6 503.067 279.6
0.000 0.665 0.000
555.794 525.933 302.9
0.000 0.509 0.000
556 548.8 302.9
0.000 0.433 0.000
556 548.8 279.6
0.000 0.441 0.000
555.8 525.933 279.6
0.000 0.519 0.000
551.2 0 279.6
0.000 0.028 0.000
551.4 22.8667 279.6
0.000 0.032 0.000
551.528 22.8667 256.3
0.000 0.032 0.000
551.333 0 256.3
0.000 0.029 0.000
551.4 22.8667 279.6
0.000 0.032 0.000
551.6 45.7333 279.6
0.000 0.036 0.000
551.722 45.7333 256.3
0.000 0.036 0.000
551.528 22.8667 256.3
0.000 0.032 0.000
551.6 45.7333 279.6
0.000 0.036 0.000
551.8 68.6 279.6
0.000 0.037 0.000
551.917 68.6 256.3
0.000 0.036 0.000
551.722 45.7333 256.3
0.000 0.036 0.000
551.333 0 256.3
0.000 0.029 0.000
551.528 22.8667 256.3
0.000 0.032 0.000
551.656 22.8667 233
0.000 0.032 0.000
551.467 0 233
0.000 0.028 0.000
551.528 22.8667 256.3
0.000 0.032 0.000
551.722 45.7333 256.3
0.000 0.036 0.000
551.844 45.7333 233
0.000 0.035 0.000
551.656 22.8667 233
0.000 0.032 0.000
551.722 45.7333 256.3
0.000 0.036 0.000
551.917 68.6 256.3
0.000 0.036 0.000
552.033 68.6 233
0.000 0.036 0.000
551.844 45.7333 233
0.000 0.035 0.000
551.467 0 233
0.000 0.028 0.000
551.656 22.8667 233
0.000 0.032 0.000
551.783 22.8667 209.7
0.000 0.030 0.000
551.6 0 209.7
0.000 0.027 0.000
551.656 22.8667 233
0.000 0.032 0.000
551.844 45.7333 233
0.000 0.035 0.000
551.967 45.7333 209.7
0.000 0.035 0.000
551.783 22.8667 209.7
0.000 0.030 0.000
551.844 45.7333 233
0.000 0.035 0.000
552.033 68.6 233
0.000 0.036 0.000
552.15 68.6 209.7
0.000 0.036 0.000
551.967 45.7333 209.7
0.000 0.035 0.000
551.8 68.6 279.6
0.000 0.037 0.000
552 91.4667 279.6
0.000 0.039 0.000
552.111 91.4667 256.3
0.000 0.039 0.000
551.917 68.6 256.3
0.000 0.036 0.000
552 91.4667 279.6
0.000 0.039 0.000
552.2 114.333 279.6
0.000 0.042 0.000
552.305 114.333 256.3
0.000 0.042 0.000
552.111 91.4667 256.3
0.000 0.039 0.000
552.2 114.333 279.6
0.000 0.042 0.000
552.4 137.2 279.6
0.000 0.046 0.000
552.5 137.2 256.3
0.000 0.045 0.000
552.305 114.333 256.3
0.000 0.042 0.000
551.917 68.6 256.3
0.000 0.036 0.000
552.111 91.4667 256.3
0.000 0.039 0.000
552.222 91.4667 233
0.000 0.038 0.000
552.033 68.6 233
0.000 0.036 0.000
552.111 91.4667 256.3
0.000 0.039 0.000
552.305 114.333 256.3
0.000 0.042 0.000
552.411 114.333 233
0.000 0.041 0.000
552.222 91.4667 233
0.000 0.038 0.000
552.305 114.333 256.3
0.000 0.042 0.000
552.5 137.2 256.3
0.000 0.045 0.000
552.6 137.2 233
0.000 0.045 0.000
552.411 114.333 233
0.000 0.041 0.000
552.033 68.6 233
0.000 0.036 0.000
552.222 91.4667 233
0.000 0.038 0.000
552.333 91.4667 209.7
0.000 0.038 0.000
552.15 68.6 209.7
0.000 0.036 0.000
552.222 91.4667 233
0.000 0.038 0.000
552.411 114.333 233
0.000 0.041 0.000
552.517 114.333 209.7
0.000 0.041 0.000
552.333 91.4667 209.7
0.000 0.038 0.000
552.411 114.333 233
0.000 0.041 0.000
552.6 137.2 233
0.000 0.045 0.000
552.7 137.2 209.7
0.000 0.046 0.000
552.517 114.333 209.7
0.000 0.041 0.000
552.4 137.2 279.6
0.000 0.046 0.000
552.6 160.067 279.6
0.000 0.051 0.000
552.694 160.067 256.3
0.000 0.050 0.000
552.5 137.2 256.3
0.000 0.045 0.000
552.6 160.067 279.6
0.000 0.051 0.000
552.8 182.933 279.6
0.000 0.058 0.000
552.889 182.933 256.3
0.000 0.058 0.000
552.694 160.067 256.3
0.000 0.050 0.000
552.8 182.933 279.6
0.000 0.058 0.000
553 205.8 279.6
0.000 0.067 0.000
553.083 205.8 256.3
0.000 0.066 0.000
552.889 182.933 256.3
0.000 0.058 0.000
552.5 137.2 256.3
0.000 0.045 0.000
552.694 160.067 256.3
0.000 0.050 0.000
552.789 160.067 233
0.000 0.051 0.000
552.6 137.2 233
0.000 0.045 0.000
552.694 160.067 256.3
0.000 0.050 0.000
552.889 182.933 256.3
0.000 0.058 0.000
552.978 182.933 233
0.000 0.058 0.000
552.789 160.067 233
0.000 0.051 0.000
552.889 182.933 256.3
0.000 0.058 0.000
553.083 205.8 256.3
0.000 0.066 0.000
553.167 205.8 233
0.000 0.065 0.000
552.978 182.933 233
0.000 0.058 0.000
552.6 137.2 233
0.000 0.045 0.000
552.789 160.067 233
0.000 0.051 0.000
552.883 160.067 209.7
0.000 0.052 0.000
552.7 137.2 209.7
0.000 0.046 0.000
552.789 160.067 233
0.000 0.051 0.000
552.978 182.933 233
0.000 0.058 0.000
553.067 182.933 209.7
0.000 0.059 0.000
552.883 160.067 209.7
0.000 0.052 0.000
552.978 182.933 233
0.000 0.058 0.000
553.167 205.8 233
0.000 0.065 0.000
553.25 205.8 209.7
0.000 0.066 0.000
553.067 182.933 209.7
0.000 0.059 0.000
553 205.8 279.6
0.000 0.067 0.000
553.2 228.667 279.6
0.000 0.076 0.000
553.278 228.667 256.3
0.000 0.074 0.000
553.083 205.8 256.3
0.000 0.066 0.000
553.2 228.667 279.6
0.000 0.076 0.000
553.4 251.533 279.6
0.000 0.085 0.000
553.472 251.533 256.3
0.000 0.083 0.000
553.278 228.667 256.3
0.000 0.074 0.000
553.4 251.533 279.6
0.000 0.085 0.000
553.6 274.4 279.6
0.000 0.095 0.000
553.667 274.4 256.3
0.000 0.094 0.000
553.472 251.533 256.3
0.000 0.083 0.000
553.083 205.8 256.3
0.000 0.066 0.000
553.278 228.667 256.3
0.000 0.074 0.000
553.356 228.667 233
0.000 0.074 0.000
553.167 205.8 233
0.000 0.065 0.000
553.278 228.667 256.3
0.000 0.074 0.000
553.472 251.533 256.3
0.000 0.083 0.000
553.544 251.533 233
0.000 0.082 0.000
553.356 228.667 233
0.000 0.074 0.000
553.472 251.533 256.3
0.000 0.083 0.000
553.667 274.4 256.3
0.000 0.094 0.000
553.733 274.4 233
0.000 0.093 0.000
553.544 251.533 233
0.000 0.082 0.000
553.167 205.8 233
0.000 0.065 0.000
553.356 228.667 233
0.000 0.074 0.000
553.433 228.667 209.7
0.000 0.074 0.000
553.25 205.8 209.7
0.000 0.066 0.000
553.356 228.667 233
0.000 0.074 0.000
553.544 251.533 233
0.000 0.082 0.000
553.617 251.533 209.7
0.000 0.083 0.000
553.433 228.667 209.7
0.000 0.074 0.000
553.544 251.533 233
0.000 0.082 0.000
553.733 274.4 233
0.000 0.093 0.000
553.8 274.4 209.7
0.000 0.094 0.000
553.617 251.533 209.7
0.000 0.083 0.000
553.6 274.4 279.6
0.000 0.095 0.000
553.8 297.267 279.6
0.000 0.108 0.000
553.861 297.267 256.3
0.000 0.107 0.000
553.667 274.4 256.3
0.000 0.094 0.000
553.8 297.267 279.6
0.000 0.108 0.000
554 320.133 279.6
0.000 0.171 0.000
554.055 320.133 256.3
0.000 0.207 0.000
553.861 297.267 256.3
0.000 0.107 0.000
554 320.133 279.6
0.000 0.171 0.000
554.2 343 279.6
0.000 0.319 0.000
554.25 343 256.3
0.000 0.371 0.000
554.055 320.133 256.3
0.000 0.207 0.000
553.667 274.4 256.3
0.000 0.094 0.000
553.861 297.267 256.3
0.000 0.107 0.000
553.922 297.267 233
0.000 0.111 0.000
553.733 274.4 233
0.000 0.093 0.000
553.861 297.267 256.3
0.000 0.107 0.000
554.055 320.133 256.3
0.000 0.207 0.000
554.111 320.133 233
0.000 0.242 0.000
553.922 297.267 233
0.000 0.111 0.000
554.055 320.133 256.3
0.000 0.207 0.000
554.25 343 256.3
0.000 0.371 0.000
554.3 343 233
0.000 0.427 0.000
554.111 320.133 233
0.000 0.242 0.000
553.733 274.4 233
0.000 0.093 0.000
553.922 297.267 233
0.000 0.111 0.000
553.983 297.267 209.7
0.000 0.133 0.000
553.8 274.4 209.7
0.000 0.094 0.000
553.922 297.267 233
0.000 0.111 0.000
554.111 320.133 233
0.000 0.242 0.000
554.167 320.133 209.7
0.000 0.270 0.000
553.983 297.267 209.7
0.000 0.133 0.000
554.111 320.133 233
0.000 0.242 0.000
554.3 343 233
0.000 0.427 0.000
554.35 343 209.7
0.000 0.451 0.000
554.167 320.133 209.7
0.000 0.270 0.000
554.2 343 279.6
0.000 0.319 0.000
554.4 365.867 279.6
0.000 0.547 0.000
554.444 365.867 256.3
0.000 0.576 0.000
554.25 343 256.3
0.000 0.371 0.000
554.4 365.867 279.6
0.000 0.547 0.000
554.6 388.733 279.6
0.000 0.727 0.000
554.639 388.733 256.3
0.000 0.740 0.000
554.444 365.867 256.3
0.000 0.576 0.000
554.6 388.733 279.6
0.000 0.727 0.000
554.8 411.6 279.6
0.000 0.856 0.000
554.833 411.6 256.3
0.000 0.872 0.000
554.639 388.733 256.3
0.000 0.740 0.000
554.25 343 256.3
0.000 0.371 0.000
554.444 365.867 256.3
0.000 0.576 0.000
554.489 365.867 233
0.000 0.598 0.000
554.3 343 233
0.000 0.427 0.000
554.444 365.867 256.3
0.000 0.576 0.000
554.639 388.733 256.3
0.000 0.740 0.000
554.678 388.733 233
0.000 0.728 0.000
554.489 365.867 233
0.000 0.598 0.000
554.639 388.733 256.3
0.000 0.740 0.000
554.833 411.6 256.3
0.000 0.872 0.000
554.867 411.6 233
0.000 0.867 0.000
554.678 388.733 233
0.000 0.728 0.000
554.3 343 233
0.000 0.427 0.000
554.489 365.867 233
0.000 0.598 0.000
554.533 365.867 209.7
0.000 0.601 0.000
554.35 343 209.7
0.000 0.451 0.000
554.489 365.867 233
0.000 0.598 0.000
554.678 388.733 233
0.000 0.728 0.000
554.717 388.733 209.7
0.000 0.706 0.000
554.533 365.867 209.7
0.000 0.601 0.000
554.678 388.733 233
0.000 0.728 0.000
554.867 411.6 233
0.000 0.867 0.000
554.9 411.6 209.7
0.000 0.850 0.000
554.717 388.733 209.7
0.000 0.706 0.000
554.8 411.6 279.6
0.000 0.856 0.000
555 434.467 279.6
0.000 0.991 0.000
555.028 434.467 256.3
0.000 1.005 0.000
554.833 411.6 256.3
0.000 0.872 0.000
555 434.467 279.6
0.000 0.991 0.000
555.2 457.333 279.6
0.000 0.986 0.000
555.222 457.333 256.3
0.000 0.979 0.000
555.028 434.467 256.3
0.000 1.005 0.000
555.2 457.333 279.6
0.000 0.986 0.000
555.4 480.2 279.6
0.000 0.830 0.000
555.417 480.2 256.3
0.000 0.823 0.000
555.222 457.333 256.3
0.000 0.979 0.000
554.833 411.6 256.3
0.000 0.872 0.000
555.028 434.467 256.3
0.000 1.005 0.000
555.056 434.467 233
0.000 0.991 0.000
554.867 411.6 233
0.000 0.867 0.000
555.028 434.467 256.3
0.000 1.005 0.000
555.222 457.333 256.3
0.000 0.979 0.000
555.244 457.333 233
0.000 0.945 0.000
555.056 434.467 233
0.000 0.991 0.000
555.222 457.333 256.3
0.000 0.979 0.000
555.417 480.2 256.3
0.000 0.823 0.000
555.433 480.2 233
0.000 0.794 0.000
555.244 457.333 233
0.000 0.945 0.000
554.867 411.6 233
0.000 0.867 0.000
555.056 434.467 233
0.000 0.991 0.000
555.083 434.467 209.7
0.000 0.958 0.000
554.9 411.6 209.7
0.000 0.850 0.000
555.056 434.467 233
0.000 0.991 0.000
555.244 457.333 233
0.000 0.945 0.000
555.267 457.333 209.7
0.000 0.899 0.000
555.083 434.467 209.7
0.000 0.958 0.000
555.244 457.333 233
0.000 0.945 0.000
555.433 480.2 233
0.000 0.794 0.000
555.45 480.2 209.7
0.000 0.753 0.000
555.267 457.333 209.7
0.000 0.899 0.000
555.4 480.2 279.6
0.000 0.830 0.000
555.6 503.067 279.6
0.000 0.665 0.000
555.611 503.067 256.3
0.000 0.659 0.000
555.417 480.2 256.3
0.000 0.823 0.000
555.6 503.067 279.6
0.000 0.665 0.000
555.8 525.933 279.6
0.000 0.519 0.000
555.806 525.933 256.3
0.000 0.515 0.000
555.611 503.067 256.3
0.000 0.659 0.000
555.8 525.933 279.6
0.000 0.519 0.000
556 548.8 279.6
0.000 0.441 0.000
556 548.8 256.3
0.000 0.439 0.000
555.806 525.933 256.3
0.000 0.515 0.000
555.417 480.2 256.3
0.000 0.823 0.000
555.611 503.067 256.3
0.000 0.659 0.000
555.622 503.067 233
0.000 0.637 0.000
555.433 480.2 233
0.000 0.794 0.000
555.611 503.067 256.3
0.000 0.659 0.000
555.806 525.933 256.3
0.000 0.515 0.000
555.811 525.933 233
0.000 0.499 0.000
555.622 503.067 233
0.000 0.637 0.000
555.806 525.933 256.3
0.000 0.515 0.000
556 548.8 256.3
0.000 0.439 0.000
556 548.8 233
0.000 0.425 0.000
555.811 525.933 233
0.000 0.499 0.000
555.433 480.2 233
0.000 0.794 0.000
555.622 503.067 233
0.000 0.637 0.000
555.633 503.067 209.7
0.000 0.602 0.000
555.45 480.2 209.7
0.000 0.753 0.000
555.622 503.067 233
0.000 0.637 0.000
555.811 525.933 233
0.000 0.499 0.000
555.817 525.933 209.7
0.000 0.472 0.000
555.633 503.067 209.7
0.000 0.602 0.000
555.811 525.933 233
0.000 0.499 0.000
556 548.8 233
0.000 0.425 0.000
556 548.8 209.7
0.000 0.403 0.000
555.817 525.933 209.7
0.000 0.472 0.000
551.6 0 209.7
0.000 0.027 0.000
551.783 22.8667 209.7
0.000 0.030 0.000
551.911 22.8667 186.4
0.000 0.032 0.000
551.733 0 186.4
0.000 0.028 0.000
551.783 22.8667 209.7
0.000 0.030 0.000
551.967 45.7333 209.7
0.000 0.035 0.000
552.089 45.7333 186.4
0.000 0.035 0.000
551.911 22.8667 186.4
0.000 0.032 0.000
551.967 45.7333 209.7
0.000 0.035 0.000
552.15 68.6 209.7
0.000 0.036 0.000
552.267 68.6 186.4
0.000 0.037 0.000
552.089 45.7333 186.4
0.000 0.035 0.000
551.733 0 186.4
0.000 0.028 0.000
551.911 22.8667 186.4
0.000 0.032 0.000
552.039 22.8667 163.1
0.000 0.032 0.000
551.867 0 163.1
0.000 0.028 0.000
551.911 22.8667 186.4
0.000 0.032 0.000
552.089 45.7333 186.4
0.000 0.035 0.000
552.211 45.7333 163.1
0.000 0.035 0.000
552.039 22.8667 163.1
0.000 0.032 0.000
552.089 45.7333 186.4
0.000 0.035 0.000
552.267 68.6 186.4
0.000 0.037 0.000
552.383 68.6 163.1
0.000 0.036 0.000
552.211 45.7333 163.1
0.000 0.035 0.000
551.867 0 163.1
0.000 0.028 0.000
552.039 22.8667 163.1
0.000 0.032 0.000
552.167 22.8667 139.8
0.000 0.031 0.000
552 0 139.8
0.000 0.027 0.000
552.039 22.8667 163.1
0.000 0.032 0.000
552.211 45.7333 163.1
0.000 0.035 0.000
552.333 45.7333 139.8
0.000 0.035 0.000
552.167 22.8667 139.8
0.000 0.031 0.000
552.211 45.7333 163.1
0.000 0.035 0.000
552.383 68.6 163.1
0.000 0.036 0.000
552.5 68.6 139.8
0.000 0.036 0.000
552.333 45.7333 139.8
0.000 0.035 0.000
552.15 68.6 209.7
0.000 0.036 0.000
552.333 91.4667 209.7
0.000 0.038 0.000
552.444 91.4667 186.4
0.000 0.038 0.000
552.267 68.6 186.4
0.000 0.037 0.000
552.333 91.4667 209.7
0.000 0.038 0.000
552.517 114.333 209.7
0.000 0.041 0.000
552.622 114.333 186.4
0.000 0.042 0.000
552.444 91.4667 186.4
0.000 0.038 0.000
552.517 114.333 209.7
0.000 0.041 0.000
552.7 137.2 209.7
0.000 0.046 0.000
552.8 137.2 186.4
0.000 0.047 0.000
552.622 114.333 186.4
0.000 0.042 0.000
552.267 68.6 186.4
0.000 0.037 0.000
552.444 91.4667 186.4
0.000 0.038 0.000
552.555 91.4667 163.1
0.000 0.038 0.000
552.383 68.6 163.1
0.000 0.036 0.000
552.444 91.4667 186.4
0.000 0.038 0.000
552.622 114.333 186.4
0.000 0.042 0.000
552.728 114.333 163.1
0.000 0.042 0.000
552.555 91.4667 163.1
0.000 0.038 0.000
552.622 114.333 186.4
0.000 0.042 0.000
552.8 137.2 186.4
0.000 0.047 0.000
552.9 137.2 163.1
0.000 0.047 0.000
552.728 114.333 163.1
0.000 0.042 0.000
552.383 68.6 163.1
0.000 0.036 0.000
552.555 91.4667 163.1
0.000 0.038 0.000
552.667 91.4667 139.8
0.000 0.039 0.000
552.5 68.6 139.8
0.000 0.036 0.000
552.555 91.4667 163.1
0.000 0.038 0.000
552.728 114.333 163.1
0.000 0.042 0.000
552.833 114.333 139.8
0.000 0.043 0.000
552.667 91.4667 139.8
0.000 0.039 0.000
552.728 114.333 163.1
0.000 0.042 0.000
552.9 137.2 163.1
0.000 0.047 0.000
553 137.2 139.8
0.000 0.047 0.000
552.833 114.333 139.8
0.000 0.043 0.000
552.7 137.2 209.7
0.000 0.046 0.000
552.883 160.067 209.7
0.000 0.052 0.000
552.978 160.067 186.4
0.000 0.053 0.000
552.8 137.2 186.4
0.000 0.047 0.000
552.883 160.067 209.7
0.000 0.052 0.000
553.067 182.933 209.7
0.000 0.059 0.000
553.156 182.933 186.4
0.000 0.059 0.000
552.978 160.067 186.4
0.000 0.053 0.000
553.067 182.933 209.7
0.000 0.059 0.000
553.25 205.8 209.7
0.000 0.066 0.000
553.333 205.8 186.4
0.000 0.066 0.000
553.156 182.933 186.4
0.000 0.059 0.000
552.8 137.2 186.4
0.000 0.047 0.000
552.978 160.067 186.4
0.000 0.053 0.000
553.072 160.067 163.1
0.000 0.053 0.000
552.9 137.2 163.1
0.000 0.047 0.000
552.978 160.067 186.4
0.000 0.053 0.000
553.156 182.933 186.4
0.000 0.059 0.000
553.244 182.933 163.1
0.000 0.059 0.000
553.072 160.067 163.1
0.000 0.053 0.000
553.156 182.933 186.4
0.000 0.059 0.000
553.333 205.8 186.4
0.000 0.066 0.000
553.417 205.8 163.1
0.000 0.066 0.000
553.244 182.933 163.1
0.000 0.059 0.000
552.9 137.2 163.1
0.000 0.047 0.000
553.072 160.067 163.1
0.000 0.053 0.000
553.167 160.067 139.8
0.000 0.053 0.000
553 137.2 139.8
0.000 0.047 0.000
553.072 160.067 163.1
0.000 0.053 0.000
553.244 182.933 163.1
0.000 0.059 0.000
553.333 182.933 139.8
0.000 0.059 0.000
553.167 160.067 139.8
0.000 0.053 0.000
553.244 182.933 163.1
0.000 0.059 0.000
553.417 205.8 163.1
0.000 0.066 0.000
553.5 205.8 139.8
0.000 0.066 0.000
553.333 182.933 139.8
0.000 0.059 0.000
553.25 205.8 209.7
0.000 0.066 0.000
553.433 228.667 209.7
0.000 0.074 0.000
553.511 228.667 186.4
0.000 0.074 0.000
553.333 205.8 186.4
0.000 0.066 0.000
553.433 228.667 209.7
0.000 0.074 0.000
553.617 251.533 209.7
0.000 0.083 0.000
553.689 251.533 186.4
0.000 0.083 0.000
553.511 228.667 186.4
0.000 0.074 0.000
553.617 251.533 209.7
0.000 0.083 0.000
553.8 274.4 209.7
0.000 0.094 0.000
553.867 274.4 186.4
0.000 0.095 0.000
553.689 251.533 186.4
0.000 0.083 0.000
553.333 205.8 186.4
0.000 0.066 0.000
553.511 228.667 186.4
0.000 0.074 0.000
553.589 228.667 163.1
0.000 0.074 0.000
553.417 205.8 163.1
0.000 0.066 0.000
553.511 228.667 186.4
0.000 0.074 0.000
553.689 251.533 186.4
0.000 0.083 0.000
553.761 251.533 163.1
0.000 0.083 0.000
553.589 228.667 163.1
0.000 0.074 0.000
553.689 251.533 186.4
0.000 0.083 0.000
553.867 274.4 186.4
0.000 0.095 0.000
553.933 274.4 163.1
0.000 0.095 0.000
553.761 251.533 163.1
0.000 0.083 0.000
553.417 205.8 163.1
0.000 0.066 0.000
553.589 228.667 163.1
0.000 0.074 0.000
553.667 228.667 139.8
0.000 0.073 0.000
553.5 205.8 139.8
0.000 0.066 0.000
553.589 228.667 163.1
0.000 0.074 0.000
553.761 251.533 163.1
0.000 0.083 0.000
553.833 251.533 139.8
0.000 0.083 0.000
553.667 228.667 139.8
0.000 0.073 0.000
553.761 251.533 163.1
0.000 0.083 0.000
553.933 274.4 163.1
0.000 0.095 0.000
554 274.4 139.8
0.000 0.106 0.000
553.833 251.533 139.8
0.000 0.083 0.000
553.8 274.4 209.7
0.000 0.094 0.000
553.983 297.267 209.7
0.000 0.133 0.000
554.044 297.267 186.4
0.000 0.165 0.000
553.867 274.4 186.4
0.000 0.095 0.000
553.983 297.267 209.7
0.000 0.133 0.000
554.167 320.133 209.7
0.000 0.270 0.000
554.222 320.133 186.4
0.000 0.295 0.000
554.044 297.267 186.4
0.000 0.165 0.000
554.167 320.133 209.7
0.000 0.270 0.000
554.35 343 209.7
0.000 0.451 0.000
554.4 343 186.4
0.000 0.455 0.000
554.222 320.133 186.4
0.000 0.295 0.000
553.867 274.4 186.4
0.000 0.095 0.000
554.044 297.267 186.4
0.000 0.165 0.000
554.106 297.267 163.1
0.000 0.191 0.000
553.933 274.4 163.1
0.000 0.095 0.000
554.044 297.267 186.4
0.000 0.165 0.000
554.222 320.133 186.4
0.000 0.295 0.000
554.278 320.133 163.1
0.000 0.319 0.000
554.106 297.267 163.1
0.000 0.191 0.000
554.222 320.133 186.4
0.000 0.295 0.000
554.4 343 186.4
0.000 0.455 0.000
554.45 343 163.1
0.000 0.453 0.000
554.278 320.133 163.1
0.000 0.319 0.000
553.933 274.4 163.1
0.000 0.095 0.000
554.106 297.267 163.1
0.000 0.191 0.000
554.167 297.267 139.8
0.000 0.211 0.000
554 274.4 139.8
0.000 0.106 0.000
554.106 297.267 163.1
0.000 0.191 0.000
554.278 320.133 163.1
0.000 0.319 0.000
554.333 320.133 139.8
0.000 0.331 0.000
554.167 297.267 139.8
0.000 0.211 0.000
554.278 320.133 163.1
0.000 0.319 0.000
554.45 343 163.1
0.000 0.453 0.000
554.5 343 139.8
0.000 0.443 0.000
554.333 320.133 139.8
0.000 0.331 0.000
554.35 343 209.7
0.000 0.451 0.000
554.533 365.867 209.7
0.000 0.601 0.000
554.578 365.867 186.4
0.000 0.590 0.000
554.4 343 186.4
0.000 0.455 0.000
554.533 365.867 209.7
0.000 0.601 0.000
554.717 388.733 209.7
0.000 0.706 0.000
554.756 388.733 186.4
0.000 0.675 0.000
554.578 365.867 186.4
0.000 0.590 0.000
554.717 388.733 209.7
0.000 0.706 0.000
554.9 411.6 209.7
0.000 0.850 0.000
554.933 411.6 186.4
0.000 0.819 0.000
554.756 388.733 186.4
0.000 0.675 0.000
554.4 343 186.4
0.000 0.455 0.000
554.578 365.867 186.4
0.000 0.590 0.000
554.622 365.867 163.1
0.000 0.568 0.000
554.45 343 163.1
0.000 0.453 0.000
554.578 365.867 186.4
0.000 0.590 0.000
554.756 388.733 186.4
0.000 0.675 0.000
554.794 388.733 163.1
0.000 0.636 0.000
554.622 365.867 163.1
0.000 0.568 0.000
554.756 388.733 186.4
0.000 0.675 0.000
554.933 411.6 186.4
0.000 0.819 0.000
554.967 411.6 163.1
0.000 0.773 0.000
554.794 388.733 163.1
0.000 0.636 0.000
554.45 343 163.1
0.000 0.453 0.000
554.622 365.867 163.1
0.000 0.568 0.000
554.667 365.867 139.8
0.000 0.533 0.000
554.5 343 139.8
0.000 0.443 0.000
554.622 365.867 163.1
0.000 0.568 0.000
554.794 388.733 163.1
0.000 0.636 0.000
554.833 388.733 139.8
0.000 0.599 0.000
554.667 365.867 139.8
0.000 0.533 0.000
554.794 388.733 163.1
0.000 0.636 0.000
554.967 411.6 163.1
0.000 0.773 0.000
555 411.6 139.8
0.000 0.724 0.000
554.833 388.733 139.8
0.000 0.599 0.000
554.9 411.6 209.7
0.000 0.850 0.000
555.083 434.467 209.7
0.000 0.958 0.000
555.111 434.467 186.4
0.000 0.905 0.000
554.933 411.6 186.4
0.000 0.819 0.000
555.083 434.467 209.7
0.000 0.958 0.000
555.267 457.333 209.7
0.000 0.899 0.000
555.289 457.333 186.4
0.000 0.836 0.000
555.111 434.467 186.4
0.000 0.905 0.000
555.267 457.333 209.7
0.000 0.899 0.000
555.45 480.2 209.7
0.000 0.753 0.000
555.467 480.2 186.4
0.000 0.697 0.000
555.289 457.333 186.4
0.000 0.836 0.000
554.933 411.6 186.4
0.000 0.819 0.000
555.111 434.467 186.4
0.000 0.905 0.000
555.139 434.467 163.1
0.000 0.838 0.000
554.967 411.6 163.1
0.000 0.773 0.000
555.111 434.467 186.4
0.000 0.905 0.000
555.289 457.333 186.4
0.000 0.836 0.000
555.311 457.333 163.1
0.000 0.763 0.000
555.139 434.467 163.1
0.000 0.838 0.000
555.289 457.333 186.4
0.000 0.836 0.000
555.467 480.2 186.4
0.000 0.697 0.000
555.483 480.2 163.1
0.000 0.636 0.000
555.311 457.333 163.1
0.000 0.763 0.000
554.967 411.6 163.1
0.000 0.773 0.000
555.139 434.467 163.1
0.000 0.838 0.000
555.167 434.467 139.8
0.000 0.767 0.000
555 411.6 139.8
0.000 0.724 0.000
555.139 434.467 163.1
0.000 0.838 0.000
555.311 457.333 163.1
0.000 0.763 0.000
555.333 457.333 139.8
0.000 0.692 0.000
555.167 434.467 139.8
0.000 0.767 0.000
555.311 457.333 163.1
0.000 0.763 0.000
555.483 480.2 163.1
0.000 0.636 0.000
555.5 480.2 139.8
0.000 0.574 0.000
555.333 457.333 139.8
0.000 0.692 0.000
555.45 480.2 209.7
0.000 0.753 0.000
555.633 503.067 209.7
0.000 0.602 0.000
555.644 503.067 186.4
0.000 0.556 0.000
555.467 480.2 186.4
0.000 0.697 0.000
555.633 503.067 209.7
0.000 0.602 0.000
555.817 525.933 209.7
0.000 0.472 0.000
555.822 525.933 186.4
0.000 0.436 0.000
555.644 503.067 186.4
0.000 0.556 0.000
555.817 525.933 209.7
0.000 0.472 0.000
556 548.8 209.7
0.000 0.403 0.000
556 548.8 186.4
0.000 0.373 0.000
555.822 525.933 186.4
0.000 0.436 0.000
555.467 480.2 186.4
0.000 0.697 0.000
555.644 503.067 186.4
0.000 0.556 0.000
555.656 503.067 163.1
0.000 0.507 0.000
555.483 480.2 163.1
0.000 0.636 0.000
555.644 503.067 186.4
0.000 0.556 0.000
555.822 525.933 186.4
0.000 0.436 0.000
555.828 525.933 163.1
0.000 0.397 0.000
555.656 503.067 163.1
0.000 0.507 0.000
555.822 525.933 186.4
0.000 0.436 0.000
556 548.8 186.4
0.000 0.373 0.000
556 548.8 163.1
0.000 0.340 0.000
555.828 525.933 163.1
0.000 0.397 0.000
555.483 480.2 163.1
0.000 0.636 0.000
555.656 503.067 163.1
0.000 0.507 0.000
555.667 503.067 139.8
0.000 0.456 0.000
555.5 480.2 139.8
0.000 0.574 0.000
555.656 503.067 163.1
0.000 0.507 0.000
555.828 525.933 163.1
0.000 0.397 0.000
555.833 525.933 139.8
0.000 0.359 0.000
555.667 503.067 139.8
0.000 0.456 0.000
555.828 525.933 163.1
0.000 0.397 0.000
556 548.8 163.1
0.000 0.340 0.000
556 548.8 139.8
0.000 0.308 0.000
555.833 525.933 139.8
0.000 0.359 0.000
552 0 139.8
0.000 0.027 0.000
552.167 22.8667 139.8
0.000 0.031 0.000
552.294 22.8667 116.5
0.000 0.033 0.000
552.133 0 116.5
0.000 0.030 0.000
552.167 22.8667 139.8
0.000 0.031 0.000
552.333 45.7333 139.8
0.000 0.035 0.000
552.456 45.7333 116.5
0.000 0.036 0.000
552.294 22.8667 116.5
0.000 0.033 0.000
552.333 45.7333 139.8
0.000 0.035 0.000
552.5 68.6 139.8
0.000 0.036 0.000
552.617 68.6 116.5
0.000 0.037 0.000
552.456 45.7333 116.5
0.000 0.036 0.000
552.133 0 116.5
0.000 0.030 0.000
552.294 22.8667 116.5
0.000 0.033 0.000
552.422 22.8667 93.2
0.000 0.032 0.000
552.267 0 93.2
0.000 0.029 0.000
552.294 22.8667 116.5
0.000 0.033 0.000
552.456 45.7333 116.5
0.000 0.036 0.000
552.578 45.7333 93.2
0.000 0.035 0.000
552.422 22.8667 93.2
0.000 0.032 0.000
552.456 45.7333 116.5
0.000 0.036 0.000
552.617 68.6 116.5
0.000 0.037 0.000
552.733 68.6 93.2
0.000 0.036 0.000
552.578 45.7333 93.2
0.000 0.035 0.000
552.267 0 93.2
0.000 0.029 0.000
552.422 22.8667 93.2
0.000 0.032 0.000
552.55 22.8667 69.9
0.000 0.027 0.000
552.4 0 69.9
0.000 0.024 0.000
552.422 22.8667 93.2
0.000 0.032 0.000
552.578 45.7333 93.2
0.000 0.035 0.000
552.7 45.7333 69.9
0.000 0.031 0.000
552.55 22.8667 69.9
0.000 0.027 0.000
552.578 45.7333 93.2
0.000 0.035 0.000
552.733 68.6 93.2
0.000 0.036 0.000
552.85 68.6 69.9
0.000 0.034 0.000
552.7 45.7333 69.9
0.000 0.031 0.000
552.5 68.6 139.8
0.000 0.036 0.000
552.667 91.4667 139.8
0.000 0.039 0.000
552.778 91.4667 116.5
0.000 0.039 0.000
552.617 68.6 116.5
0.000 0.037 0.000
552.667 91.4667 139.8
0.000 0.039 0.000
552.833 114.333 139.8
0.000 0.043 0.000
552.939 114.333 116.5
0.000 0.043 0.000
552.778 91.4667 116.5
0.000 0.039 0.000
552.833 114.333 139.8
0.000 0.043 0.000
553 137.2 139.8
0.000 0.047 0.000
553.1 137.2 116.5
0.000 0.048 0.000
552.939 114.333 116.5
0.000 0.043 0.000
552.617 68.6 116.5
0.000 0.037 0.000
552.778 91.4667 116.5
0.000 0.039 0.000
552.889 91.4667 93.2
0.000 0.039 0.000
552.733 68.6 93.2
0.000 0.036 0.000
552.778 91.4667 116.5
0.000 0.039 0.000
552.939 114.333 116.5
0.000 0.043 0.000
553.044 114.333 93.2
0.000 0.043 0.000
552.889 91.4667 93.2
0.000 0.039 0.000
552.939 114.333 116.5
0.000 0.043 0.000
553.1 137.2 116.5
0.000 0.048 0.000
553.2 137.2 93.2
0.000 0.047 0.000
553.044 114.333 93.2
0.000 0.043 0.000
552.733 68.6 93.2
0.000 0.036 0.000
552.889 91.4667 93.2
0.000 0.039 0.000
553 91.4667 69.9
0.000 0.037 0.000
552.85 68.6 69.9
0.000 0.034 0.000
552.889 91.4667 93.2
0.000 0.039 0.000
553.044 114.333 93.2
0.000 0.043 0.000
553.15 114.333 69.9
0.000 0.040 0.000
553 91.4667 69.9
0.000 0.037 0.000
553.044 114.333 93.2
0.000 0.043 0.000
553.2 137.2 93.2
0.000 0.047 0.000
553.3 137.2 69.9
0.000 0.044 0.000
553.15 114.333 69.9
0.000 0.040 0.000
553 137.2 139.8
0.000 0.047 0.000
553.167 160.067 139.8
0.000 0.053 0.000
553.261 160.067 116.5
0.000 0.053 0.000
553.1 137.2 116.5
0.000 0.048 0.000
553.167 160.067 139.8
0.000 0.053 0.000
553.333 182.933 139.8
0.000 0.059 0.000
553.422 182.933 116.5
0.000 0.059 0.000
553.261 160.067 116.5
0.000 0.053 0.000
553.333 182.933 139.8
0.000 0.059 0.000
553.5 205.8 139.8
0.000 0.066 0.000
553.583 205.8 116.5
0.000 0.066 0.000
553.422 182.933 116.5
0.000 0.059 0.000
553.1 137.2 116.5
0.000 0.048 0.000
553.261 160.067 116.5
0.000 0.053 0.000
553.356 160.067 93.2
0.000 0.051 0.000
553.2 137.2 93.2
0.000 0.047 0.000
553.261 160.067 116.5
0.000 0.053 0.000
553.422 182.933 116.5
0.000 0.059 0.000
553.511 182.933 93.2
0.000 0.057 0.000
553.356 160.067 93.2
0.000 0.051 0.000
553.422 182.933 116.5
0.000 0.059 0.000
553.583 205.8 116.5
0.000 0.066 0.000
553.667 205.8 93.2
0.000 0.063 0.000
553.511 182.933 93.2
0.000 0.057 0.000
553.2 137.2 93.2
0.000 0.047 0.000
553.356 160.067 93.2
0.000 0.051 0.000
553.45 160.067 69.9
0.000 0.048 0.000
553.3 137.2 69.9
0.000 0.044 0.000
553.356 160.067 93.2
0.000 0.051 0.000
553.511 182.933 93.2
0.000 0.057 0.000
553.6 182.933 69.9
0.000 0.053 0.000
553.45 160.067 69.9
0.000 0.048 0.000
553.511 182.933 93.2
0.000 0.057 0.000
553.667 205.8 93.2
0.000 0.063 0.000
553.75 205.8 69.9
0.000 0.059 0.000
553.6 182.933 69.9
0.000 0.053 0.000
553.5 205.8 139.8
0.000 0.066 0.000
553.667 228.667 139.8
0.000 0.073 0.000
553.744 228.667 116.5
0.000 0.074 0.000
553.583 205.8 116.5
0.000 0.066 0.000
553.667 228.667 139.8
0.000 0.073 0.000
553.833 251.533 139.8
0.000 0.083 0.000
553.906 251.533 116.5
0.000 0.084 0.000
553.744 228.667 116.5
0.000 0.074 0.000
553.833 251.533 139.8
0.000 0.083 0.000
554 274.4 139.8
0.000 0.106 0.000
554.067 274.4 116.5
0.000 0.127 0.000
553.906 251.533 116.5
0.000 0.084 0.000
553.583 205.8 116.5
0.000 0.066 0.000
553.744 228.667 116.5
0.000 0.074 0.000
553.822 228.667 93.2
0.000 0.072 0.000
553.667 205.8 93.2
0.000 0.063 0.000
553.744 228.667 116.5
0.000 0.074 0.000
553.906 251.533 116.5
0.000 0.084 0.000
553.978 251.533 93.2
0.000 0.083 0.000
553.822 228.667 93.2
0.000 0.072 0.000
553.906 251.533 116.5
0.000 0.084 0.000
554.067 274.4 116.5
0.000 0.127 0.000
554.133 274.4 93.2
0.000 0.144 0.000
553.978 251.533 93.2
0.000 0.083 0.000
553.667 205.8 93.2
0.000 0.063 0.000
553.822 228.667 93.2
0.000 0.072 0.000
553.9 228.667 69.9
0.000 0.068 0.000
553.75 205.8 69.9
0.000 0.059 0.000
553.822 228.667 93.2
0.000 0.072 0.000
553.978 251.533 93.2
0.000 0.083 0.000
554.05 251.533 69.9
0.000 0.081 0.000
553.9 228.667 69.9
0.000 0.068 0.000
553.978 251.533 93.2
0.000 0.083 0.000
554.133 274.4 93.2
0.000 0.144 0.000
554.2 274.4 69.9
0.000 0.155 0.000
554.05 251.533 69.9
0.000 0.081 0.000
554 274.4 139.8
0.000 0.106 0.000
554.167 297.267 139.8
0.000 0.211 0.000
554.228 297.267 116.5
0.000 0.226 0.000
554.067 274.4 116.5
0.000 0.127 0.000
554.167 297.267 139.8
0.000 0.211 0.000
554.333 320.133 139.8
0.000 0.331 0.000
554.389 320.133 116.5
0.000 0.332 0.000
554.228 297.267 116.5
0.000 0.226 0.000
554.333 320.133 139.8
0.000 0.331 0.000
554.5 343 139.8
0.000 0.443 0.000
554.55 343 116.5
0.000 0.429 0.000
554.389 320.133 116.5
0.000 0.332 0.000
554.067 274.4 116.5
0.000 0.127 0.000
554.228 297.267 116.5
0.000 0.226 0.000
554.289 297.267 93.2
0.000 0.235 0.000
554.133 274.4 93.2
0.000 0.144 0.000
554.228 297.267 116.5
0.000 0.226 0.000
554.389 320.133 116.5
0.000 0.332 0.000
554.444 320.133 93.2
0.000 0.325 0.000
554.289 297.267 93.2
0.000 0.235 0.000
554.389 320.133 116.5
0.000 0.332 0.000
554.55 343 116.5
0.000 0.429 0.000
554.6 343 93.2
0.000 0.410 0.000
554.444 320.133 93.2
0.000 0.325 0.000
554.133 274.4 93.2
0.000 0.144 0.000
554.289 297.267 93.2
0.000 0.235 0.000
554.35 297.267 69.9
0.000 0.239 0.000
554.2 274.4 69.9
0.000 0.155 0.000
554.289 297.267 93.2
0.000 0.235 0.000
554.444 320.133 93.2
0.000 0.325 0.000
554.5 320.133 69.9
0.000 0.316 0.000
554.35 297.267 69.9
0.000 0.239 0.000
554.444 320.133 93.2
0.000 0.325 0.000
554.6 343 93.2
0.000 0.410 0.000
554.65 343 69.9
0.000 0.392 0.000
554.5 320.133 69.9
0.000 0.316 0.000
554.5 343 139.8
0.000 0.443 0.000
554.667 365.867 139.8
0.000 0.533 0.000
554.711 365.867 116.5
0.000 0.495 0.000
554.55 343 116.5
0.000 0.429 0.000
554.667 365.867 139.8
0.000 0.533 0.000
554.833 388.733 139.8
0.000 0.599 0.000
554.872 388.733 116.5
0.000 0.562 0.000
554.711 365.867 116.5
0.000 0.495 0.000
554.833 388.733 139.8
0.000 0.599 0.000
555 411.6 139.8
0.000 0.724 0.000
555.033 411.6 116.5
0.000 0.669 0.000
554.872 388.733 116.5
0.000 0.562 0.000
554.55 343 116.5
0.000 0.429 0.000
554.711 365.867 116.5
0.000 0.495 0.000
554.756 365.867 93.2
0.000 0.457 0.000
554.6 343 93.2
0.000 0.410 0.000
554.711 365.867 116.5
0.000 0.495 0.000
554.872 388.733 116.5
0.000 0.562 0.000
554.911 388.733 93.2
0.000 0.528 0.000
554.756 365.867 93.2
0.000 0.457 0.000
554.872 388.733 116.5
0.000 0.562 0.000
555.033 411.6 116.5
0.000 0.669 0.000
555.067 411.6 93.2
0.000 0.618 0.000
554.911 388.733 93.2
0.000 0.528 0.000
554.6 343 93.2
0.000 0.410 0.000
554.756 365.867 93.2
0.000 0.457 0.000
554.8 365.867 69.9
0.000 0.423 0.000
554.65 343 69.9
0.000 0.392 0.000
554.756 365.867 93.2
0.000 0.457 0.000
554.911 388.733 93.2
0.000 0.528 0.000
554.95 388.733 69.9
0.000 0.497 0.000
554.8 365.867 69.9
0.000 0.423 0.000
554.911 388.733 93.2
0.000 0.528 0.000
555.067 411.6 93.2
0.000 0.618 0.000
555.1 411.6 69.9
0.000 0.574 0.000
554.95 388.733 69.9
0.000 0.497 0.000
555 411.6 139.8
0.000 0.724 0.000
555.167 434.467 139.8
0.000 0.767 0.000
555.194 434.467 116.5
0.000 0.692 0.000
555.033 411.6 116.5
0.000 0.669 0.000
555.167 434.467 139.8
0.000 0.767 0.000
555.333 457.333 139.8
0.000 0.692 0.000
555.356 457.333 116.5
0.000 0.620 0.000
555.194 434.467 116.5
0.000 0.692 0.000
555.333 457.333 139.8
0.000 0.692 0.000
555.5 480.2 139.8
0.000 0.574 0.000
555.517 480.2 116.5
0.000 0.513 0.000
555.356 457.333 116.5
0.000 0.620 0.000
555.033 411.6 116.5
0.000 0.669 0.000
555.194 434.467 116.5
0.000 0.692 0.000
555.222 434.467 93.2
0.000 0.624 0.000
555.067 411.6 93.2
0.000 0.618 0.000
555.194 434.467 116.5
0.000 0.692 0.000
555.356 457.333 116.5
0.000 0.620 0.000
555.378 457.333 93.2
0.000 0.556 0.000
555.222 434.467 93.2
0.000 0.624 0.000
555.356 457.333 116.5
0.000 0.620 0.000
555.517 480.2 116.5
0.000 0.513 0.000
555.533 480.2 93.2
0.000 0.458 0.000
555.378 457.333 93.2
0.000 0.556 0.000
555.067 411.6 93.2
0.000 0.618 0.000
555.222 434.467 93.2
0.000 0.624 0.000
555.25 434.467 69.9
0.000 0.563 0.000
555.1 411.6 69.9
0.000 0.574 0.000
555.222 434.467 93.2
0.000 0.624 0.000
555.378 457.333 93.2
0.000 0.556 0.000
555.4 457.333 69.9
0.000 0.499 0.000
555.25 434.467 69.9
0.000 0.563 0.000
555.378 457.333 93.2
0.000 0.556 0.000
555.533 480.2 93.2
0.000 0.458 0.000
555.55 480.2 69.9
0.000 0.406 0.000
555.4 457.333 69.9
0.000 0.499 0.000
555.5 480.2 139.8
0.000 0.574 0.000
555.667 503.067 139.8
0.000 0.456 0.000
555.678 503.067 116.5
0.000 0.407 0.000
555.517 480.2 116.5
0.000 0.513 0.000
555.667 503.067 139.8
0.000 0.456 0.000
555.833 525.933 139.8
0.000 0.359 0.000
555.839 525.933 116.5
0.000 0.319 0.000
555.678 503.067 116.5
0.000 0.407 0.000
555.833 525.933 139.8
0.000 0.359 0.000
556 548.8 139.8
0.000 0.308 0.000
556 548.8 116.5
0.000 0.274 0.000
555.839 525.933 116.5
0.000 0.319 0.000
555.517 480.2 116.5
0.000 0.513 0.000
555.678 503.067 116.5
0.000 0.407 0.000
555.689 503.067 93.2
0.000 0.361 0.000
555.533 480.2 93.2
0.000 0.458 0.000
555.678 503.067 116.5
0.000 0.407 0.000
555.839 525.933 116.5
0.000 0.319 0.000
555.844 525.933 93.2
0.000 0.281 0.000
555.689 503.067 93.2
0.000 0.361 0.000
555.839 525.933 116.5
0.000 0.319 0.000
556 548.8 116.5
0.000 0.274 0.000
556 548.8 93.2
0.000 0.241 0.000
555.844 525.933 93.2
0.000 0.281 0.000
555.533 480.2 93.2
0.000 0.458 0.000
555.689 503.067 93.2
0.000 0.361 0.000
555.7 503.067 69.9
0.000 0.316 0.000
555.55 480.2 69.9
0.000 0.406 0.000
555.689 503.067 93.2
0.000 0.361 0.000
555.844 525.933 93.2
0.000 0.281 0.000
555.85 525.933 69.9
0.000 0.244 0.000
555.7 503.067 69.9
0.000 0.316 0.000
555.844 525.933 93.2
0.000 0.281 0.000
556 548.8 93.2
0.000 0.241 0.000
556 548.8 69.9
0.000 0.209 0.000
555.85 525.933 69.9
0.000 0.244 0.000
552.4 0 69.9
0.000 0.024 0.000
552.55 22.8667 69.9
0.000 0.027 0.000
552.678 22.8667 46.6
0.000 0.023 0.000
552.533 0 46.6
0.000 0.020 0.000
552.55 22.8667 69.9
0.000 0.027 0.000
552.7 45.7333 69.9
0.000 0.031 0.000
552.822 45.7333 46.6
0.000 0.027 0.000
552.678 22.8667 46.6
0.000 0.023 0.000
552.7 45.7333 69.9
0.000 0.031 0.000
552.85 68.6 69.9
0.000 0.034 0.000
552.967 68.6 46.6
0.000 0.030 0.000
552.822 45.7333 46.6
0.000 0.027 0.000
552.533 0 46.6
0.000 0.020 0.000
552.678 22.8667 46.6
0.000 0.023 0.000
552.805 22.8667 23.3
0.000 0.019 0.000
552.667 0 23.3
0.000 0.017 0.000
552.678 22.8667 46.6
0.000 0.023 0.000
552.822 45.7333 46.6
0.000 0.027 0.000
552.944 45.7333 23.3
0.000 0.023 0.000
552.805 22.8667 23.3
0.000 0.019 0.000
552.822 45.7333 46.6
0.000 0.027 0.000
552.967 68.6 46.6
0.000 0.030 0.000
553.083 68.6 23.3
0.000 0.026 0.000
552.944 45.7333 23.3
0.000 0.023 0.000
552.667 0 23.3
0.000 0.017 0.000
552.805 22.8667 23.3
0.000 0.019 0.000
552.933 22.8667 0
0.000 0.018 0.000
552.8 0 0
0.000 0.016 0.000
552.805 22.8667 23.3
0.000 0.019 0.000
552.944 45.7333 23.3
0.000 0.023 0.000
553.067 45.7333 0
0.000 0.021 0.000
552.933 22.8667 0
0.000 0.018 0.000
552.944 45.7333 23.3
0.000 0.023 0.000
553.083 68.6 23.3
0.000 0.026 0.000
553.2 68.6 0
0.000 0.023 0.000
553.067 45.7333 0
0.000 0.021 0.000
552.85 68.6 69.9
0.000 0.034 0.000
553 91.4667 69.9
0.000 0.037 0.000
553.111 91.4667 46.6
0.000 0.033 0.000
552.967 68.6 46.6
0.000 0.030 0.000
553 91.4667 69.9
0.000 0.037 0.000
553.15 114.333 69.9
0.000 0.040 0.000
553.255 114.333 46.6
0.000 0.036 0.000
553.111 91.4667 46.6
0.000 0.033 0.000
553.15 114.333 69.9
0.000 0.040 0.000
553.3 137.2 69.9
0.000 0.044 0.000
553.4 137.2 46.6
0.000 0.039 0.000
553.255 114.333 46.6
0.000 0.036 0.000
552.967 68.6 46.6
0.000 0.030 0.000
553.111 91.4667 46.6
0.000 0.033 0.000
553.222 91.4667 23.3
0.000 0.028 0.000
553.083 68.6 23.3
0.000 0.026 0.000
553.111 91.4667 46.6
0.000 0.033 0.000
553.255 114.333 46.6
0.000 0.036 0.000
553.361 114.333 23.3
0.000 0.031 0.000
553.222 91.4667 23.3
0.000 0.028 0.000
553.255 114.333 46.6
0.000 0.036 0.000
553.4 137.2 46.6
0.000 0.039 0.000
553.5 137.2 23.3
0.000 0.033 0.000
553.361 114.333 23.3
0.000 0.031 0.000
553.083 68.6 23.3
0.000 0.026 0.000
553.222 91.4667 23.3
0.000 0.028 0.000
553.333 91.4667 0
0.000 0.026 0.000
553.2 68.6 0
0.000 0.023 0.000
553.222 91.4667 23.3
0.000 0.028 0.000
553.361 114.333 23.3
0.000 0.031 0.000
553.467 114.333 0
0.000 0.028 0.000
553.333 91.4667 0
0.000 0.026 0.000
553.361 114.333 23.3
0.000 0.031 0.000
553.5 137.2 23.3
0.000 0.033 0.000
553.6 137.2 0
0.000 0.030 0.000
553.467 114.333 0
0.000 0.028 0.000
553.3 137.2 69.9
0.000 0.044 0.000
553.45 160.067 69.9
0.000 0.048 0.000
553.544 160.067 46.6
0.000 0.043 0.000
553.4 137.2 46.6
0.000 0.039 0.000
553.45 160.067 69.9
0.000 0.048 0.000
553.6 182.933 69.9
0.000 0.053 0.000
553.689 182.933 46.6
0.000 0.048 0.000
553.544 160.067 46.6
0.000 0.043 0.000
553.6 182.933 69.9
0.000 0.053 0.000
553.75 205.8 69.9
0.000 0.059 0.000
553.833 205.8 46.6
0.000 0.053 0.000
553.689 182.933 46.6
0.000 0.048 0.000
553.4 137.2 46.6
0.000 0.039 0.000
553.544 160.067 46.6
0.000 0.043 0.000
553.639 160.067 23.3
0.000 0.036 0.000
553.5 137.2 23.3
0.000 0.033 0.000
553.544 160.067 46.6
0.000 0.043 0.000
553.689 182.933 46.6
0.000 0.048 0.000
553.778 182.933 23.3
0.000 0.040 0.000
553.639 160.067 23.3
0.000 0.036 0.000
553.689 182.933 46.6
0.000 0.048 0.000
553.833 205.8 46.6
0.000 0.053 0.000
553.917 205.8 23.3
0.000 0.044 0.000
553.778 182.933 23.3
0.000 0.040 0.000
553.5 137.2 23.3
0.000 0.033 0.000
553.639 160.067 23.3
0.000 0.036 0.000
553.733 160.067 0
0.000 0.033 0.000
553.6 137.2 0
0.000 0.030 0.000
553.639 160.067 23.3
0.000 0.036 0.000
553.778 182.933 23.3
0.000 0.040 0.000
553.867 182.933 0
0.000 0.035 0.000
553.733 160.067 0
0.000 0.033 0.000
553.778 182.933 23.3
0.000 0.040 0.000
553.917 205.8 23.3
0.000 0.044 0.000
554 205.8 0
0.000 0.039 0.000
553.867 182.933 0
0.000 0.035 0.000
553.75 205.8 69.9
0.000 0.059 0.000
553.9 228.667 69.9
0.000 0.068 0.000
553.978 228.667 46.6
0.000 0.061 0.000
553.833 205.8 46.6
0.000 0.053 0.000
553.9 228.667 69.9
0.000 0.068 0.000
554.05 251.533 69.9
0.000 0.081 0.000
554.122 251.533 46.6
0.000 0.085 0.000
553.978 228.667 46.6
0.000 0.061 0.000
554.05 251.533 69.9
0.000 0.081 0.000
554.2 274.4 69.9
0.000 0.155 0.000
554.267 274.4 46.6
0.000 0.161 0.000
554.122 251.533 46.6
0.000 0.085 0.000
553.833 205.8 46.6
0.000 0.053 0.000
553.978 228.667 46.6
0.000 0.061 0.000
554.056 228.667 23.3
0.000 0.051 0.000
553.917 205.8 23.3
0.000 0.044 0.000
553.978 228.667 46.6
0.000 0.061 0.000
554.122 251.533 46.6
0.000 0.085 0.000
554.194 251.533 23.3
0.000 0.087 0.000
554.056 228.667 23.3
0.000 0.051 0.000
554.122 251.533 46.6
0.000 0.085 0.000
554.267 274.4 46.6
0.000 0.161 0.000
554.333 274.4 23.3
0.000 0.155 0.000
554.194 251.533 23.3
0.000 0.087 0.000
553.917 205.8 23.3
0.000 0.044 0.000
554.056 228.667 23.3
0.000 0.051 0.000
554.133 228.667 0
0.000 0.044 0.000
554 205.8 0
0.000 0.039 0.000
554.056 228.667 23.3
0.000 0.051 0.000
554.194 251.533 23.3
0.000 0.087 0.000
554.267 251.533 0
0.000 0.084 0.000
554.133 228.667 0
0.000 0.044 0.000
554.194 251.533 23.3
0.000 0.087 0.000
554.333 274.4 23.3
0.000 0.155 0.000
554.4 274.4 0
0.000 0.147 0.000
554.267 251.533 0
0.000 0.084 0.000
554.2 274.4 69.9
0.000 0.155 0.000
554.35 297.267 69.9
0.000 0.239 0.000
554.411 297.267 46.6
0.000 0.238 0.000
554.267 274.4 46.6
0.000 0.161 0.000
554.35 297.267 69.9
0.000 0.239 0.000
554.5 320.133 69.9
0.000 0.316 0.000
554.556 320.133 46.6
0.000 0.309 0.000
554.411 297.267 46.6
0.000 0.238 0.000
554.5 320.133 69.9
0.000 0.316 0.000
554.65 343 69.9
0.000 0.392 0.000
554.7 343 46.6
0.000 0.371 0.000
554.556 320.133 46.6
0.000 0.309 0.000
554.267 274.4 46.6
0.000 0.161 0.000
554.411 297.267 46.6
0.000 0.238 0.000
554.472 297.267 23.3
0.000 0.221 0.000
554.333 274.4 23.3
0.000 0.155 0.000
554.411 297.267 46.6
0.000 0.238 0.000
554.556 320.133 46.6
0.000 0.309 0.000
554.611 320.133 23.3
0.000 0.281 0.000
554.472 297.267 23.3
0.000 0.221 0.000
554.556 320.133 46.6
0.000 0.309 0.000
554.7 343 46.6
0.000 0.371 0.000
554.75 343 23.3
0.000 0.323 0.000
554.611 320.133 23.3
0.000 0.281 0.000
554.333 274.4 23.3
0.000 0.155 0.000
554.472 297.267 23.3
0.000 0.221 0.000
554.533 297.267 0
0.000 0.204 0.000
554.4 274.4 0
0.000 0.147 0.000
554.472 297.267 23.3
0.000 0.221 0.000
554.611 320.133 23.3
0.000 0.281 0.000
554.667 320.133 0
0.000 0.256 0.000
554.533 297.267 0
0.000 0.204 0.000
554.611 320.133 23.3
0.000 0.281 0.000
554.75 343 23.3
0.000 0.323 0.000
554.8 343 0
0.000 0.288 0.000
554.667 320.133 0
0.000 0.256 0.000
554.65 343 69.9
0.000 0.392 0.000
554.8 365.867 69.9
0.000 0.423 0.000
554.844 365.867 46.6
0.000 0.399 0.000
554.7 343 46.6
0.000 0.371 0.000
554.8 365.867 69.9
0.000 0.423 0.000
554.95 388.733 69.9
0.000 0.497 0.000
554.989 388.733 46.6
0.000 0.470 0.000
554.844 365.867 46.6
0.000 0.399 0.000
554.95 388.733 69.9
0.000 0.497 0.000
555.1 411.6 69.9
0.000 0.574 0.000
555.133 411.6 46.6
0.000 0.531 0.000
554.989 388.733 46.6
0.000 0.470 0.000
554.7 343 46.6
0.000 0.371 0.000
554.844 365.867 46.6
0.000 0.399 0.000
554.889 365.867 23.3
0.000 0.355 0.000
554.75 343 23.3
0.000 0.323 0.000
554.844 365.867 46.6
0.000 0.399 0.000
554.989 388.733 46.6
0.000 0.470 0.000
555.028 388.733 23.3
0.000 0.419 0.000
554.889 365.867 23.3
0.000 0.355 0.000
554.989 388.733 46.6
0.000 0.470 0.000
555.133 411.6 46.6
0.000 0.531 0.000
555.167 411.6 23.3
0.000 0.460 0.000
555.028 388.733 23.3
0.000 0.419 0.000
554.75 343 23.3
0.000 0.323 0.000
554.889 365.867 23.3
0.000 0.355 0.000
554.933 365.867 0
0.000 0.322 0.000
554.8 343 0
0.000 0.288 0.000
554.889 365.867 23.3
0.000 0.355 0.000
555.028 388.733 23.3
0.000 0.419 0.000
555.067 388.733 0
0.000 0.379 0.000
554.933 365.867 0
0.000 0.322 0.000
555.028 388.733 23.3
0.000 0.419 0.000
555.167 411.6 23.3
0.000 0.460 0.000
555.2 411.6 0
0.000 0.409 0.000
555.067 388.733 0
0.000 0.379 0.000
555.1 411.6 69.9
0.000 0.574 0.000
555.25 434.467 69.9
0.000 0.563 0.000
555.278 434.467 46.6
0.000 0.515 0.000
555.133 411.6 46.6
0.000 0.531 0.000
555.25 434.467 69.9
0.000 0.563 0.000
555.4 457.333 69.9
0.000 0.499 0.000
555.422 457.333 46.6
0.000 0.453 0.000
555.278 434.467 46.6
0.000 0.515 0.000
555.4 457.333 69.9
0.000 0.499 0.000
555.55 480.2 69.9
0.000 0.406 0.000
555.567 480.2 46.6
0.000 0.359 0.000
555.422 457.333 46.6
0.000 0.453 0.000
555.133 411.6 46.6
0.000 0.531 0.000
555.278 434.467 46.6
0.000 0.515 0.000
555.306 434.467 23.3
0.000 0.446 0.000
555.167 411.6 23.3
0.000 0.460 0.000
555.278 434.467 46.6
0.000 0.515 0.000
555.422 457.333 46.6
0.000 0.453 0.000
555.444 457.333 23.3
0.000 0.391 0.000
555.306 434.467 23.3
0.000 0.446 0.000
555.422 457.333 46.6
0.000 0.453 0.000
555.567 480.2 46.6
0.000 0.359 0.000
555.583 480.2 23.3
0.000 0.298 0.000
555.444 457.333 23.3
0.000 0.391 0.000
555.167 411.6 23.3
0.000 0.460 0.000
555.306 434.467 23.3
0.000 0.446 0.000
555.333 434.467 0
0.000 0.396 0.000
555.2 411.6 0
0.000 0.409 0.000
555.306 434.467 23.3
0.000 0.446 0.000
555.444 457.333 23.3
0.000 0.391 0.000
555.467 457.333 0
0.000 0.347 0.000
555.333 434.467 0
0.000 0.396 0.000
555.444 457.333 23.3
0.000 0.391 0.000
555.583 480.2 23.3
0.000 0.298 0.000
555.6 480.2 0
0.000 0.261 0.000
555.467 457.333 0
0.000 0.347 0.000
555.55 480.2 69.9
0.000 0.406 0.000
555.7 503.067 69.9
0.000 0.316 0.000
555.711 503.067 46.6
0.000 0.271 0.000
555.567 480.2 46.6
0.000 0.359 0.000
555.7 503.067 69.9
0.000 0.316 0.000
555.85 525.933 69.9
0.000 0.244 0.000
555.856 525.933 46.6
0.000 0.206 0.000
555.711 503.067 46.6
0.000 0.271 0.000
555.85 525.933 69.9
0.000 0.244 0.000
556 548.8 69.9
0.000 0.209 0.000
556 548.8 46.6
0.000 0.175 0.000
555.856 525.933 46.6
0.000 0.206 0.000
555.567 480.2 46.6
0.000 0.359 0.000
555.711 503.067 46.6
0.000 0.271 0.000
555.722 503.067 23.3
0.000 0.217 0.000
555.583 480.2 23.3
0.000 0.298 0.000
555.711 503.067 46.6
0.000 0.271 0.000
555.856 525.933 46.6
0.000 0.206 0.000
555.861 525.933 23.3
0.000 0.163 0.000
555.722 503.067 23.3
0.000 0.217 0.000
555.856 525.933 46.6
0.000 0.206 0.000
556 548.8 46.6
0.000 0.175 0.000
556 548.8 23.3
0.000 0.138 0.000
555.861 525.933 23.3
0.000 0.163 0.000
555.583 480.2 23.3
0.000 0.298 0.000
555.722 503.067 23.3
0.000 0.217 0.000
555.733 503.067 0
0.000 0.189 0.000
555.6 480.2 0
0.000 0.261 0.000
555.722 503.067 23.3
0.000 0.217 0.000
555.861 525.933 23.3
0.000 0.163 0.000
555.867 525.933 0
0.000 0.141 0.000
555.733 503.067 0
0.000 0.189 0.000
555.861 525.933 23.3
0.000 0.163 0.000
556 548.8 23.3
0.000 0.138 0.000
556 548.8 0
0.000 0.118 0.000
555.867 525.933 0
0.000 0.141 0.000
130 0 65
0.000 0.003 0.000
130 22 65
0.000 0.003 0.000
140.667 22 68.2667
0.000 0.004 0.000
140.667 0 68.2667
0.000 0.003 0.000
130 22 65
0.000 0.003 0.000
130 44 65
0.000 0.004 0.000
140.667 44 68.2667
0.000 0.004 0.000
140.667 22 68.2667
0.000 0.004 0.000
130 44 65
0.000 0.004 0.000
130 66 65
0.000 0.005 0.000
140.667 66 68.2667
0.000 0.006 0.000
140.667 44 68.2667
0.000 0.004 0.000
140.667 0 68.2667
0.000 0.003 0.000
140.667 22 68.2667
0.000 0.004 0.000
151.333 22 71.5333
0.000 0.004 0.000
151.333 0 71.5333
0.000 0.004 0.000
140.667 22 68.2667
0.000 0.004 0.000
140.667 44 68.2667
0.000 0.004 0.000
151.333 44 71.5333
0.000 0.005 0.000
151.333 22 71.5333
0.000 0.004 0.000
140.667 44 68.2667
0.000 0.004 0.000
140.667 66 68.2667
0.000 0.006 0.000
151.333 66 71.5333
0.000 0.006 0.000
151.333 44 71.5333
0.000 0.005 0.000
151.333 0 71.5333
0.000 0.004 0.000
151.333 22 71.5333
0.000 0.004 0.000
162 22 74.8
0.000 0.004 0.000
162 0 74.8
0.000 0.004 0.000
151.333 22 71.5333
0.000 0.004 0.000
151.333 44 71.5333
0.000 0.005 0.000
162 44 74.8
0.000 0.006 0.000
162 22 74.8
0.000 0.004 0.000
151.333 44 71.5333
0.000 0.005 0.000
151.333 66 71.5333
0.000 0.006 0.000
162 66 74.8
0.000 0.007 0.000
162 44 74.8
0.000 0.006 0.000
130 66 65
0.000 0.005 0.000
130 88 65
0.000 0.007 0.000
140.667 88 68.2667
0.000 0.007 0.000
140.667 66 68.2667
0.000 0.006 0.000
130 88 65
0.000 0.007 0.000
130 110 65
0.000 0.008 0.000
140.667 110 68.2667
0.000 0.009 0.000
140.667 88 68.2667
0.000 0.007 0.000
130 110 65
0.000 0.008 0.000
130 132 65
0.000 0.011 0.000
140.667 132 68.2667
0.000 0.011 0.000
140.667 110 68.2667
0.000 0.009 0.000
140.667 66 68.2667
0.000 0.006 0.000
140.667 88 68.2667
0.000 0.007 0.000
151.333 88 71.5333
0.000 0.008 0.000
151.333 66 71.5333
0.000 0.006 0.000
140.667 88 68.2667
0.000 0.007 0.000
140.667 110 68.2667
0.000 0.009 0.000
151.333 110 71.5333
0.000 0.010 0.000
151.333 88 71.5333
0.000 0.008 0.000
140.667 110 68.2667
0.000 0.009 0.000
140.667 132 68.2667
0.000 0.011 0.000
151.333 132 71.5333
0.000 0.012 0.000
151.333 110 71.5333
0.000 0.010 0.000
151.333 66 71.5333
0.000 0.006 0.000
151.333 88 71.5333
0.000 0.008 0.000
162 88 74.8
0.000 0.008 0.000
162 66 74.8
0.000 0.007 0.000
151.333 88 71.5333
0.000 0.008 0.000
151.333 110 71.5333
0.000 0.010 0.000
162 110 74.8
0.000 0.010 0.000
162 88 74.8
0.000 0.008 0.000
151.333 110 71.5333
0.000 0.010 0.000
151.333 132 71.5333
0.000 0.012 0.000
162 132 74.8
0.000 0.013 0.000
162 110 74.8
0.000 0.010 0.000
130 132 65
0.000 0.011 0.000
130 154 65
0.000 0.014 0.000
140.667 154 68.2667
0.000 0.015 0.000
140.667 132 68.2667
0.000 0.011 0.000
130 154 65
0.000 0.014 0.000
130 176 65
0.000 0.019 0.000
140.667 176 68.2667
0.000 0.020 0.000
140.667 154 68.2667
0.000 0.015 0.000
130 176 65
0.000 0.019 0.000
130 198 65
0.000 0.027 0.000
140.667 198 68.2667
0.000 0.028 0.000
140.667 176 68.2667
0.000 0.020 0.000
140.667 132 68.2667
0.000 0.011 0.000
140.667 154 68.2667
0.000 0.015 0.000
151.333 154 71.5333
0.000 0.016 0.000
151.333 132 71.5333
0.000 0.012 0.000
140.667 154 68.2667
0.000 0.015 0.000
140.667 176 68.2667
0.000 0.020 0.000
151.333 176 71.5333
0.000 0.022 0.000
151.333 154 71.5333
0.000 0.016 0.000
140.667 176 68.2667
0.000 0.020 0.000
140.667 198 68.2667
0.000 0.028 0.000
151.333 198 71.5333
0.000 0.030 0.000
151.333 176 71.5333
0.000 0.022 0.000
151.333 132 71.5333
0.000 0.012 0.000
151.333 154 71.5333
0.000 0.016 0.000
162 154 74.8
0.000 0.017 0.000
162 132 74.8
0.000 0.013 0.000
151.333 154 71.5333
0.000 0.016 0.000
151.333 176 71.5333
0.000 0.022 0.000
162 176 74.8
0.000 0.023 0.000
162 154 74.8
0.000 0.017 0.000
151.333 176 71.5333
0.000 0.022 0.000
151.333 198 71.5333
0.000 0.030 0.000
162 198 74.8
0.000 0.032 0.000
162 176 74.8
0.000 0.023 0.000
130 198 65
0.000 0.027 0.000
130 220 65
0.000 0.040 0.000
140.667 220 68.2667
0.000 0.041 0.000
140.667 198 68.2667
0.000 0.028 0.000
130 220 65
0.000 0.040 0.000
130 242 65
0.000 0.062 0.000
140.667 242 68.2667
0.000 0.063 0.000
140.667 220 68.2667
0.000 0.041 0.000
130 242 65
0.000 0.062 0.000
130 264 65
0.000 0.095 0.000
140.667 264 68.2667
0.000 0.096 0.000
140.667 242 68.2667
0.000 0.063 0.000
140.667 198 68.2667
0.000 0.028 0.000
140.667 220 68.2667
0.000 0.041 0.000
151.333 220 71.5333
0.000 0.044 0.000
151.333 198 71.5333
0.000 0.030 0.000
140.667 220 68.2667
0.000 0.041 0.000
140.667 242 68.2667
0.000 0.063 0.000
151.333 242 71.5333
0.000 0.065 0.000
151.333 220 71.5333
0.000 0.044 0.000
140.667 242 68.2667
0.000 0.063 0.000
140.667 264 68.2667
0.000 0.096 0.000
151.333 264 71.5333
0.000 0.098 0.000
151.333 242 71.5333
0.000 0.065 0.000
151.333 198 71.5333
0.000 0.030 0.000
151.333 220 71.5333
0.000 0.044 0.000
162 220 74.8
0.000 0.046 0.000
162 198 74.8
0.000 0.032 0.000
151.333 220 71.5333
0.000 0.044 0.000
151.333 242 71.5333
0.000 0.065 0.000
162 242 74.8
0.000 0.068 0.000
162 220 74.8
0.000 0.046 0.000
151.333 242 71.5333
0.000 0.065 0.000
151.333 264 71.5333
0.000 0.098 0.000
162 264 74.8
0.000 0.100 0.000
162 242 74.8
0.000 0.068 0.000
130 264 65
0.000 0.095 0.000
130 286 65
0.000 0.138 0.000
140.667 286 68.2667
0.000 0.139 0.000
140.667 264 68.2667
0.000 0.096 0.000
130 286 65
0.000 0.138 0.000
130 308 65
0.000 0.181 0.000
140.667 308 68.2667
0.000 0.182 0.000
140.667 286 68.2667
0.000 0.139 0.000
130 308 65
0.000 0.181 0.000
130 330 65
0.000 0.201 0.000
140.667 330 68.2667
0.000 0.202 0.000
140.667 308 68.2667
0.000 0.182 0.000
140.667 264 68.2667
0.000 0.096 0.000
140.667 286 68.2667
0.000 0.139 0.000
151.333 286 71.5333
0.000 0.140 0.000
151.333 264 71.5333
0.000 0.098 0.000
140.667 286 68.2667
0.000 0.139 0.000
140.667 308 68.2667
0.000 0.182 0.000
151.333 308 71.5333
0.000 0.183 0.000
151.333 286 71.5333
0.000 0.140 0.000
140.667 308 68.2667
0.000 0.182 0.000
140.667 330 68.2667
0.000 0.202 0.000
151.333 330 71.5333
0.000 0.204 0.000
151.333 308 71.5333
0.000 0.183 0.000
151.333 264 71.5333
0.000 0.098 0.000
151.333 286 71.5333
0.000 0.140 0.000
162 286 74.8
0.000 0.141 0.000
162 264 74.8
0.000 0.100 0.000
151.333 286 71.5333
0.000 0.140 0.000
151.333 308 71.5333
0.000 0.183 0.000
162 308 74.8
0.000 0.184 0.000
162 286 74.8
0.000 0.141 0.000
151.333 308 71.5333
0.000 0.183 0.000
151.333 330 71.5333
0.000 0.204 0.000
162 330 74.8
0.000 0.204 0.000
162 308 74.8
0.000 0.184 0.000
162 0 74.8
0.000 0.004 0.000
162 22 74.8
0.000 0.004 0.000
172.667 22 78.0667
0.000 0.005 0.000
172.667 0 78.0667
0.000 0.004 0.000
162 22 74.8
0.000 0.004 0.000
162 44 74.8
0.000 0.006 0.000
172.667 44 78.0667
0.000 0.006 0.000
172.667 22 78.0667
0.000 0.005 0.000
162 44 74.8
0.000 0.006 0.000
162 66 74.8
0.000 0.007 0.000
172.667 66 78.0667
0.000 0.007 0.000
172.667 44 78.0667
0.000 0.006 0.000
172.667 0 78.0667
0.000 0.004 0.000
172.667 22 78.0667
0.000 0.005 0.000
183.333 22 81.3333
0.000 0.005 0.000
183.333 0 81.3333
0.000 0.005 0.000
172.667 22 78.0667
0.000 0.005 0.000
172.667 44 78.0667
0.000 0.006 0.000
183.333 44 81.3333
0.000 0.007 0.000
183.333 22 81.3333
0.000 0.005 0.000
172.667 44 78.0667
0.000 0.006 0.000
172.667 66 78.0667
0.000 0.007 0.000
183.333 66 81.3333
0.000 0.008 0.000
183.333 44 81.3333
0.000 0.007 0.000
183.333 0 81.3333
0.000 0.005 0.000
183.333 22 81.3333
0.000 0.005 0.000
194 22 84.6
0.000 0.006 0.000
194 0 84.6
0.000 0.005 0.000
183.333 22 81.3333
0.000 0.005 0.000
183.333 44 81.3333
0.000 0.007 0.000
194 44 84.6
0.000 0.007 0.000
194 22 84.6
0.000 0.006 0.000
183.333 44 81.3333
0.000 0.007 0.000
183.333 66 81.3333
0.000 0.008 0.000
194 66 84.6
0.000 0.009 0.000
194 44 84.6
0.000 0.007 0.000
162 66 74.8
0.000 0.007 0.000
162 88 74.8
0.000 0.008 0.000
172.667 88 78.0667
0.000 0.009 0.000
172.667 66 78.0667
0.000 0.007 0.000
162 88 74.8
0.000 0.008 0.000
162 110 74.8
0.000 0.010 0.000
172.667 110 78.0667
0.000 0.011 0.000
172.667 88 78.0667
0.000 0.009 0.000
162 110 74.8
0.000 0.010 0.000
162 132 74.8
0.000 0.013 0.000
172.667 132 78.0667
0.000 0.014 0.000
172.667 110 78.0667
0.000 0.011 0.000
172.667 66 78.0667
0.000 0.007 0.000
172.667 88 78.0667
0.000 0.009 0.000
183.333 88 81.3333
0.000 0.010 0.000
183.333 66 81.3333
0.000 0.008 0.000
172.667 88 78.0667
0.000 0.009 0.000
172.667 110 78.0667
0.000 0.011 0.000
183.333 110 81.3333
0.000 0.012 0.000
183.333 88 81.3333
0.000 0.010 0.000
172.667 110 78.0667
0.000 0.011 0.000
172.667 132 78.0667
0.000 0.014 0.000
183.333 132 81.3333
0.000 0.015 0.000
183.333 110 81.3333
0.000 0.012 0.000
183.333 66 81.3333
0.000 0.008 0.000
183.333 88 81.3333
0.000 0.010 0.000
194 88 84.6
0.000 0.011 0.000
194 66 84.6
0.000 0.009 0.000
183.333 88 81.3333
0.000 0.010 0.000
183.333 110 81.3333
0.000 0.012 0.000
194 110 84.6
0.000 0.013 0.000
194 88 84.6
0.000 0.011 0.000
183.333 110 81.3333
0.000 0.012 0.000
183.333 132 81.3333
0.000 0.015 0.000
194 132 84.6
0.000 0.017 0.000
194 110 84.6
0.000 0.013 0.000
162 132 74.8
0.000 0.013 0.000
162 154 74.8
0.000 0.017 0.000
172.667 154 78.0667
0.000 0.018 0.000
172.667 132 78.0667
0.000 0.014 0.000
162 154 74.8
0.000 0.017 0.000
162 176 74.8
0.000 0.023 0.000
172.667 176 78.0667
0.000 0.025 0.000
172.667 154 78.0667
0.000 0.018 0.000
162 176 74.8
0.000 0.023 0.000
162 198 74.8
0.000 0.032 0.000
172.667 198 78.0667
0.000 0.034 0.000
172.667 176 78.0667
0.000 0.025 0.000
172.667 132 78.0667
0.000 0.014 0.000
172.667 154 78.0667
0.000 0.018 0.000
183.333 154 81.3333
0.000 0.020 0.000
183.333 132 81.3333
0.000 0.015 0.000
172.667 154 78.0667
0.000 0.018 0.000
172.667 176 78.0667
0.000 0.025 0.000
183.333 176 81.3333
0.000 0.026 0.000
183.333 154 81.3333
0.000 0.020 0.000
172.667 176 78.0667
0.000 0.025 0.000
172.667 198 78.0667
0.000 0.034 0.000
183.333 198 81.3333
0.000 0.035 0.000
183.333 176 81.3333
0.000 0.026 0.000
183.333 132 81.3333
0.000 0.015 0.000
183.333 154 81.3333
0.000 0.020 0.000
194 154 84.6
0.000 0.021 0.000
194 132 84.6
0.000 0.017 0.000
183.333 154 81.3333
0.000 0.020 0.000
183.333 176 81.3333
0.000 0.026 0.000
194 176 84.6
0.000 0.028 0.000
194 154 84.6
0.000 0.021 0.000
183.333 176 81.3333
0.000 0.026 0.000
183.333 198 81.3333
0.000 0.035 0.000
194 198 84.6
0.000 0.037 0.000
194 176 84.6
0.000 0.028 0.000
162 198 74.8
0.000 0.032 0.000
162 220 74.8
0.000 0.046 0.000
172.667 220 78.0667
0.000 0.048 0.000
172.667 198 78.0667
0.000 0.034 0.000
162 220 74.8
0.000 0.046 0.000
162 242 74.8
0.000 0.068 0.000
172.667 242 78.0667
0.000 0.070 0.000
172.667 220 78.0667
0.000 0.048 0.000
162 242 74.8
0.000 0.068 0.000
162 264 74.8
0.000 0.100 0.000
172.667 264 78.0667
0.000 0.101 0.000
172.667 242 78.0667
0.000 0.070 0.000
172.667 198 78.0667
0.000 0.034 0.000
172.667 220 78.0667
0.000 0.048 0.000
183.333 220 81.3333
0.000 0.050 0.000
183.333 198 81.3333
0.000 0.035 0.000
172.667 220 78.0667
0.000 0.048 0.000
172.667 242 78.0667
0.000 0.070 0.000
183.333 242 81.3333
0.000 0.072 0.000
183.333 220 81.3333
0.000 0.050 0.000
172.667 242 78.0667
0.000 0.070 0.000
172.667 264 78.0667
0.000 0.101 0.000
183.333 264 81.3333
0.000 0.102 0.000
183.333 242 81.3333
0.000 0.072 0.000
183.333 198 81.3333
0.000 0.035 0.000
183.333 220 81.3333
0.000 0.050 0.000
194 220 84.6
0.000 0.052 0.000
194 198 84.6
0.000 0.037 0.000
183.333 220 81.3333
0.000 0.050 0.000
183.333 242 81.3333
0.000 0.072 0.000
194 242 84.6
0.000 0.073 0.000
194 220 84.6
0.000 0.052 0.000
183.333 242 81.3333
0.000 0.072 0.000
183.333 264 81.3333
0.000 0.102 0.000
194 264 84.6
0.000 0.102 0.000
194 242 84.6
0.000 0.073 0.000
162 264 74.8
0.000 0.100 0.000
162 286 74.8
0.000 0.141 0.000
172.667 286 78.0667
0.000 0.141 0.000
172.667 264 78.0667
0.000 0.101 0.000
162 286 74.8
0.000 0.141 0.000
162 308 74.8
0.000 0.184 0.000
172.667 308 78.0667
0.000 0.183 0.000
172.667 286 78.0667
0.000 0.141 0.000
162 308 74.8
0.000 0.184 0.000
162 330 74.8
0.000 0.204 0.000
172.667 330 78.0667
0.000 0.203 0.000
172.667 308 78.0667
0.000 0.183 0.000
172.667 264 78.0667
0.000 0.101 0.000
172.667 286 78.0667
0.000 0.141 0.000
183.333 286 81.3333
0.000 0.141 0.000
183.333 264 81.3333
0.000 0.102 0.000
172.667 286 78.0667
0.000 0.141 0.000
172.667 308 78.0667
0.000 0.183 0.000
183.333 308 81.3333
0.000 0.181 0.000
183.333 286 81.3333
0.000 0.141 0.000
172.667 308 78.0667
0.000 0.183 0.000
172.667 330 78.0667
0.000 0.203 0.000
183.333 330 81.3333
0.000 0.201 0.000
183.333 308 81.3333
0.000 0.181 0.000
183.333 264 81.3333
0.000 0.102 0.000
183.333 286 81.3333
0.000 0.141 0.000
194 286 84.6
0.000 0.139 0.000
194 264 84.6
0.000 0.102 0.000
183.333 286 81.3333
0.000 0.141 0.000
183.333 308 81.3333
0.000 0.181 0.000
194 308 84.6
0.000 0.178 0.000
194 286 84.6
0.000 0.139 0.000
183.333 308 81.3333
0.000 0.181 0.000
183.333 330 81.3333
0.000 0.201 0.000
194 330 84.6
0.000 0.198 0.000
194 308 84.6
0.000 0.178 0.000
194 0 84.6
0.000 0.005 0.000
194 22 84.6
0.000 0.006 0.000
204.667 22 87.8667
0.000 0.006 0.000
204.667 0 87.8667
0.000 0.005 0.000
194 22 84.6
0.000 0.006 0.000
194 44 84.6
0.000 0.007 0.000
204.667 44 87.8667
0.000 0.008 0.000
204.667 22 87.8667
0.000 0.006 0.000
194 44 84.6
0.000 0.007 0.000
194 66 84.6
0.000 0.009 0.000
204.667 66 87.8667
0.000 0.010 0.000
204.667 44 87.8667
0.000 0.008 0.000
204.667 0 87.8667
0.000 0.005 0.000
204.667 22 87.8667
0.000 0.006 0.000
215.333 22 91.1333
0.000 0.007 0.000
215.333 0 91.1333
0.000 0.006 0.000
204.667 22 87.8667
0.000 0.006 0.000
204.667 44 87.8667
0.000 0.008 0.000
215.333 44 91.1333
0.000 0.009 0.000
215.333 22 91.1333
0.000 0.007 0.000
204.667 44 87.8667
0.000 0.008 0.000
204.667 66 87.8667
0.000 0.010 0.000
215.333 66 91.1333
0.000 0.011 0.000
215.333 44 91.1333
0.000 0.009 0.000
215.333 0 91.1333
0.000 0.006 0.000
215.333 22 91.1333
0.000 0.007 0.000
226 22 94.4
0.000 0.008 0.000
226 0 94.4
0.000 0.006 0.000
215.333 22 91.1333
0.000 0.007 0.000
215.333 44 91.1333
0.000 0.009 0.000
226 44 94.4
0.000 0.010 0.000
226 22 94.4
0.000 0.008 0.000
215.333 44 91.1333
0.000 0.009 0.000
215.333 66 91.1333
0.000 0.011 0.000
226 66 94.4
0.000 0.012 0.000
226 44 94.4
0.000 0.010 0.000
194 66 84.6
0.000 0.009 0.000
194 88 84.6
0.000 0.011 0.000
204.667 88 87.8667
0.000 0.012 0.000
204.667 66 87.8667
0.000 0.010 0.000
194 88 84.6
0.000 0.011 0.000
194 110 84.6
0.000 0.013 0.000
204.667 110 87.8667
0.000 0.015 0.000
204.667 88 87.8667
0.000 0.012 0.000
194 110 84.6
0.000 0.013 0.000
194 132 84.6
0.000 0.017 0.000
204.667 132 87.8667
0.000 0.018 0.000
204.667 110 87.8667
0.000 0.015 0.000
204.667 66 87.8667
0.000 0.010 0.000
204.667 88 87.8667
0.000 0.012 0.000
215.333 88 91.1333
0.000 0.013 0.000
215.333 66 91.1333
0.000 0.011 0.000
204.667 88 87.8667
0.000 0.012 0.000
204.667 110 87.8667
0.000 0.015 0.000
215.333 110 91.1333
0.000 0.016 0.000
215.333 88 91.1333
0.000 0.013 0.000
204.667 110 87.8667
0.000 0.015 0.000
204.667 132 87.8667
0.000 0.018 0.000
215.333 132 91.1333
0.000 0.019 0.000
215.333 110 91.1333
0.000 0.016 0.000
215.333 66 91.1333
0.000 0.011 0.000
215.333 88 91.1333
0.000 0.013 0.000
226 88 94.4
0.000 0.014 0.000
226 66 94.4
0.000 0.012 0.000
215.333 88 91.1333
0.000 0.013 0.000
215.333 110 91.1333
0.000 0.016 0.000
226 110 94.4
0.000 0.017 0.000
226 88 94.4
0.000 0.014 0.000
215.333 110 91.1333
0.000 0.016 0.000
215.333 132 91.1333
0.000 0.019 0.000
226 132 94.4
0.000 0.021 0.000
226 110 94.4
0.000 0.017 0.000
194 132 84.6
0.000 0.017 0.000
194 154 84.6
0.000 0.021 0.000
204.667 154 87.8667
0.000 0.023 0.000
204.667 132 87.8667
0.000 0.018 0.000
194 154 84.6
0.000 0.021 0.000
194 176 84.6
0.000 0.028 0.000
204.667 176 87.8667
0.000 0.029 0.000
204.667 154 87.8667
0.000 0.023 0.000
194 176 84.6
0.000 0.028 0.000
194 198 84.6
0.000 0.037 0.000
204.667 198 87.8667
0.000 0.039 0.000
204.667 176 87.8667
0.000 0.029 0.000
204.667 132 87.8667
0.000 0.018 0.000
204.667 154 87.8667
0.000 0.023 0.000
215.333 154 91.1333
0.000 0.024 0.000
215.333 132 91.1333
0.000 0.019 0.000
204.667 154 87.8667
0.000 0.023 0.000
204.667 176 87.8667
0.000 0.029 0.000
215.333 176 91.1333
0.000 0.031 0.000
215.333 154 91.1333
0.000 0.024 0.000
204.667 176 87.8667
0.000 0.029 0.000
204.667 198 87.8667
0.000 0.039 0.000
215.333 198 91.1333
0.000 0.041 0.000
215.333 176 91.1333
0.000 0.031 0.000
215.333 132 91.1333
0.000 0.019 0.000
215.333 154 91.1333
0.000 0.024 0.000
226 154 94.4
0.000 0.026 0.000
226 132 94.4
0.000 0.021 0.000
215.333 154 91.1333
0.000 0.024 0.000
215.333 176 91.1333
0.000 0.031 0.000
226 176 94.4
0.000 0.033 0.000
226 154 94.4
0.000 0.026 0.000
215.333 176 91.1333
0.000 0.031 0.000
215.333 198 91.1333
0.000 0.041 0.000
226 198 94.4
0.000 0.042 0.000
226 176 94.4
0.000 0.033 0.000
194 198 84.6
0.000 0.037 0.000
194 220 84.6
0.000 0.052 0.000
204.667 220 87.8667
0.000 0.053 0.000
204.667 198 87.8667
0.000 0.039 0.000
194 220 84.6
0.000 0.052 0.000
194 242 84.6
0.000 0.073 0.000
204.667 242 87.8667
0.000 0.074 0.000
204.667 220 87.8667
0.000 0.053 0.000
194 242 84.6
0.000 0.073 0.000
194 264 84.6
0.000 0.102 0.000
204.667 264 87.8667
0.000 0.103 0.000
204.667 242 87.8667
0.000 0.074 0.000
204.667 198 87.8667
0.000 0.039 0.000
204.667 220 87.8667
0.000 0.053 0.000
215.333 220 91.1333
0.000 0.055 0.000
215.333 198 91.1333
0.000 0.041 0.000
204.667 220 87.8667
0.000 0.053 0.000
204.667 242 87.8667
0.000 0.074 0.000
215.333 242 91.1333
0.000 0.075 0.000
215.333 220 91.1333
0.000 0.055 0.000
204.667 242 87.8667
0.000 0.074 0.000
204.667 264 87.8667
0.000 0.103 0.000
215.333 264 91.1333
0.000 0.103 0.000
215.333 242 91.1333
0.000 0.075 0.000
215.333 198 91.1333
0.000 0.041 0.000
215.333 220 91.1333
0.000 0.055 0.000
226 220 94.4
0.000 0.056 0.000
226 198 94.4
0.000 0.042 0.000
215.333 220 91.1333
0.000 0.055 0.000
215.333 242 91.1333
0.000 0.075 0.000
226 242 94.4
0.000 0.076 0.000
226 220 94.4
0.000 0.056 0.000
215.333 242 91.1333
0.000 0.075 0.000
215.333 264 91.1333
0.000 0.103 0.000
226 264 94.4
0.000 0.102 0.000
226 242 94.4
0.000 0.076 0.000
194 264 84.6
0.000 0.102 0.000
194 286 84.6
0.000 0.139 0.000
204.667 286 87.8667
0.000 0.137 0.000
204.667 264 87.8667
0.000 0.103 0.000
194 286 84.6
0.000 0.139 0.000
194 308 84.6
0.000 0.178 0.000
204.667 308 87.8667
0.000 0.176 0.000
204.667 286 87.8667
0.000 0.137 0.000
194 308 84.6
0.000 0.178 0.000
194 330 84.6
0.000 0.198 0.000
204.667 330 87.8667
0.000 0.195 0.000
204.667 308 87.8667
0.000 0.176 0.000
204.667 264 87.8667
0.000 0.103 0.000
204.667 286 87.8667
0.000 0.137 0.000
215.333 286 91.1333
0.000 0.136 0.000
215.333 264 91.1333
0.000 0.103 0.000
204.667 286 87.8667
0.000 0.137 0.000
204.667 308 87.8667
0.000 0.176 0.000
215.333 308 91.1333
0.000 0.173 0.000
215.333 286 91.1333
0.000 0.136 0.000
204.667 308 87.8667
0.000 0.176 0.000
204.667 330 87.8667
0.000 0.195 0.000
215.333 330 91.1333
0.000 0.192 0.000
215.333 308 91.1333
0.000 0.173 0.000
215.333 264 91.1333
0.000 0.103 0.000
215.333 286 91.1333
0.000 0.136 0.000
226 286 94.4
0.000 0.135 0.000
226 264 94.4
0.000 0.102 0.000
215.333 286 91.1333
0.000 0.136 0.000
215.333 308 91.1333
0.000 0.173 0.000
226 308 94.4
0.000 0.171 0.000
226 286 94.4
0.000 0.135 0.000
215.333 308 91.1333
0.000 0.173 0.000
215.333 330 91.1333
0.000 0.192 0.000
226 330 94.4
0.000 0.190 0.000
226 308 94.4
0.000 0.171 0.000
226 0 94.4
0.000 0.006 0.000
226 22 94.4
0.000 0.008 0.000
236.667 22 97.6667
0.000 0.008 0.000
236.667 0 97.6667
0.000 0.007 0.000
226 22 94.4
0.000 0.008 0.000
226 44 94.4
0.000 0.010 0.000
236.667 44 97.6667
0.000 0.011 0.000
236.667 22 97.6667
0.000 0.008 0.000
226 44 94.4
0.000 0.010 0.000
226 66 94.4
0.000 0.012 0.000
236.667 66 97.6667
0.000 0.013 0.000
236.667 44 97.6667
0.000 0.011 0.000
236.667 0 97.6667
0.000 0.007 0.000
236.667 22 97.6667
0.000 0.008 0.000
247.333 22 100.933
0.000 0.009 0.000
247.333 0 100.933
0.000 0.008 0.000
236.667 22 97.6667
0.000 0.008 0.000
236.667 44 97.6667
0.000 0.011 0.000
247.333 44 100.933
0.000 0.012 0.000
247.333 22 100.933
0.000 0.009 0.000
236.667 44 97.6667
0.000 0.011 0.000
236.667 66 97.6667
0.000 0.013 0.000
247.333 66 100.933
0.000 0.014 0.000
247.333 44 100.933
0.000 0.012 0.000
247.333 0 100.933
0.000 0.008 0.000
247.333 22 100.933
0.000 0.009 0.000
258 22 104.2
0.000 0.010 0.000
258 0 104.2
0.000 0.009 0.000
247.333 22 100.933
0.000 0.009 0.000
247.333 44 100.933
0.000 0.012 0.000
258 44 104.2
0.000 0.013 0.000
258 22 104.2
0.000 0.010 0.000
247.333 44 100.933
0.000 0.012 0.000
247.333 66 100.933
0.000 0.014 0.000
258 66 104.2
0.000 0.016 0.000
258 44 104.2
0.000 0.013 0.000
226 66 94.4
0.000 0.012 0.000
226 88 94.4
0.000 0.014 0.000
236.667 88 97.6667
0.000 0.016 0.000
236.667 66 97.6667
0.000 0.013 0.000
226 88 94.4
0.000 0.014 0.000
226 110 94.4
0.000 0.017 0.000
236.667 110 97.6667
0.000 0.018 0.000
236.667 88 97.6667
0.000 0.016 0.000
226 110 94.4
0.000 0.017 0.000
226 132 94.4
0.000 0.021 0.000
236.667 132 97.6667
0.000 0.022 0.000
236.667 110 97.6667
0.000 0.018 0.000
236.667 66 97.6667
0.000 0.013 0.000
236.667 88 97.6667
0.000 0.016 0.000
247.333 88 100.933
0.000 0.017 0.000
247.333 66 100.933
0.000 0.014 0.000
236.667 88 97.6667
0.000 0.016 0.000
236.667 110 97.6667
0.000 0.018 0.000
247.333 110 100.933
0.000 0.020 0.000
247.333 88 100.933
0.000 0.017 0.000
236.667 110 97.6667
0.000 0.018 0.000
236.667 132 97.6667
0.000 0.022 0.000
247.333 132 100.933
0.000 0.024 0.000
247.333 110 100.933
0.000 0.020 0.000
247.333 66 100.933
0.000 0.014 0.000
247.333 88 100.933
0.000 0.017 0.000
258 88 104.2
0.000 0.018 0.000
258 66 104.2
0.000 0.016 0.000
247.333 88 100.933
0.000 0.017 0.000
247.333 110 100.933
0.000 0.020 0.000
258 110 104.2
0.000 0.021 0.000
258 88 104.2
0.000 0.018 0.000
247.333 110 100.933
0.000 0.020 0.000
247.333 132 100.933
0.000 0.024 0.000
258 132 104.2
0.000 0.025 0.000
258 110 104.2
0.000 0.021 0.000
226 132 94.4
0.000 0.021 0.000
226 154 94.4
0.000 0.026 0.000
236.667 154 97.6667
0.000 0.027 0.000
236.667 132 97.6667
0.000 0.022 0.000
226 154 94.4
0.000 0.026 0.000
226 176 94.4
0.000 0.033 0.000
236.667 176 97.6667
0.000 0.034 0.000
236.667 154 97.6667
0.000 0.027 0.000
226 176 94.4
0.000 0.033 0.000
226 198 94.4
0.000 0.042 0.000
236.667 198 97.6667
0.000 0.044 0.000
236.667 176 97.6667
0.000 0.034 0.000
236.667 132 97.6667
0.000 0.022 0.000
236.667 154 97.6667
0.000 0.027 0.000
247.333 154 100.933
0.000 0.029 0.000
247.333 132 100.933
0.000 0.024 0.000
236.667 154 97.6667
0.000 0.027 0.000
236.667 176 97.6667
0.000 0.034 0.000
247.333 176 100.933
0.000 0.036 0.000
247.333 154 100.933
0.000 0.029 0.000
236.667 176 97.6667
0.000 0.034 0.000
236.667 198 97.6667
0.000 0.044 0.000
247.333 198 100.933
0.000 0.046 0.000
247.333 176 100.933
0.000 0.036 0.000
247.333 132 100.933
0.000 0.024 0.000
247.333 154 100.933
0.000 0.029 0.000
258 154 104.2
0.000 0.030 0.000
258 132 104.2
0.000 0.025 0.000
247.333 154 100.933
0.000 0.029 0.000
247.333 176 100.933
0.000 0.036 0.000
258 176 104.2
0.000 0.037 0.000
258 154 104.2
0.000 0.030 0.000
247.333 176 100.933
0.000 0.036 0.000
247.333 198 100.933
0.000 0.046 0.000
258 198 104.2
0.000 0.047 0.000
258 176 104.2
0.000 0.037 0.000
226 198 94.4
0.000 0.042 0.000
226 220 94.4
0.000 0.056 0.000
236.667 220 97.6667
0.000 0.058 0.000
236.667 198 97.6667
0.000 0.044 0.000
226 220 94.4
0.000 0.056 0.000
226 242 94.4
0.000 0.076 0.000
236.667 242 97.6667
0.000 0.077 0.000
236.667 220 97.6667
0.000 0.058 0.000
226 242 94.4
0.000 0.076 0.000
226 264 94.4
0.000 0.102 0.000
236.667 264 97.6667
0.000 0.102 0.000
236.667 242 97.6667
0.000 0.077 0.000
236.667 198 97.6667
0.000 0.044 0.000
236.667 220 97.6667
0.000 0.058 0.000
247.333 220 100.933
0.000 0.059 0.000
247.333 198 100.933
0.000 0.046 0.000
236.667 220 97.6667
0.000 0.058 0.000
236.667 242 97.6667
0.000 0.077 0.000
247.333 242 100.933
0.000 0.078 0.000
247.333 220 100.933
0.000 0.059 0.000
236.667 242 97.6667
0.000 0.077 0.000
236.667 264 97.6667
0.000 0.102 0.000
247.333 264 100.933
0.000 0.102 0.000
247.333 242 100.933
0.000 0.078 0.000
247.333 198 100.933
0.000 0.046 0.000
247.333 220 100.933
0.000 0.059 0.000
258 220 104.2
0.000 0.060 0.000
258 198 104.2
0.000 0.047 0.000
247.333 220 100.933
0.000 0.059 0.000
247.333 242 100.933
0.000 0.078 0.000
258 242 104.2
0.000 0.078 0.000
258 220 104.2
0.000 0.060 0.000
247.333 242 100.933
0.000 0.078 0.000
247.333 264 100.933
0.000 0.102 0.000
258 264 104.2
0.000 0.101 0.000
258 242 104.2
0.000 0.078 0.000
226 264 94.4
0.000 0.102 0.000
226 286 94.4
0.000 0.135 0.000
236.667 286 97.6667
0.000 0.133 0.000
236.667 264 97.6667
0.000 0.102 0.000
226 286 94.4
0.000 0.135 0.000
226 308 94.4
0.000 0.171 0.000
236.667 308 97.6667
0.000 0.168 0.000
236.667 286 97.6667
0.000 0.133 0.000
226 308 94.4
0.000 0.171 0.000
226 330 94.4
0.000 0.190 0.000
236.667 330 97.6667
0.000 0.186 0.000
236.667 308 97.6667
0.000 0.168 0.000
236.667 264 97.6667
0.000 0.102 0.000
236.667 286 97.6667
0.000 0.133 0.000
247.333 286 100.933
0.000 0.130 0.000
247.333 264 100.933
0.000 0.102 0.000
236.667 286 97.6667
0.000 0.133 0.000
236.667 308 97.6667
0.000 0.168 0.000
247.333 308 100.933
0.000 0.163 0.000
247.333 286 100.933
0.000 0.130 0.000
236.667 308 97.6667
0.000 0.168 0.000
236.667 330 97.6667
0.000 0.186 0.000
247.333 330 100.933
0.000 0.180 0.000
247.333 308 100.933
0.000 0.163 0.000
247.333 264 100.933
0.000 0.102 0.000
247.333 286 100.933
0.000 0.130 0.000
258 286 104.2
0.000 0.128 0.000
258 264 104.2
0.000 0.101 0.000
247.333 286 100.933
0.000 0.130 0.000
247.333 308 100.933
0.000 0.163 0.000
258 308 104.2
0.000 0.159 0.000
258 286 104.2
0.000 0.128 0.000
247.333 308 100.933
0.000 0.163 0.000
247.333 330 100.933
0.000 0.180 0.000
258 330 104.2
0.000 0.175 0.000
258 308 104.2
0.000 0.159 0.000
258 0 104.2
0.000 0.009 0.000
258 22 104.2
0.000 0.010 0.000
268.667 22 107.467
0.000 0.012 0.000
268.667 0 107.467
0.000 0.010 0.000
258 22 104.2
0.000 0.010 0.000
258 44 104.2
0.000 0.013 0.000
268.667 44 107.467
0.000 0.015 0.000
268.667 22 107.467
0.000 0.012 0.000
258 44 104.2
0.000 0.013 0.000
258 66 104.2
0.000 0.016 0.000
268.667 66 107.467
0.000 0.017 0.000
268.667 44 107.467
0.000 0.015 0.000
268.667 0 107.467
0.000 0.010 0.000
268.667 22 107.467
0.000 0.012 0.000
279.333 22 110.733
0.000 0.014 0.000
279.333 0 110.733
0.000 0.012 0.000
268.667 22 107.467
0.000 0.012 0.000
268.667 44 107.467
0.000 0.015 0.000
279.333 44 110.733
0.000 0.017 0.000
279.333 22 110.733
0.000 0.014 0.000
268.667 44 107.467
0.000 0.015 0.000
268.667 66 107.467
0.000 0.017 0.000
279.333 66 110.733
0.000 0.018 0.000
279.333 44 110.733
0.000 0.017 0.000
279.333 0 110.733
0.000 0.012 0.000
279.333 22 110.733
0.000 0.014 0.000
290 22 114
0.000 0.015 0.000
290 0 114
0.000 0.013 0.000
279.333 22 110.733
0.000 0.014 0.000
279.333 44 110.733
0.000 0.017 0.000
290 44 114
0.000 0.018 0.000
290 22 114
0.000 0.015 0.000
279.333 44 110.733
0.000 0.017 0.000
279.333 66 110.733
0.000 0.018 0.000
290 66 114
0.000 0.019 0.000
290 44 114
0.000 0.018 0.000
258 66 104.2
0.000 0.016 0.000
258 88 104.2
0.000 0.018 0.000
268.667 88 107.467
0.000 0.019 0.000
268.667 66 107.467
0.000 0.017 0.000
258 88 104.2
0.000 0.018 0.000
258 110 104.2
0.000 0.021 0.000
268.667 110 107.467
0.000 0.023 0.000
268.667 88 107.467
0.000 0.019 0.000
258 110 104.2
0.000 0.021 0.000
258 132 104.2
0.000 0.025 0.000
268.667 132 107.467
0.000 0.027 0.000
268.667 110 107.467
0.000 0.023 0.000
268.667 66 107.467
0.000 0.017 0.000
268.667 88 107.467
0.000 0.019 0.000
279.333 88 110.733
0.000 0.021 0.000
279.333 66 110.733
0.000 0.018 0.000
268.667 88 107.467
0.000 0.019 0.000
268.667 110 107.467
0.000 0.023 0.000
279.333 110 110.733
0.000 0.024 0.000
279.333 88 110.733
0.000 0.021 0.000
268.667 110 107.467
0.000 0.023 0.000
268.667 132 107.467
0.000 0.027 0.000
279.333 132 110.733
0.000 0.028 0.000
279.333 110 110.733
0.000 0.024 0.000
279.333 66 110.733
0.000 0.018 0.000
279.333 88 110.733
0.000 0.021 0.000
290 88 114
0.000 0.021 0.000
290 66 114
0.000 0.019 0.000
279.333 88 110.733
0.000 0.021 0.000
279.333 110 110.733
0.000 0.024 0.000
290 110 114
0.000 0.024 0.000
290 88 114
0.000 0.021 0.000
279.333 110 110.733
0.000 0.024 0.000
279.333 132 110.733
0.000 0.028 0.000
290 132 114
0.000 0.028 0.000
290 110 114
0.000 0.024 0.000
258 132 104.2
0.000 0.025 0.000
258 154 104.2
0.000 0.030 0.000
268.667 154 107.467
0.000 0.032 0.000
268.667 132 107.467
0.000 0.027 0.000
258 154 104.2
0.000 0.030 0.000
258 176 104.2
0.000 0.037 0.000
268.667 176 107.467
0.000 0.039 0.000
268.667 154 107.467
0.000 0.032 0.000
258 176 104.2
0.000 0.037 0.000
258 198 104.2
0.000 0.047 0.000
268.667 198 107.467
0.000 0.048 0.000
268.667 176 107.467
0.000 0.039 0.000
268.667 132 107.467
0.000 0.027 0.000
268.667 154 107.467
0.000 0.032 0.000
279.333 154 110.733
0.000 0.033 0.000
279.333 132 110.733
0.000 0.028 0.000
268.667 154 107.467
0.000 0.032 0.000
268.667 176 107.467
0.000 0.039 0.000
279.333 176 110.733
0.000 0.040 0.000
279.333 154 110.733
0.000 0.033 0.000
268.667 176 107.467
0.000 0.039 0.000
268.667 198 107.467
0.000 0.048 0.000
279.333 198 110.733
0.000 0.049 0.000
279.333 176 110.733
0.000 0.040 0.000
279.333 132 110.733
0.000 0.028 0.000
279.333 154 110.733
0.000 0.033 0.000
290 154 114
0.000 0.033 0.000
290 132 114
0.000 0.028 0.000
279.333 154 110.733
0.000 0.033 0.000
279.333 176 110.733
0.000 0.040 0.000
290 176 114
0.000 0.040 0.000
290 154 114
0.000 0.033 0.000
279.333 176 110.733
0.000 0.040 0.000
279.333 198 110.733
0.000 0.049 0.000
290 198 114
0.000 0.049 0.000
290 176 114
0.000 0.040 0.000
258 198 104.2
0.000 0.047 0.000
258 220 104.2
0.000 0.060 0.000
268.667 220 107.467
0.000 0.061 0.000
268.667 198 107.467
0.000 0.048 0.000
258 220 104.2
0.000 0.060 0.000
258 242 104.2
0.000 0.078 0.000
268.667 242 107.467
0.000 0.078 0.000
268.667 220 107.467
0.000 0.061 0.000
258 242 104.2
0.000 0.078 0.000
258 264 104.2
0.000 0.101 0.000
268.667 264 107.467
0.000 0.099 0.000
268.667 242 107.467
0.000 0.078 0.000
268.667 198 107.467
0.000 0.048 0.000
268.667 220 107.467
0.000 0.061 0.000
279.333 220 110.733
0.000 0.061 0.000
279.333 198 110.733
0.000 0.049 0.000
268.667 220 107.467
0.000 0.061 0.000
268.667 242 107.467
0.000 0.078 0.000
279.333 242 110.733
0.000 0.077 0.000
279.333 220 110.733
0.000 0.061 0.000
268.667 242 107.467
0.000 0.078 0.000
268.667 264 107.467
0.000 0.099 0.000
279.333 264 110.733
0.000 0.098 0.000
279.333 242 110.733
0.000 0.077 0.000
279.333 198 110.733
0.000 0.049 0.000
279.333 220 110.733
0.000 0.061 0.000
290 220 114
0.000 0.061 0.000
290 198 114
0.000 0.049 0.000
279.333 220 110.733
0.000 0.061 0.000
279.333 242 110.733
0.000 0.077 0.000
290 242 114
0.000 0.077 0.000
290 220 114
0.000 0.061 0.000
279.333 242 110.733
0.000 0.077 0.000
279.333 264 110.733
0.000 0.098 0.000
290 264 114
0.000 0.097 0.000
290 242 114
0.000 0.077 0.000
258 264 104.2
0.000 0.101 0.000
258 286 104.2
0.000 0.128 0.000
268.667 286 107.467
0.000 0.126 0.000
268.667 264 107.467
0.000 0.099 0.000
258 286 104.2
0.000 0.128 0.000
258 308 104.2
0.000 0.159 0.000
268.667 308 107.467
0.000 0.155 0.000
268.667 286 107.467
0.000 0.126 0.000
258 308 104.2
0.000 0.159 0.000
258 330 104.2
0.000 0.175 0.000
268.667 330 107.467
0.000 0.171 0.000
268.667 308 107.467
0.000 0.155 0.000
268.667 264 107.467
0.000 0.099 0.000
268.667 286 107.467
0.000 0.126 0.000
279.333 286 110.733
0.000 0.123 0.000
279.333 264 110.733
0.000 0.098 0.000
268.667 286 107.467
0.000 0.126 0.000
268.667 308 107.467
0.000 0.155 0.000
279.333 308 110.733
0.000 0.151 0.000
279.333 286 110.733
0.000 0.123 0.000
268.667 308 107.467
0.000 0.155 0.000
268.667 330 107.467
0.000 0.171 0.000
279.333 330 110.733
0.000 0.166 0.000
279.333 308 110.733
0.000 0.151 0.000
279.333 264 110.733
0.000 0.098 0.000
279.333 286 110.733
0.000 0.123 0.000
290 286 114
0.000 0.120 0.000
290 264 114
0.000 0.097 0.000
279.333 286 110.733
0.000 0.123 0.000
279.333 308 110.733
0.000 0.151 0.000
290 308 114
0.000 0.148 0.000
290 286 114
0.000 0.120 0.000
279.333 308 110.733
0.000 0.151 0.000
279.333 330 110.733
0.000 0.166 0.000
290 330 114
0.000 0.164 0.000
290 308 114
0.000 0.148 0.000
82 0 225
0.002 0.001 0.068
82 22 225
0.003 0.001 0.078
85.2 22 214.333
0.003 0.001 0.079
85.2 0 214.333
0.002 0.001 0.070
82 22 225
0.003 0.001 0.078
82 44 225
0.003 0.002 0.097
85.2 44 214.333
0.003 0.002 0.097
85.2 22 214.333
0.003 0.001 0.079
82 44 225
0.003 0.002 0.097
82 66 225
0.004 0.002 0.116
85.2 66 214.333
0.004 0.002 0.116
85.2 44 214.333
0.003 0.002 0.097
85.2 0 214.333
0.002 0.001 0.070
85.2 22 214.333
0.003 0.001 0.079
88.4 22 203.667
0.003 0.001 0.079
88.4 0 203.667
0.002 0.001 0.071
85.2 22 214.333
0.003 0.001 0.079
85.2 44 214.333
0.003 0.002 0.097
88.4 44 203.667
0.003 0.002 0.097
88.4 22 203.667
0.003 0.001 0.079
85.2 44 214.333
0.003 0.002 0.097
85.2 66 214.333
0.004 0.002 0.116
88.4 66 203.667
0.004 0.002 0.118
88.4 44 203.667
0.003 0.002 0.097
88.4 0 203.667
0.002 0.001 0.071
88.4 22 203.667
0.003 0.001 0.079
91.6 22 193
0.003 0.001 0.079
91.6 0 193
0.002 0.001 0.071
88.4 22 203.667
0.003 0.001 0.079
88.4 44 203.667
0.003 0.002 0.097
91.6 44 193
0.003 0.002 0.098
91.6 22 193
0.003 0.001 0.079
88.4 44 203.667
0.003 0.002 0.097
88.4 66 203.667
0.004 0.002 0.118
91.6 66 193
0.004 0.002 0.118
91.6 44 193
0.003 0.002 0.098
82 66 225
0.004 0.002 0.116
82 88 225
0.005 0.003 0.136
85.2 88 214.333
0.005 0.003 0.138
85.2 66 214.333
0.004 0.002 0.116
82 88 225
0.005 0.003 0.136
82 110 225
0.006 0.003 0.224
85.2 110 214.333
0.006 0.003 0.226
85.2 88 214.333
0.005 0.003 0.138
82 110 225
0.006 0.003 0.224
82 132 225
0.008 0.004 0.332
85.2 132 214.333
0.008 0.004 0.336
85.2 110 214.333
0.006 0.003 0.226
85.2 66 214.333
0.004 0.002 0.116
85.2 88 214.333
0.005 0.003 0.138
88.4 88 203.667
0.005 0.003 0.140
88.4 66 203.667
0.004 0.002 0.118
85.2 88 214.333
0.005 0.003 0.138
85.2 110 214.333
0.006 0.003 0.226
88.4 110 203.667
0.006 0.003 0.230
88.4 88 203.667
0.005 0.003 0.140
85.2 110 214.333
0.006 0.003 0.226
85.2 132 214.333
0.008 0.004 0.336
88.4 132 203.667
0.008 0.004 0.342
88.4 110 203.667
0.006 0.003 0.230
88.4 66 203.667
0.004 0.002 0.118
88.4 88 203.667
0.005 0.003 0.140
91.6 88 193
0.005 0.003 0.141
91.6 66 193
0.004 0.002 0.118
88.4 88 203.667
0.005 0.003 0.140
88.4 110 203.667
0.006 0.003 0.230
91.6 110 193
0.006 0.003 0.233
91.6 88 193
0.005 0.003 0.141
88.4 110 203.667
0.006 0.003 0.230
88.4 132 203.667
0.008 0.004 0.342
91.6 132 193
0.008 0.004 0.346
91.6 110 193
0.006 0.003 0.233
82 132 225
0.008 0.004 0.332
82 154 225
0.010 0.005 0.395
85.2 154 214.333
0.010 0.005 0.398
85.2 132 214.333
0.008 0.004 0.336
82 154 225
0.010 0.005 0.395
82 176 225
0.013 0.006 0.454
85.2 176 214.333
0.012 0.006 0.458
85.2 154 214.333
0.010 0.005 0.398
82 176 225
0.013 0.006 0.454
82 198 225
0.016 0.007 0.510
85.2 198 214.333
0.016 0.007 0.516
85.2 176 214.333
0.012 0.006 0.458
85.2 132 214.333
0.008 0.004 0.336
85.2 154 214.333
0.010 0.005 0.398
88.4 154 203.667
0.010 0.005 0.405
88.4 132 203.667
0.008 0.004 0.342
85.2 154 214.333
0.010 0.005 0.398
85.2 176 214.333
0.012 0.006 0.458
88.4 176 203.667
0.013 0.006 0.463
88.4 154 203.667
0.010 0.005 0.405
85.2 176 214.333
0.012 0.006 0.458
85.2 198 214.333
0.016 0.007 0.516
88.4 198 203.667
0.016 0.007 0.524
88.4 176 203.667
0.013 0.006 0.463
88.4 132 203.667
0.008 0.004 0.342
88.4 154 203.667
0.010 0.005 0.405
91.6 154 193
0.010 0.005 0.409
91.6 132 193
0.008 0.004 0.346
88.4 154 203.667
0.010 0.005 0.405
88.4 176 203.667
0.013 0.006 0.463
91.6 176 193
0.013 0.006 0.468
91.6 154 193
0.010 0.005 0.409
88.4 176 203.667
0.013 0.006 0.463
88.4 198 203.667
0.016 0.007 0.524
91.6 198 193
0.017 0.008 0.529
91.6 176 193
0.013 0.006 0.468
82 198 225
0.016 0.007 0.510
82 220 225
0.022 0.008 0.556
85.2 220 214.333
0.021 0.008 0.562
85.2 198 214.333
0.016 0.007 0.516
82 220 225
0.022 0.008 0.556
82 242 225
0.029 0.009 0.573
85.2 242 214.333
0.029 0.009 0.580
85.2 220 214.333
0.021 0.008 0.562
82 242 225
0.029 0.009 0.573
82 264 225
0.040 0.011 0.538
85.2 264 214.333
0.039 0.011 0.546
85.2 242 214.333
0.029 0.009 0.580
85.2 198 214.333
0.016 0.007 0.516
85.2 220 214.333
0.021 0.008 0.562
88.4 220 203.667
0.022 0.009 0.573
88.4 198 203.667
0.016 0.007 0.524
85.2 220 214.333
0.021 0.008 0.562
85.2 242 214.333
0.029 0.009 0.580
88.4 242 203.667
0.029 0.010 0.594
88.4 220 203.667
0.022 0.009 0.573
85.2 242 214.333
0.029 0.009 0.580
85.2 264 214.333
0.039 0.011 0.546
88.4 264 203.667
0.039 0.012 0.561
88.4 242 203.667
0.029 0.010 0.594
88.4 198 203.667
0.016 0.007 0.524
88.4 220 203.667
0.022 0.009 0.573
91.6 220 193
0.022 0.009 0.579
91.6 198 193
0.017 0.008 0.529
88.4 220 203.667
0.022 0.009 0.573
88.4 242 203.667
0.029 0.010 0.594
91.6 242 193
0.029 0.011 0.600
91.6 220 193
0.022 0.009 0.579
88.4 242 203.667
0.029 0.010 0.594
88.4 264 203.667
0.039 0.012 0.561
91.6 264 193
0.038 0.013 0.567
91.6 242 193
0.029 0.011 0.600
82 264 225
0.040 0.011 0.538
82 286 225
0.057 0.012 0.432
85.2 286 214.333
0.055 0.012 0.439
85.2 264 214.333
0.039 0.011 0.546
82 286 225
0.057 0.012 0.432
82 308 225
0.083 0.013 0.250
85.2 308 214.333
0.079 0.013 0.254
85.2 286 214.333
0.055 0.012 0.439
82 308 225
0.083 0.013 0.250
82 330 225
0.098 0.014 0.141
85.2 330 214.333
0.093 0.014 0.143
85.2 308 214.333
0.079 0.013 0.254
85.2 264 214.333
0.039 0.011 0.546
85.2 286 214.333
0.055 0.012 0.439
88.4 286 203.667
0.053 0.014 0.452
88.4 264 203.667
0.039 0.012 0.561
85.2 286 214.333
0.055 0.012 0.439
85.2 308 214.333
0.079 0.013 0.254
88.4 308 203.667
0.074 0.015 0.263
88.4 286 203.667
0.053 0.014 0.452
85.2 308 214.333
0.079 0.013 0.254
85.2 330 214.333
0.093 0.014 0.143
88.4 330 203.667
0.086 0.016 0.149
88.4 308 203.667
0.074 0.015 0.263
88.4 264 203.667
0.039 0.012 0.561
88.4 286 203.667
0.053 0.014 0.452
91.6 286 193
0.051 0.015 0.459
91.6 264 193
0.038 0.013 0.567
88.4 286 203.667
0.053 0.014 0.452
88.4 308 203.667
0.074 0.015 0.263
91.6 308 193
0.069 0.017 0.268
91.6 286 193
0.051 0.015 0.459
88.4 308 203.667
0.074 0.015 0.263
88.4 330 203.667
0.086 0.016 0.149
91.6 330 193
0.080 0.018 0.153
91.6 308 193
0.069 0.017 0.268
91.6 0 193
0.002 0.001 0.071
91.6 22 193
0.003 0.001 0.079
94.8 22 182.333
0.003 0.001 0.079
94.8 0 182.333
0.002 0.001 0.069
91.6 22 193
0.003 0.001 0.079
91.6 44 193
0.003 0.002 0.098
94.8 44 182.333
0.003 0.002 0.098
94.8 22 182.333
0.003 0.001 0.079
91.6 44 193
0.003 0.002 0.098
91.6 66 193
0.004 0.002 0.118
94.8 66 182.333
0.004 0.002 0.118
94.8 44 182.333
0.003 0.002 0.098
94.8 0 182.333
0.002 0.001 0.069
94.8 22 182.333
0.003 0.001 0.079
98 22 171.667
0.003 0.001 0.077
98 0 171.667
0.002 0.001 0.069
94.8 22 182.333
0.003 0.001 0.079
94.8 44 182.333
0.003 0.002 0.098
98 44 171.667
0.003 0.002 0.095
98 22 171.667
0.003 0.001 0.077
94.8 44 182.333
0.003 0.002 0.098
94.8 66 182.333
0.004 0.002 0.118
98 66 171.667
0.004 0.002 0.114
98 44 171.667
0.003 0.002 0.095
98 0 171.667
0.002 0.001 0.069
98 22 171.667
0.003 0.001 0.077
101.2 22 161
0.003 0.001 0.076
101.2 0 161
0.002 0.001 0.069
98 22 171.667
0.003 0.001 0.077
98 44 171.667
0.003 0.002 0.095
101.2 44 161
0.003 0.002 0.091
101.2 22 161
0.003 0.001 0.076
98 44 171.667
0.003 0.002 0.095
98 66 171.667
0.004 0.002 0.114
101.2 66 161
0.004 0.002 0.110
101.2 44 161
0.003 0.002 0.091
91.6 66 193
0.004 0.002 0.118
91.6 88 193
0.005 0.003 0.141
94.8 88 182.333
0.005 0.003 0.139
94.8 66 182.333
0.004 0.002 0.118
91.6 88 193
0.005 0.003 0.141
91.6 110 193
0.006 0.003 0.233
94.8 110 182.333
0.006 0.003 0.232
94.8 88 182.333
0.005 0.003 0.139
91.6 110 193
0.006 0.003 0.233
91.6 132 193
0.008 0.004 0.346
94.8 132 182.333
0.008 0.004 0.347
94.8 110 182.333
0.006 0.003 0.232
94.8 66 182.333
0.004 0.002 0.118
94.8 88 182.333
0.005 0.003 0.139
98 88 171.667
0.005 0.003 0.135
98 66 171.667
0.004 0.002 0.114
94.8 88 182.333
0.005 0.003 0.139
94.8 110 182.333
0.006 0.003 0.232
98 110 171.667
0.006 0.003 0.229
98 88 171.667
0.005 0.003 0.135
94.8 110 182.333
0.006 0.003 0.232
94.8 132 182.333
0.008 0.004 0.347
98 132 171.667
0.008 0.004 0.343
98 110 171.667
0.006 0.003 0.229
98 66 171.667
0.004 0.002 0.114
98 88 171.667
0.005 0.003 0.135
101.2 88 161
0.005 0.003 0.131
101.2 66 161
0.004 0.002 0.110
98 88 171.667
0.005 0.003 0.135
98 110 171.667
0.006 0.003 0.229
101.2 110 161
0.006 0.003 0.225
101.2 88 161
0.005 0.003 0.131
98 110 171.667
0.006 0.003 0.229
98 132 171.667
0.008 0.004 0.343
101.2 132 161
0.008 0.004 0.337
101.2 110 161
0.006 0.003 0.225
91.6 132 193
0.008 0.004 0.346
91.6 154 193
0.010 0.005 0.409
94.8 154 182.333
0.010 0.005 0.410
94.8 132 182.333
0.008 0.004 0.347
91.6 154 193
0.010 0.005 0.409
91.6 176 193
0.013 0.006 0.468
94.8 176 182.333
0.013 0.007 0.472
94.8 154 182.333
0.010 0.005 0.410
91.6 176 193
0.013 0.006 0.468
91.6 198 193
0.017 0.008 0.529
94.8 198 182.333
0.017 0.008 0.535
94.8 176 182.333
0.013 0.007 0.472
94.8 132 182.333
0.008 0.004 0.347
94.8 154 182.333
0.010 0.005 0.410
98 154 171.667
0.010 0.005 0.404
98 132 171.667
0.008 0.004 0.343
94.8 154 182.333
0.010 0.005 0.410
94.8 176 182.333
0.013 0.007 0.472
98 176 171.667
0.013 0.007 0.466
98 154 171.667
0.010 0.005 0.404
94.8 176 182.333
0.013 0.007 0.472
94.8 198 182.333
0.017 0.008 0.535
98 198 171.667
0.017 0.009 0.526
98 176 171.667
0.013 0.007 0.466
98 132 171.667
0.008 0.004 0.343
98 154 171.667
0.010 0.005 0.404
101.2 154 161
0.010 0.006 0.396
101.2 132 161
0.008 0.004 0.337
98 154 171.667
0.010 0.005 0.404
98 176 171.667
0.013 0.007 0.466
101.2 176 161
0.013 0.007 0.453
101.2 154 161
0.010 0.006 0.396
98 176 171.667
0.013 0.007 0.466
98 198 171.667
0.017 0.009 0.526
101.2 198 161
0.017 0.009 0.507
101.2 176 161
0.013 0.007 0.453
91.6 198 193
0.017 0.008 0.529
91.6 220 193
0.022 0.009 0.579
94.8 220 182.333
0.022 0.010 0.583
94.8 198 182.333
0.017 0.008 0.535
91.6 220 193
0.022 0.009 0.579
91.6 242 193
0.029 0.011 0.600
94.8 242 182.333
0.029 0.012 0.602
94.8 220 182.333
0.022 0.010 0.583
91.6 242 193
0.029 0.011 0.600
91.6 264 193
0.038 0.013 0.567
94.8 264 182.333
0.038 0.015 0.569
94.8 242 182.333
0.029 0.012 0.602
94.8 198 182.333
0.017 0.008 0.535
94.8 220 182.333
0.022 0.010 0.583
98 220 171.667
0.022 0.011 0.573
98 198 171.667
0.017 0.009 0.526
94.8 220 182.333
0.022 0.010 0.583
94.8 242 182.333
0.029 0.012 0.602
98 242 171.667
0.029 0.013 0.590
98 220 171.667
0.022 0.011 0.573
94.8 242 182.333
0.029 0.012 0.602
94.8 264 182.333
0.038 0.015 0.569
98 264 171.667
0.037 0.016 0.557
98 242 171.667
0.029 0.013 0.590
98 198 171.667
0.017 0.009 0.526
98 220 171.667
0.022 0.011 0.573
101.2 220 161
0.022 0.011 0.552
101.2 198 161
0.017 0.009 0.507
98 220 171.667
0.022 0.011 0.573
98 242 171.667
0.029 0.013 0.590
101.2 242 161
0.029 0.014 0.568
101.2 220 161
0.022 0.011 0.552
98 242 171.667
0.029 0.013 0.590
98 264 171.667
0.037 0.016 0.557
101.2 264 161
0.037 0.018 0.534
101.2 242 161
0.029 0.014 0.568
91.6 264 193
0.038 0.013 0.567
91.6 286 193
0.051 0.015 0.459
94.8 286 182.333
0.050 0.017 0.460
94.8 264 182.333
0.038 0.015 0.569
91.6 286 193
0.051 0.015 0.459
91.6 308 193
0.069 0.017 0.268
94.8 308 182.333
0.066 0.019 0.270
94.8 286 182.333
0.050 0.017 0.460
91.6 308 193
0.069 0.017 0.268
91.6 330 193
0.080 0.018 0.153
94.8 330 182.333
0.075 0.021 0.155
94.8 308 182.333
0.066 0.019 0.270
94.8 264 182.333
0.038 0.015 0.569
94.8 286 182.333
0.050 0.017 0.460
98 286 171.667
0.048 0.019 0.450
98 264 171.667
0.037 0.016 0.557
94.8 286 182.333
0.050 0.017 0.460
94.8 308 182.333
0.066 0.019 0.270
98 308 171.667
0.063 0.022 0.265
98 286 171.667
0.048 0.019 0.450
94.8 308 182.333
0.066 0.019 0.270
94.8 330 182.333
0.075 0.021 0.155
98 330 171.667
0.071 0.023 0.154
98 308 171.667
0.063 0.022 0.265
98 264 171.667
0.037 0.016 0.557
98 286 171.667
0.048 0.019 0.450
101.2 286 161
0.047 0.021 0.430
101.2 264 161
0.037 0.018 0.534
98 286 171.667
0.048 0.019 0.450
98 308 171.667
0.063 0.022 0.265
101.2 308 161
0.060 0.024 0.254
101.2 286 161
0.047 0.021 0.430
98 308 171.667
0.063 0.022 0.265
98 330 171.667
0.071 0.023 0.154
101.2 330 161
0.068 0.026 0.149
101.2 308 161
0.060 0.024 0.254
101.2 0 161
0.002 0.001 0.069
101.2 22 161
0.003 0.001 0.076
104.4 22 150.333
0.003 0.001 0.074
104.4 0 150.333
0.002 0.001 0.067
101.2 22 161
0.003 0.001 0.076
101.2 44 161
0.003 0.002 0.091
104.4 44 150.333
0.003 0.002 0.090
104.4 22 150.333
0.003 0.001 0.074
101.2 44 161
0.003 0.002 0.091
101.2 66 161
0.004 0.002 0.110
104.4 66 150.333
0.004 0.002 0.108
104.4 44 150.333
0.003 0.002 0.090
104.4 0 150.333
0.002 0.001 0.067
104.4 22 150.333
0.003 0.001 0.074
107.6 22 139.667
0.003 0.001 0.073
107.6 0 139.667
0.002 0.001 0.065
104.4 22 150.333
0.003 0.001 0.074
104.4 44 150.333
0.003 0.002 0.090
107.6 44 139.667
0.003 0.002 0.088
107.6 22 139.667
0.003 0.001 0.073
104.4 44 150.333
0.003 0.002 0.090
104.4 66 150.333
0.004 0.002 0.108
107.6 66 139.667
0.004 0.002 0.104
107.6 44 139.667
0.003 0.002 0.088
107.6 0 139.667
0.002 0.001 0.065
107.6 22 139.667
0.003 0.001 0.073
110.8 22 129
0.002 0.001 0.070
110.8 0 129
0.002 0.001 0.064
107.6 22 139.667
0.003 0.001 0.073
107.6 44 139.667
0.003 0.002 0.088
110.8 44 129
0.003 0.002 0.084
110.8 22 129
0.002 0.001 0.070
107.6 44 139.667
0.003 0.002 0.088
107.6 66 139.667
0.004 0.002 0.104
110.8 66 129
0.004 0.002 0.100
110.8 44 129
0.003 0.002 0.084
101.2 66 161
0.004 0.002 0.110
101.2 88 161
0.005 0.003 0.131
104.4 88 150.333
0.005 0.003 0.127
104.4 66 150.333
0.004 0.002 0.108
101.2 88 161
0.005 0.003 0.131
101.2 110 161
0.006 0.003 0.225
104.4 110 150.333
0.006 0.003 0.220
104.4 88 150.333
0.005 0.003 0.127
101.2 110 161
0.006 0.003 0.225
101.2 132 161
0.008 0.004 0.337
104.4 132 150.333
0.008 0.004 0.330
104.4 110 150.333
0.006 0.003 0.220
104.4 66 150.333
0.004 0.002 0.108
104.4 88 150.333
0.005 0.003 0.127
107.6 88 139.667
0.005 0.003 0.123
107.6 66 139.667
0.004 0.002 0.104
104.4 88 150.333
0.005 0.003 0.127
104.4 110 150.333
0.006 0.003 0.220
107.6 110 139.667
0.006 0.003 0.214
107.6 88 139.667
0.005 0.003 0.123
104.4 110 150.333
0.006 0.003 0.220
104.4 132 150.333
0.008 0.004 0.330
107.6 132 139.667
0.008 0.004 0.321
107.6 110 139.667
0.006 0.003 0.214
107.6 66 139.667
0.004 0.002 0.104
107.6 88 139.667
0.005 0.003 0.123
110.8 88 129
0.005 0.003 0.118
110.8 66 129
0.004 0.002 0.100
107.6 88 139.667
0.005 0.003 0.123
107.6 110 139.667
0.006 0.003 0.214
110.8 110 129
0.006 0.003 0.207
110.8 88 129
0.005 0.003 0.118
107.6 110 139.667
0.006 0.003 0.214
107.6 132 139.667
0.008 0.004 0.321
110.8 132 129
0.008 0.004 0.311
110.8 110 129
0.006 0.003 0.207
101.2 132 161
0.008 0.004 0.337
101.2 154 161
0.010 0.006 0.396
104.4 154 150.333
0.010 0.006 0.387
104.4 132 150.333
0.008 0.004 0.330
101.2 154 161
0.010 0.006 0.396
101.2 176 161
0.013 0.007 0.453
104.4 176 150.333
0.013 0.007 0.441
104.4 154 150.333
0.010 0.006 0.387
101.2 176 161
0.013 0.007 0.453
101.2 198 161
0.017 0.009 0.507
104.4 198 150.333
0.017 0.010 0.493
104.4 176 150.333
0.013 0.007 0.441
104.4 132 150.333
0.008 0.004 0.330
104.4 154 150.333
0.010 0.006 0.387
107.6 154 139.667
0.010 0.006 0.374
107.6 132 139.667
0.008 0.004 0.321
104.4 154 150.333
0.010 0.006 0.387
104.4 176 150.333
0.013 0.007 0.441
107.6 176 139.667
0.013 0.008 0.426
107.6 154 139.667
0.010 0.006 0.374
104.4 176 150.333
0.013 0.007 0.441
104.4 198 150.333
0.017 0.010 0.493
107.6 198 139.667
0.017 0.010 0.475
107.6 176 139.667
0.013 0.008 0.426
107.6 132 139.667
0.008 0.004 0.321
107.6 154 139.667
0.010 0.006 0.374
110.8 154 129
0.010 0.006 0.360
110.8 132 129
0.008 0.004 0.311
107.6 154 139.667
0.010 0.006 0.374
107.6 176 139.667
0.013 0.008 0.426
110.8 176 129
0.013 0.008 0.407
110.8 154 129
0.010 0.006 0.360
107.6 176 139.667
0.013 0.008 0.426
107.6 198 139.667
0.017 0.010 0.475
110.8 198 129
0.017 0.011 0.452
110.8 176 129
0.013 0.008 0.407
101.2 198 161
0.017 0.009 0.507
101.2 220 161
0.022 0.011 0.552
104.4 220 150.333
0.022 0.012 0.533
104.4 198 150.333
0.017 0.010 0.493
101.2 220 161
0.022 0.011 0.552
101.2 242 161
0.029 0.014 0.568
104.4 242 150.333
0.029 0.016 0.545
104.4 220 150.333
0.022 0.012 0.533
101.2 242 161
0.029 0.014 0.568
101.2 264 161
0.037 0.018 0.534
104.4 264 150.333
0.038 0.020 0.510
104.4 242 150.333
0.029 0.016 0.545
104.4 198 150.333
0.017 0.010 0.493
104.4 220 150.333
0.022 0.012 0.533
107.6 220 139.667
0.023 0.013 0.511
107.6 198 139.667
0.017 0.010 0.475
104.4 220 150.333
0.022 0.012 0.533
104.4 242 150.333
0.029 0.016 0.545
107.6 242 139.667
0.030 0.017 0.520
107.6 220 139.667
0.023 0.013 0.511
104.4 242 150.333
0.029 0.016 0.545
104.4 264 150.333
0.038 0.020 0.510
107.6 264 139.667
0.038 0.022 0.483
107.6 242 139.667
0.030 0.017 0.520
107.6 198 139.667
0.017 0.010 0.475
107.6 220 139.667
0.023 0.013 0.511
110.8 220 129
0.023 0.014 0.483
110.8 198 129
0.017 0.011 0.452
107.6 220 139.667
0.023 0.013 0.511
107.6 242 139.667
0.030 0.017 0.520
110.8 242 129
0.030 0.019 0.488
110.8 220 129
0.023 0.014 0.483
107.6 242 139.667
0.030 0.017 0.520
107.6 264 139.667
0.038 0.022 0.483
110.8 264 129
0.039 0.024 0.452
110.8 242 129
0.030 0.019 0.488
101.2 264 161
0.037 0.018 0.534
101.2 286 161
0.047 0.021 0.430
104.4 286 150.333
0.048 0.024 0.410
104.4 264 150.333
0.038 0.020 0.510
101.2 286 161
0.047 0.021 0.430
101.2 308 161
0.060 0.024 0.254
104.4 308 150.333
0.060 0.028 0.244
104.4 286 150.333
0.048 0.024 0.410
101.2 308 161
0.060 0.024 0.254
101.2 330 161
0.068 0.026 0.149
104.4 330 150.333
0.067 0.030 0.146
104.4 308 150.333
0.060 0.028 0.244
104.4 264 150.333
0.038 0.020 0.510
104.4 286 150.333
0.048 0.024 0.410
107.6 286 139.667
0.049 0.027 0.388
107.6 264 139.667
0.038 0.022 0.483
104.4 286 150.333
0.048 0.024 0.410
104.4 308 150.333
0.060 0.028 0.244
107.6 308 139.667
0.060 0.032 0.233
107.6 286 139.667
0.049 0.027 0.388
104.4 308 150.333
0.060 0.028 0.244
104.4 330 150.333
0.067 0.030 0.146
107.6 330 139.667
0.067 0.034 0.141
107.6 308 139.667
0.060 0.032 0.233
107.6 264 139.667
0.038 0.022 0.483
107.6 286 139.667
0.049 0.027 0.388
110.8 286 129
0.049 0.030 0.362
110.8 264 129
0.039 0.024 0.452
107.6 286 139.667
0.049 0.027 0.388
107.6 308 139.667
0.060 0.032 0.233
110.8 308 129
0.061 0.035 0.220
110.8 286 129
0.049 0.030 0.362
107.6 308 139.667
0.060 0.032 0.233
107.6 330 139.667
0.067 0.034 0.141
110.8 330 129
0.067 0.038 0.137
110.8 308 129
0.061 0.035 0.220
110.8 0 129
0.002 0.001 0.064
110.8 22 129
0.002 0.001 0.070
114 22 118.333
0.002 0.001 0.068
114 0 118.333
0.002 0.001 0.061
110.8 22 129
0.002 0.001 0.070
110.8 44 129
0.003 0.002 0.084
114 44 118.333
0.003 0.002 0.081
114 22 118.333
0.002 0.001 0.068
110.8 44 129
0.003 0.002 0.084
110.8 66 129
0.004 0.002 0.100
114 66 118.333
0.004 0.002 0.096
114 44 118.333
0.003 0.002 0.081
114 0 118.333
0.002 0.001 0.061
114 22 118.333
0.002 0.001 0.068
117.2 22 107.667
0.002 0.001 0.065
117.2 0 107.667
0.002 0.001 0.059
114 22 118.333
0.002 0.001 0.068
114 44 118.333
0.003 0.002 0.081
117.2 44 107.667
0.003 0.001 0.078
117.2 22 107.667
0.002 0.001 0.065
114 44 118.333
0.003 0.002 0.081
114 66 118.333
0.004 0.002 0.096
117.2 66 107.667
0.004 0.002 0.092
117.2 44 107.667
0.003 0.001 0.078
117.2 0 107.667
0.002 0.001 0.059
117.2 22 107.667
0.002 0.001 0.065
120.4 22 97
0.002 0.001 0.063
120.4 0 97
0.002 0.001 0.057
117.2 22 107.667
0.002 0.001 0.065
117.2 44 107.667
0.003 0.001 0.078
120.4 44 97
0.003 0.001 0.075
120.4 22 97
0.002 0.001 0.063
117.2 44 107.667
0.003 0.001 0.078
117.2 66 107.667
0.004 0.002 0.092
120.4 66 97
0.003 0.002 0.087
120.4 44 97
0.003 0.001 0.075
110.8 66 129
0.004 0.002 0.100
110.8 88 129
0.005 0.003 0.118
114 88 118.333
0.005 0.003 0.113
114 66 118.333
0.004 0.002 0.096
110.8 88 129
0.005 0.003 0.118
110.8 110 129
0.006 0.003 0.207
114 110 118.333
0.006 0.003 0.199
114 88 118.333
0.005 0.003 0.113
110.8 110 129
0.006 0.003 0.207
110.8 132 129
0.008 0.004 0.311
114 132 118.333
0.008 0.004 0.298
114 110 118.333
0.006 0.003 0.199
114 66 118.333
0.004 0.002 0.096
114 88 118.333
0.005 0.003 0.113
117.2 88 107.667
0.004 0.002 0.107
117.2 66 107.667
0.004 0.002 0.092
114 88 118.333
0.005 0.003 0.113
114 110 118.333
0.006 0.003 0.199
117.2 110 107.667
0.006 0.003 0.190
117.2 88 107.667
0.004 0.002 0.107
114 110 118.333
0.006 0.003 0.199
114 132 118.333
0.008 0.004 0.298
117.2 132 107.667
0.007 0.004 0.285
117.2 110 107.667
0.006 0.003 0.190
117.2 66 107.667
0.004 0.002 0.092
117.2 88 107.667
0.004 0.002 0.107
120.4 88 97
0.004 0.002 0.102
120.4 66 97
0.003 0.002 0.087
117.2 88 107.667
0.004 0.002 0.107
117.2 110 107.667
0.006 0.003 0.190
120.4 110 97
0.005 0.003 0.181
120.4 88 97
0.004 0.002 0.102
117.2 110 107.667
0.006 0.003 0.190
117.2 132 107.667
0.007 0.004 0.285
120.4 132 97
0.007 0.004 0.271
120.4 110 97
0.005 0.003 0.181
110.8 132 129
0.008 0.004 0.311
110.8 154 129
0.010 0.006 0.360
114 154 118.333
0.010 0.006 0.343
114 132 118.333
0.008 0.004 0.298
110.8 154 129
0.010 0.006 0.360
110.8 176 129
0.013 0.008 0.407
114 176 118.333
0.013 0.008 0.386
114 154 118.333
0.010 0.006 0.343
110.8 176 129
0.013 0.008 0.407
110.8 198 129
0.017 0.011 0.452
114 198 118.333
0.017 0.011 0.424
114 176 118.333
0.013 0.008 0.386
114 132 118.333
0.008 0.004 0.298
114 154 118.333
0.010 0.006 0.343
117.2 154 107.667
0.010 0.006 0.325
117.2 132 107.667
0.007 0.004 0.285
114 154 118.333
0.010 0.006 0.343
114 176 118.333
0.013 0.008 0.386
117.2 176 107.667
0.013 0.008 0.363
117.2 154 107.667
0.010 0.006 0.325
114 176 118.333
0.013 0.008 0.386
114 198 118.333
0.017 0.011 0.424
117.2 198 107.667
0.017 0.011 0.396
117.2 176 107.667
0.013 0.008 0.363
117.2 132 107.667
0.007 0.004 0.285
117.2 154 107.667
0.010 0.006 0.325
120.4 154 97
0.009 0.006 0.306
120.4 132 97
0.007 0.004 0.271
117.2 154 107.667
0.010 0.006 0.325
117.2 176 107.667
0.013 0.008 0.363
120.4 176 97
0.013 0.008 0.339
120.4 154 97
0.009 0.006 0.306
117.2 176 107.667
0.013 0.008 0.363
117.2 198 107.667
0.017 0.011 0.396
120.4 198 97
0.017 0.011 0.367
120.4 176 97
0.013 0.008 0.339
110.8 198 129
0.017 0.011 0.452
110.8 220 129
0.023 0.014 0.483
114 220 118.333
0.023 0.015 0.449
114 198 118.333
0.017 0.011 0.424
110.8 220 129
0.023 0.014 0.483
110.8 242 129
0.030 0.019 0.488
114 242 118.333
0.031 0.020 0.450
114 220 118.333
0.023 0.015 0.449
110.8 242 129
0.030 0.019 0.488
110.8 264 129
0.039 0.024 0.452
114 264 118.333
0.040 0.027 0.415
114 242 118.333
0.031 0.020 0.450
114 198 118.333
0.017 0.011 0.424
114 220 118.333
0.023 0.015 0.449
117.2 220 107.667
0.023 0.016 0.416
117.2 198 107.667
0.017 0.011 0.396
114 220 118.333
0.023 0.015 0.449
114 242 118.333
0.031 0.020 0.450
117.2 242 107.667
0.031 0.022 0.414
117.2 220 107.667
0.023 0.016 0.416
114 242 118.333
0.031 0.020 0.450
114 264 118.333
0.040 0.027 0.415
117.2 264 107.667
0.042 0.029 0.380
117.2 242 107.667
0.031 0.022 0.414
117.2 198 107.667
0.017 0.011 0.396
117.2 220 107.667
0.023 0.016 0.416
120.4 220 97
0.024 0.016 0.383
120.4 198 97
0.017 0.011 0.367
117.2 220 107.667
0.023 0.016 0.416
117.2 242 107.667
0.031 0.022 0.414
120.4 242 97
0.032 0.023 0.379
120.4 220 97
0.024 0.016 0.383
117.2 242 107.667
0.031 0.022 0.414
117.2 264 107.667
0.042 0.029 0.380
120.4 264 97
0.044 0.032 0.348
120.4 242 97
0.032 0.023 0.379
110.8 264 129
0.039 0.024 0.452
110.8 286 129
0.049 0.030 0.362
114 286 118.333
0.051 0.034 0.333
114 264 118.333
0.040 0.027 0.415
110.8 286 129
0.049 0.030 0.362
110.8 308 129
0.061 0.035 0.220
114 308 118.333
0.063 0.041 0.206
114 286 118.333
0.051 0.034 0.333
110.8 308 129
0.061 0.035 0.220
110.8 330 129
0.067 0.038 0.137
114 330 118.333
0.069 0.045 0.133
114 308 118.333
0.063 0.041 0.206
114 264 118.333
0.040 0.027 0.415
114 286 118.333
0.051 0.034 0.333
117.2 286 107.667
0.054 0.038 0.307
117.2 264 107.667
0.042 0.029 0.380
114 286 118.333
0.051 0.034 0.333
114 308 118.333
0.063 0.041 0.206
117.2 308 107.667
0.067 0.047 0.195
117.2 286 107.667
0.054 0.038 0.307
114 308 118.333
0.063 0.041 0.206
114 330 118.333
0.069 0.045 0.133
117.2 330 107.667
0.074 0.052 0.130
117.2 308 107.667
0.067 0.047 0.195
117.2 264 107.667
0.042 0.029 0.380
117.2 286 107.667
0.054 0.038 0.307
120.4 286 97
0.057 0.043 0.283
120.4 264 97
0.044 0.032 0.348
117.2 286 107.667
0.054 0.038 0.307
117.2 308 107.667
0.067 0.047 0.195
120.4 308 97
0.071 0.053 0.184
120.4 286 97
0.057 0.043 0.283
117.2 308 107.667
0.067 0.047 0.195
117.2 330 107.667
0.074 0.052 0.130
120.4 330 97
0.078 0.059 0.128
120.4 308 97
0.071 0.053 0.184
120.4 0 97
0.002 0.001 0.057
120.4 22 97
0.002 0.001 0.063
123.6 22 86.3333
0.002 0.001 0.061
123.6 0 86.3333
0.002 0.001 0.056
120.4 22 97
0.002 0.001 0.063
120.4 44 97
0.003 0.001 0.075
123.6 44 86.3333
0.003 0.001 0.071
123.6 22 86.3333
0.002 0.001 0.061
120.4 44 97
0.003 0.001 0.075
120.4 66 97
0.003 0.002 0.087
123.6 66 86.3333
0.003 0.002 0.083
123.6 44 86.3333
0.003 0.001 0.071
123.6 0 86.3333
0.002 0.001 0.056
123.6 22 86.3333
0.002 0.001 0.061
126.8 22 75.6667
0.002 0.001 0.057
126.8 0 75.6667
0.002 0.001 0.053
123.6 22 86.3333
0.002 0.001 0.061
123.6 44 86.3333
0.003 0.001 0.071
126.8 44 75.6667
0.002 0.001 0.067
126.8 22 75.6667
0.002 0.001 0.057
123.6 44 86.3333
0.003 0.001 0.071
123.6 66 86.3333
0.003 0.002 0.083
126.8 66 75.6667
0.003 0.001 0.078
126.8 44 75.6667
0.002 0.001 0.067
126.8 0 75.6667
0.002 0.001 0.053
126.8 22 75.6667
0.002 0.001 0.057
130 22 65
0.002 0.001 0.056
130 0 65
0.002 0.001 0.052
126.8 22 75.6667
0.002 0.001 0.057
126.8 44 75.6667
0.002 0.001 0.067
130 44 65
0.002 0.001 0.065
130 22 65
0.002 0.001 0.056
126.8 44 75.6667
0.002 0.001 0.067
126.8 66 75.6667
0.003 0.001 0.078
130 66 65
0.003 0.001 0.076
130 44 65
0.002 0.001 0.065
120.4 66 97
0.003 0.002 0.087
120.4 88 97
0.004 0.002 0.102
123.6 88 86.3333
0.004 0.002 0.096
123.6 66 86.3333
0.003 0.002 0.083
120.4 88 97
0.004 0.002 0.102
120.4 110 97
0.005 0.003 0.181
123.6 110 86.3333
0.005 0.003 0.172
123.6 88 86.3333
0.004 0.002 0.096
120.4 110 97
0.005 0.003 0.181
120.4 132 97
0.007 0.004 0.271
123.6 132 86.3333
0.007 0.004 0.257
123.6 110 86.3333
0.005 0.003 0.172
123.6 66 86.3333
0.003 0.002 0.083
123.6 88 86.3333
0.004 0.002 0.096
126.8 88 75.6667
0.004 0.002 0.090
126.8 66 75.6667
0.003 0.001 0.078
123.6 88 86.3333
0.004 0.002 0.096
123.6 110 86.3333
0.005 0.003 0.172
126.8 110 75.6667
0.005 0.003 0.162
126.8 88 75.6667
0.004 0.002 0.090
123.6 110 86.3333
0.005 0.003 0.172
123.6 132 86.3333
0.007 0.004 0.257
126.8 132 75.6667
0.006 0.004 0.241
126.8 110 75.6667
0.005 0.003 0.162
126.8 66 75.6667
0.003 0.001 0.078
126.8 88 75.6667
0.004 0.002 0.090
130 88 65
0.004 0.002 0.087
130 66 65
0.003 0.001 0.076
126.8 88 75.6667
0.004 0.002 0.090
126.8 110 75.6667
0.005 0.003 0.162
130 110 65
0.005 0.002 0.157
130 88 65
0.004 0.002 0.087
126.8 110 75.6667
0.005 0.003 0.162
126.8 132 75.6667
0.006 0.004 0.241
130 132 65
0.006 0.003 0.232
130 110 65
0.005 0.002 0.157
120.4 132 97
0.007 0.004 0.271
120.4 154 97
0.009 0.006 0.306
123.6 154 86.3333
0.009 0.005 0.288
123.6 132 86.3333
0.007 0.004 0.257
120.4 154 97
0.009 0.006 0.306
120.4 176 97
0.013 0.008 0.339
123.6 176 86.3333
0.012 0.008 0.315
123.6 154 86.3333
0.009 0.005 0.288
120.4 176 97
0.013 0.008 0.339
120.4 198 97
0.017 0.011 0.367
123.6 198 86.3333
0.017 0.011 0.339
123.6 176 86.3333
0.012 0.008 0.315
123.6 132 86.3333
0.007 0.004 0.257
123.6 154 86.3333
0.009 0.005 0.288
126.8 154 75.6667
0.008 0.005 0.267
126.8 132 75.6667
0.006 0.004 0.241
123.6 154 86.3333
0.009 0.005 0.288
123.6 176 86.3333
0.012 0.008 0.315
126.8 176 75.6667
0.011 0.007 0.292
126.8 154 75.6667
0.008 0.005 0.267
123.6 176 86.3333
0.012 0.008 0.315
123.6 198 86.3333
0.017 0.011 0.339
126.8 198 75.6667
0.016 0.011 0.311
126.8 176 75.6667
0.011 0.007 0.292
126.8 132 75.6667
0.006 0.004 0.241
126.8 154 75.6667
0.008 0.005 0.267
130 154 65
0.008 0.005 0.255
130 132 65
0.006 0.003 0.232
126.8 154 75.6667
0.008 0.005 0.267
126.8 176 75.6667
0.011 0.007 0.292
130 176 65
0.011 0.007 0.277
130 154 65
0.008 0.005 0.255
126.8 176 75.6667
0.011 0.007 0.292
126.8 198 75.6667
0.016 0.011 0.311
130 198 65
0.015 0.011 0.295
130 176 65
0.011 0.007 0.277
120.4 198 97
0.017 0.011 0.367
120.4 220 97
0.024 0.016 0.383
123.6 220 86.3333
0.023 0.017 0.351
123.6 198 86.3333
0.017 0.011 0.339
120.4 220 97
0.024 0.016 0.383
120.4 242 97
0.032 0.023 0.379
123.6 242 86.3333
0.033 0.025 0.346
123.6 220 86.3333
0.023 0.017 0.351
120.4 242 97
0.032 0.023 0.379
120.4 264 97
0.044 0.032 0.348
123.6 264 86.3333
0.046 0.036 0.318
123.6 242 86.3333
0.033 0.025 0.346
123.6 198 86.3333
0.017 0.011 0.339
123.6 220 86.3333
0.023 0.017 0.351
126.8 220 75.6667
0.023 0.017 0.320
126.8 198 75.6667
0.016 0.011 0.311
123.6 220 86.3333
0.023 0.017 0.351
123.6 242 86.3333
0.033 0.025 0.346
126.8 242 75.6667
0.033 0.025 0.315
126.8 220 75.6667
0.023 0.017 0.320
123.6 242 86.3333
0.033 0.025 0.346
123.6 264 86.3333
0.046 0.036 0.318
126.8 264 75.6667
0.048 0.039 0.291
126.8 242 75.6667
0.033 0.025 0.315
126.8 198 75.6667
0.016 0.011 0.311
126.8 220 75.6667
0.023 0.017 0.320
130 220 65
0.022 0.016 0.302
130 198 65
0.015 0.011 0.295
126.8 220 75.6667
0.023 0.017 0.320
126.8 242 75.6667
0.033 0.025 0.315
130 242 65
0.033 0.026 0.297
130 220 65
0.022 0.016 0.302
126.8 242 75.6667
0.033 0.025 0.315
126.8 264 75.6667
0.048 0.039 0.291
130 264 65
0.049 0.040 0.275
130 242 65
0.033 0.026 0.297
120.4 264 97
0.044 0.032 0.348
120.4 286 97
0.057 0.043 0.283
123.6 286 86.3333
0.062 0.049 0.262
123.6 264 86.3333
0.046 0.036 0.318
120.4 286 97
0.057 0.043 0.283
120.4 308 97
0.071 0.053 0.184
123.6 308 86.3333
0.077 0.061 0.178
123.6 286 86.3333
0.062 0.049 0.262
120.4 308 97
0.071 0.053 0.184
120.4 330 97
0.078 0.059 0.128
123.6 330 86.3333
0.085 0.067 0.129
123.6 308 86.3333
0.077 0.061 0.178
123.6 264 86.3333
0.046 0.036 0.318
123.6 286 86.3333
0.062 0.049 0.262
126.8 286 75.6667
0.066 0.055 0.244
126.8 264 75.6667
0.048 0.039 0.291
123.6 286 86.3333
0.062 0.049 0.262
123.6 308 86.3333
0.077 0.061 0.178
126.8 308 75.6667
0.085 0.071 0.173
126.8 286 75.6667
0.066 0.055 0.244
123.6 308 86.3333
0.077 0.061 0.178
123.6 330 86.3333
0.085 0.067 0.129
126.8 330 75.6667
0.093 0.078 0.132
126.8 308 75.6667
0.085 0.071 0.173
126.8 264 75.6667
0.048 0.039 0.291
126.8 286 75.6667
0.066 0.055 0.244
130 286 65
0.069 0.058 0.233
130 264 65
0.049 0.040 0.275
126.8 286 75.6667
0.066 0.055 0.244
126.8 308 75.6667
0.085 0.071 0.173
130 308 65
0.089 0.076 0.171
130 286 65
0.069 0.058 0.233
126.8 308 75.6667
0.085 0.071 0.173
126.8 330 75.6667
0.093 0.078 0.132
130 330 65
0.098 0.084 0.135
130 308 65
0.089 0.076 0.171
240 0 272
0.000 0.004 0.000
240 22 272
0.000 0.005 0.000
229.467 22 268.867
0.000 0.005 0.000
229.467 0 268.867
0.000 0.003 0.000
240 22 272
0.000 0.005 0.000
240 44 272
0.000 0.006 0.000
229.467 44 268.867
0.000 0.006 0.000
229.467 22 268.867
0.000 0.005 0.000
240 44 272
0.000 0.006 0.000
240 66 272
0.000 0.005 0.000
229.467 66 268.867
0.000 0.006 0.000
229.467 44 268.867
0.000 0.006 0.000
229.467 0 268.867
0.000 0.003 0.000
229.467 22 268.867
0.000 0.005 0.000
218.933 22 265.733
0.000 0.005 0.000
218.933 0 265.733
0.000 0.003 0.000
229.467 22 268.867
0.000 0.005 0.000
229.467 44 268.867
0.000 0.006 0.000
218.933 44 265.733
0.000 0.006 0.000
218.933 22 265.733
0.000 0.005 0.000
229.467 44 268.867
0.000 0.006 0.000
229.467 66 268.867
0.000 0.006 0.000
218.933 66 265.733
0.000 0.006 0.000
218.933 44 265.733
0.000 0.006 0.000
218.933 0 265.733
0.000 0.003 0.000
218.933 22 265.733
0.000 0.005 0.000
208.4 22 262.6
0.000 0.005 0.000
208.4 0 262.6
0.000 0.004 0.000
218.933 22 265.733
0.000 0.005 0.000
218.933 44 265.733
0.000 0.006 0.000
208.4 44 262.6
0.000 0.007 0.000
208.4 22 262.6
0.000 0.005 0.000
218.933 44 265.733
0.000 0.006 0.000
218.933 66 265.733
0.000 0.006 0.000
208.4 66 262.6
0.000 0.007 0.000
208.4 44 262.6
0.000 0.007 0.000
240 66 272
0.000 0.005 0.000
240 88 272
0.000 0.005 0.000
229.467 88 268.867
0.000 0.005 0.000
229.467 66 268.867
0.000 0.006 0.000
240 88 272
0.000 0.005 0.000
240 110 272
0.000 0.005 0.000
229.467 110 268.867
0.000 0.005 0.000
229.467 88 268.867
0.000 0.005 0.000
240 110 272
0.000 0.005 0.000
240 132 272
0.000 0.004 0.000
229.467 132 268.867
0.000 0.005 0.000
229.467 110 268.867
0.000 0.005 0.000
229.467 66 268.867
0.000 0.006 0.000
229.467 88 268.867
0.000 0.005 0.000
218.933 88 265.733
0.000 0.006 0.000
218.933 66 265.733
0.000 0.006 0.000
229.467 88 268.867
0.000 0.005 0.000
229.467 110 268.867
0.000 0.005 0.000
218.933 110 265.733
0.000 0.006 0.000
218.933 88 265.733
0.000 0.006 0.000
229.467 110 268.867
0.000 0.005 0.000
229.467 132 268.867
0.000 0.005 0.000
218.933 132 265.733
0.000 0.005 0.000
218.933 110 265.733
0.000 0.006 0.000
218.933 66 265.733
0.000 0.006 0.000
218.933 88 265.733
0.000 0.006 0.000
208.4 88 262.6
0.000 0.007 0.000
208.4 66 262.6
0.000 0.007 0.000
218.933 88 265.733
0.000 0.006 0.000
218.933 110 265.733
0.000 0.006 0.000
208.4 110 262.6
0.000 0.007 0.000
208.4 88 262.6
0.000 0.007 0.000
218.933 110 265.733
0.000 0.006 0.000
218.933 132 265.733
0.000 0.005 0.000
208.4 132 262.6
0.000 0.007 0.000
208.4 110 262.6
0.000 0.007 0.000
240 132 272
0.000 0.004 0.000
240 154 272
0.000 0.004 0.000
229.467 154 268.867
0.000 0.004 0.000
229.467 132 268.867
0.000 0.005 0.000
240 154 272
0.000 0.004 0.000
240 176 272
0.000 0.003 0.000
229.467 176 268.867
0.000 0.004 0.000
229.467 154 268.867
0.000 0.004 0.000
240 176 272
0.000 0.003 0.000
240 198 272
0.000 0.003 0.000
229.467 198 268.867
0.000 0.003 0.000
229.467 176 268.867
0.000 0.004 0.000
229.467 132 268.867
0.000 0.005 0.000
229.467 154 268.867
0.000 0.004 0.000
218.933 154 265.733
0.000 0.005 0.000
218.933 132 265.733
0.000 0.005 0.000
229.467 154 268.867
0.000 0.004 0.000
229.467 176 268.867
0.000 0.004 0.000
218.933 176 265.733
0.000 0.005 0.000
218.933 154 265.733
0.000 0.005 0.000
229.467 176 268.867
0.000 0.004 0.000
229.467 198 268.867
0.000 0.003 0.000
218.933 198 265.733
0.000 0.004 0.000
218.933 176 265.733
0.000 0.005 0.000
218.933 132 265.733
0.000 0.005 0.000
218.933 154 265.733
0.000 0.005 0.000
208.4 154 262.6
0.000 0.006 0.000
208.4 132 262.6
0.000 0.007 0.000
218.933 154 265.733
0.000 0.005 0.000
218.933 176 265.733
0.000 0.005 0.000
208.4 176 262.6
0.000 0.006 0.000
208.4 154 262.6
0.000 0.006 0.000
218.933 176 265.733
0.000 0.005 0.000
218.933 198 265.733
0.000 0.004 0.000
208.4 198 262.6
0.000 0.006 0.000
208.4 176 262.6
0.000 0.006 0.000
240 198 272
0.000 0.003 0.000
240 220 272
0.000 0.003 0.000
229.467 220 268.867
0.000 0.003 0.000
229.467 198 268.867
0.000 0.003 0.000
240 220 272
0.000 0.003 0.000
240 242 272
0.000 0.002 0.000
229.467 242 268.867
0.000 0.002 0.000
229.467 220 268.867
0.000 0.003 0.000
240 242 272
0.000 0.002 0.000
240 264 272
0.000 0.002 0.000
229.467 264 268.867
0.000 0.002 0.000
229.467 242 268.867
0.000 0.002 0.000
229.467 198 268.867
0.000 0.003 0.000
229.467 220 268.867
0.000 0.003 0.000
218.933 220 265.733
0.000 0.003 0.000
218.933 198 265.733
0.000 0.004 0.000
229.467 220 268.867
0.000 0.003 0.000
229.467 242 268.867
0.000 0.002 0.000
218.933 242 265.733
0.000 0.003 0.000
218.933 220 265.733
0.000 0.003 0.000
229.467 242 268.867
0.000 0.002 0.000
229.467 264 268.867
0.000 0.002 0.000
218.933 264 265.733
0.000 0.002 0.000
218.933 242 265.733
0.000 0.003 0.000
218.933 198 265.733
0.000 0.004 0.000
218.933 220 265.733
0.000 0.003 0.000
208.4 220 262.6
0.000 0.006 0.000
208.4 198 262.6
0.000 0.006 0.000
218.933 220 265.733
0.000 0.003 0.000
218.933 242 265.733
0.000 0.003 0.000
208.4 242 262.6
0.000 0.005 0.000
208.4 220 262.6
0.000 0.006 0.000
218.933 242 265.733
0.000 0.003 0.000
218.933 264 265.733
0.000 0.002 0.000
208.4 264 262.6
0.000 0.005 0.000
208.4 242 262.6
0.000 0.005 0.000
240 264 272
0.000 0.002 0.000
240 286 272
0.000 0.002 0.000
229.467 286 268.867
0.000 0.002 0.000
229.467 264 268.867
0.000 0.002 0.000
240 286 272
0.000 0.002 0.000
240 308 272
0.000 0.002 0.000
229.467 308 268.867
0.000 0.002 0.000
229.467 286 268.867
0.000 0.002 0.000
240 308 272
0.000 0.002 0.000
240 330 272
0.000 0.002 0.000
229.467 330 268.867
0.000 0.002 0.000
229.467 308 268.867
0.000 0.002 0.000
229.467 264 268.867
0.000 0.002 0.000
229.467 286 268.867
0.000 0.002 0.000
218.933 286 265.733
0.000 0.002 0.000
218.933 264 265.733
0.000 0.002 0.000
229.467 286 268.867
0.000 0.002 0.000
229.467 308 268.867
0.000 0.002 0.000
218.933 308 265.733
0.000 0.002 0.000
218.933 286 265.733
0.000 0.002 0.000
229.467 308 268.867
0.000 0.002 0.000
229.467 330 268.867
0.000 0.002 0.000
218.933 330 265.733
0.000 0.001 0.000
218.933 308 265.733
0.000 0.002 0.000
218.933 264 265.733
0.000 0.002 0.000
218.933 286 265.733
0.000 0.002 0.000
208.4 286 262.6
0.000 0.004 0.000
208.4 264 262.6
0.000 0.005 0.000
218.933 286 265.733
0.000 0.002 0.000
218.933 308 265.733
0.000 0.002 0.000
208.4 308 262.6
0.000 0.003 0.000
208.4 286 262.6
0.000 0.004 0.000
218.933 308 265.733
0.000 0.002 0.000
218.933 330 265.733
0.000 0.001 0.000
208.4 330 262.6
0.000 0.003 0.000
208.4 308 262.6
0.000 0.003 0.000
208.4 0 262.6
0.000 0.004 0.000
208.4 22 262.6
0.000 0.005 0.000
197.867 22 259.467
0.000 0.005 0.000
197.867 0 259.467
0.000 0.004 0.000
208.4 22 262.6
0.000 0.005 0.000
208.4 44 262.6
0.000 0.007 0.000
197.867 44 259.467
0.000 0.007 0.000
197.867 22 259.467
0.000 0.005 0.000
208.4 44 262.6
0.000 0.007 0.000
208.4 66 262.6
0.000 0.007 0.000
197.867 66 259.467
0.000 0.007 0.000
197.867 44 259.467
0.000 0.007 0.000
197.867 0 259.467
0.000 0.004 0.000
197.867 22 259.467
0.000 0.005 0.000
187.333 22 256.333
0.000 0.005 0.000
187.333 0 256.333
0.000 0.003 0.000
197.867 22 259.467
0.000 0.005 0.000
197.867 44 259.467
0.000 0.007 0.000
187.333 44 256.333
0.000 0.007 0.000
187.333 22 256.333
0.000 0.005 0.000
197.867 44 259.467
0.000 0.007 0.000
197.867 66 259.467
0.000 0.007 0.000
187.333 66 256.333
0.000 0.007 0.000
187.333 44 256.333
0.000 0.007 0.000
187.333 0 256.333
0.000 0.003 0.000
187.333 22 256.333
0.000 0.005 0.000
176.8 22 253.2
0.000 0.005 0.000
176.8 0 253.2
0.000 0.003 0.000
187.333 22 256.333
0.000 0.005 0.000
187.333 44 256.333
0.000 0.007 0.000
176.8 44 253.2
0.000 0.006 0.000
176.8 22 253.2
0.000 0.005 0.000
187.333 44 256.333
0.000 0.007 0.000
187.333 66 256.333
0.000 0.007 0.000
176.8 66 253.2
0.000 0.007 0.000
176.8 44 253.2
0.000 0.006 0.000
208.4 66 262.6
0.000 0.007 0.000
208.4 88 262.6
0.000 0.007 0.000
197.867 88 259.467
0.000 0.007 0.000
197.867 66 259.467
0.000 0.007 0.000
208.4 88 262.6
0.000 0.007 0.000
208.4 110 262.6
0.000 0.007 0.000
197.867 110 259.467
0.000 0.007 0.000
197.867 88 259.467
0.000 0.007 0.000
208.4 110 262.6
0.000 0.007 0.000
208.4 132 262.6
0.000 0.007 0.000
197.867 132 259.467
0.000 0.007 0.000
197.867 110 259.467
0.000 0.007 0.000
197.867 66 259.467
0.000 0.007 0.000
197.867 88 259.467
0.000 0.007 0.000
187.333 88 256.333
0.000 0.007 0.000
187.333 66 256.333
0.000 0.007 0.000
197.867 88 259.467
0.000 0.007 0.000
197.867 110 259.467
0.000 0.007 0.000
187.333 110 256.333
0.000 0.007 0.000
187.333 88 256.333
0.000 0.007 0.000
197.867 110 259.467
0.000 0.007 0.000
197.867 132 259.467
0.000 0.007 0.000
187.333 132 256.333
0.000 0.007 0.000
187.333 110 256.333
0.000 0.007 0.000
187.333 66 256.333
0.000 0.007 0.000
187.333 88 256.333
0.000 0.007 0.000
176.8 88 253.2
0.000 0.007 0.000
176.8 66 253.2
0.000 0.007 0.000
187.333 88 256.333
0.000 0.007 0.000
187.333 110 256.333
0.000 0.007 0.000
176.8 110 253.2
0.000 0.007 0.000
176.8 88 253.2
0.000 0.007 0.000
187.333 110 256.333
0.000 0.007 0.000
187.333 132 256.333
0.000 0.007 0.000
176.8 132 253.2
0.000 0.007 0.000
176.8 110 253.2
0.000 0.007 0.000
208.4 132 262.6
0.000 0.007 0.000
208.4 154 262.6
0.000 0.006 0.000
197.867 154 259.467
0.000 0.007 0.000
197.867 132 259.467
0.000 0.007 0.000
208.4 154 262.6
0.000 0.006 0.000
208.4 176 262.6
0.000 0.006 0.000
197.867 176 259.467
0.000 0.007 0.000
197.867 154 259.467
0.000 0.007 0.000
208.4 176 262.6
0.000 0.006 0.000
208.4 198 262.6
0.000 0.006 0.000
197.867 198 259.467
0.000 0.008 0.000
197.867 176 259.467
0.000 0.007 0.000
197.867 132 259.467
0.000 0.007 0.000
197.867 154 259.467
0.000 0.007 0.000
187.333 154 256.333
0.000 0.007 0.000
187.333 132 256.333
0.000 0.007 0.000
197.867 154 259.467
0.000 0.007 0.000
197.867 176 259.467
0.000 0.007 0.000
187.333 176 256.333
0.000 0.007 0.000
187.333 154 256.333
0.000 0.007 0.000
197.867 176 259.467
0.000 0.007 0.000
197.867 198 259.467
0.000 0.008 0.000
187.333 198 256.333
0.000 0.008 0.000
187.333 176 256.333
0.000 0.007 0.000
187.333 132 256.333
0.000 0.007 0.000
187.333 154 256.333
0.000 0.007 0.000
176.8 154 253.2
0.000 0.007 0.000
176.8 132 253.2
0.000 0.007 0.000
187.333 154 256.333
0.000 0.007 0.000
187.333 176 256.333
0.000 0.007 0.000
176.8 176 253.2
0.000 0.007 0.000
176.8 154 253.2
0.000 0.007 0.000
187.333 176 256.333
0.000 0.007 0.000
187.333 198 256.333
0.000 0.008 0.000
176.8 198 253.2
0.000 0.008 0.000
176.8 176 253.2
0.000 0.007 0.000
208.4 198 262.6
0.000 0.006 0.000
208.4 220 262.6
0.000 0.006 0.000
197.867 220 259.467
0.000 0.008 0.000
197.867 198 259.467
0.000 0.008 0.000
208.4 220 262.6
0.000 0.006 0.000
208.4 242 262.6
0.000 0.005 0.000
197.867 242 259.467
0.000 0.009 0.000
197.867 220 259.467
0.000 0.008 0.000
208.4 242 262.6
0.000 0.005 0.000
208.4 264 262.6
0.000 0.005 0.000
197.867 264 259.467
0.000 0.009 0.000
197.867 242 259.467
0.000 0.009 0.000
197.867 198 259.467
0.000 0.008 0.000
197.867 220 259.467
0.000 0.008 0.000
187.333 220 256.333
0.000 0.008 0.000
187.333 198 256.333
0.000 0.008 0.000
197.867 220 259.467
0.000 0.008 0.000
197.867 242 259.467
0.000 0.009 0.000
187.333 242 256.333
0.000 0.009 0.000
187.333 220 256.333
0.000 0.008 0.000
197.867 242 259.467
0.000 0.009 0.000
197.867 264 259.467
0.000 0.009 0.000
187.333 264 256.333
0.000 0.011 0.000
187.333 242 256.333
0.000 0.009 0.000
187.333 198 256.333
0.000 0.008 0.000
187.333 220 256.333
0.000 0.008 0.000
176.8 220 253.2
0.000 0.009 0.000
176.8 198 253.2
0.000 0.008 0.000
187.333 220 256.333
0.000 0.008 0.000
187.333 242 256.333
0.000 0.009 0.000
176.8 242 253.2
0.000 0.010 0.000
176.8 220 253.2
0.000 0.009 0.000
187.333 242 256.333
0.000 0.009 0.000
187.333 264 256.333
0.000 0.011 0.000
176.8 264 253.2
0.000 0.012 0.000
176.8 242 253.2
0.000 0.010 0.000
208.4 264 262.6
0.000 0.005 0.000
208.4 286 262.6
0.000 0.004 0.000
197.867 286 259.467
0.000 0.010 0.000
197.867 264 259.467
0.000 0.009 0.000
208.4 286 262.6
0.000 0.004 0.000
208.4 308 262.6
0.000 0.003 0.000
197.867 308 259.467
0.000 0.010 0.000
197.867 286 259.467
0.000 0.010 0.000
208.4 308 262.6
0.000 0.003 0.000
208.4 330 262.6
0.000 0.003 0.000
197.867 330 259.467
0.000 0.010 0.000
197.867 308 259.467
0.000 0.010 0.000
197.867 264 259.467
0.000 0.009 0.000
197.867 286 259.467
0.000 0.010 0.000
187.333 286 256.333
0.000 0.013 0.000
187.333 264 256.333
0.000 0.011 0.000
197.867 286 259.467
0.000 0.010 0.000
197.867 308 259.467
0.000 0.010 0.000
187.333 308 256.333
0.000 0.016 0.000
187.333 286 256.333
0.000 0.013 0.000
197.867 308 259.467
0.000 0.010 0.000
197.867 330 259.467
0.000 0.010 0.000
187.333 330 256.333
0.000 0.018 0.000
187.333 308 256.333
0.000 0.016 0.000
187.333 264 256.333
0.000 0.011 0.000
187.333 286 256.333
0.000 0.013 0.000
176.8 286 253.2
0.000 0.014 0.000
176.8 264 253.2
0.000 0.012 0.000
187.333 286 256.333
0.000 0.013 0.000
187.333 308 256.333
0.000 0.016 0.000
176.8 308 253.2
0.000 0.018 0.000
176.8 286 253.2
0.000 0.014 0.000
187.333 308 256.333
0.000 0.016 0.000
187.333 330 256.333
0.000 0.018 0.000
176.8 330 253.2
0.000 0.020 0.000
176.8 308 253.2
0.000 0.018 0.000
176.8 0 253.2
0.000 0.003 0.000
176.8 22 253.2
0.000 0.005 0.000
166.267 22 250.067
0.000 0.004 0.000
166.267 0 250.067
0.000 0.003 0.000
176.8 22 253.2
0.000 0.005 0.000
176.8 44 253.2
0.000 0.006 0.000
166.267 44 250.067
0.000 0.006 0.000
166.267 22 250.067
0.000 0.004 0.000
176.8 44 253.2
0.000 0.006 0.000
176.8 66 253.2
0.000 0.007 0.000
166.267 66 250.067
0.000 0.007 0.000
166.267 44 250.067
0.000 0.006 0.000
166.267 0 250.067
0.000 0.003 0.000
166.267 22 250.067
0.000 0.004 0.000
155.733 22 246.933
0.000 0.004 0.000
155.733 0 246.933
0.000 0.003 0.000
166.267 22 250.067
0.000 0.004 0.000
166.267 44 250.067
0.000 0.006 0.000
155.733 44 246.933
0.000 0.006 0.000
155.733 22 246.933
0.000 0.004 0.000
166.267 44 250.067
0.000 0.006 0.000
166.267 66 250.067
0.000 0.007 0.000
155.733 66 246.933
0.000 0.007 0.000
155.733 44 246.933
0.000 0.006 0.000
155.733 0 246.933
0.000 0.003 0.000
155.733 22 246.933
0.000 0.004 0.000
145.2 22 243.8
0.000 0.005 0.000
145.2 0 243.8
0.000 0.003 0.000
155.733 22 246.933
0.000 0.004 0.000
155.733 44 246.933
0.000 0.006 0.000
145.2 44 243.8
0.000 0.006 0.000
145.2 22 243.8
0.000 0.005 0.000
155.733 44 246.933
0.000 0.006 0.000
155.733 66 246.933
0.000 0.007 0.000
145.2 66 243.8
0.000 0.007 0.000
145.2 44 243.8
0.000 0.006 0.000
176.8 66 253.2
0.000 0.007 0.000
176.8 88 253.2
0.000 0.007 0.000
166.267 88 250.067
0.000 0.007 0.000
166.267 66 250.067
0.000 0.007 0.000
176.8 88 253.2
0.000 0.007 0.000
176.8 110 253.2
0.000 0.007 0.000
166.267 110 250.067
0.000 0.007 0.000
166.267 88 250.067
0.000 0.007 0.000
176.8 110 253.2
0.000 0.007 0.000
176.8 132 253.2
0.000 0.007 0.000
166.267 132 250.067
0.000 0.007 0.000
166.267 110 250.067
0.000 0.007 0.000
166.267 66 250.067
0.000 0.007 0.000
166.267 88 250.067
0.000 0.007 0.000
155.733 88 246.933
0.000 0.007 0.000
155.733 66 246.933
0.000 0.007 0.000
166.267 88 250.067
0.000 0.007 0.000
166.267 110 250.067
0.000 0.007 0.000
155.733 110 246.933
0.000 0.007 0.000
155.733 88 246.933
0.000 0.007 0.000
166.267 110 250.067
0.000 0.007 0.000
166.267 132 250.067
0.000 0.007 0.000
155.733 132 246.933
0.000 0.008 0.000
155.733 110 246.933
0.000 0.007 0.000
155.733 66 246.933
0.000 0.007 0.000
155.733 88 246.933
0.000 0.007 0.000
145.2 88 243.8
0.000 0.007 0.000
145.2 66 243.8
0.000 0.007 0.000
155.733 88 246.933
0.000 0.007 0.000
155.733 110 246.933
0.000 0.007 0.000
145.2 110 243.8
0.000 0.007 0.000
145.2 88 243.8
0.000 0.007 0.000
155.733 110 246.933
0.000 0.007 0.000
155.733 132 246.933
0.000 0.008 0.000
145.2 132 243.8
0.000 0.007 0.000
145.2 110 243.8
0.000 0.007 0.000
176.8 132 253.2
0.000 0.007 0.000
176.8 154 253.2
0.000 0.007 0.000
166.267 154 250.067
0.000 0.007 0.000
166.267 132 250.067
0.000 0.007 0.000
176.8 154 253.2
0.000 0.007 0.000
176.8 176 253.2
0.000 0.007 0.000
166.267 176 250.067
0.000 0.008 0.000
166.267 154 250.067
0.000 0.007 0.000
176.8 176 253.2
0.000 0.007 0.000
176.8 198 253.2
0.000 0.008 0.000
166.267 198 250.067
0.000 0.009 0.000
166.267 176 250.067
0.000 0.008 0.000
166.267 132 250.067
0.000 0.007 0.000
166.267 154 250.067
0.000 0.007 0.000
155.733 154 246.933
0.000 0.008 0.000
155.733 132 246.933
0.000 0.008 0.000
166.267 154 250.067
0.000 0.007 0.000
166.267 176 250.067
0.000 0.008 0.000
155.733 176 246.933
0.000 0.008 0.000
155.733 154 246.933
0.000 0.008 0.000
166.267 176 250.067
0.000 0.008 0.000
166.267 198 250.067
0.000 0.009 0.000
155.733 198 246.933
0.000 0.009 0.000
155.733 176 246.933
0.000 0.008 0.000
155.733 132 246.933
0.000 0.008 0.000
155.733 154 246.933
0.000 0.008 0.000
145.2 154 243.8
0.000 0.008 0.000
145.2 132 243.8
0.000 0.007 0.000
155.733 154 246.933
0.000 0.008 0.000
155.733 176 246.933
0.000 0.008 0.000
145.2 176 243.8
0.000 0.008 0.000
145.2 154 243.8
0.000 0.008 0.000
155.733 176 246.933
0.000 0.008 0.000
155.733 198 246.933
0.000 0.009 0.000
145.2 198 243.8
0.000 0.009 0.000
145.2 176 243.8
0.000 0.008 0.000
176.8 198 253.2
0.000 0.008 0.000
176.8 220 253.2
0.000 0.009 0.000
166.267 220 250.067
0.000 0.010 0.000
166.267 198 250.067
0.000 0.009 0.000
176.8 220 253.2
0.000 0.009 0.000
176.8 242 253.2
0.000 0.010 0.000
166.267 242 250.067
0.000 0.011 0.000
166.267 220 250.067
0.000 0.010 0.000
176.8 242 253.2
0.000 0.010 0.000
176.8 264 253.2
0.000 0.012 0.000
166.267 264 250.067
0.000 0.013 0.000
166.267 242 250.067
0.000 0.011 0.000
166.267 198 250.067
0.000 0.009 0.000
166.267 220 250.067
0.000 0.010 0.000
155.733 220 246.933
0.000 0.010 0.000
155.733 198 246.933
0.000 0.009 0.000
166.267 220 250.067
0.000 0.010 0.000
166.267 242 250.067
0.000 0.011 0.000
155.733 242 246.933
0.000 0.011 0.000
155.733 220 246.933
0.000 0.010 0.000
166.267 242 250.067
0.000 0.011 0.000
166.267 264 250.067
0.000 0.013 0.000
155.733 264 246.933
0.000 0.013 0.000
155.733 242 246.933
0.000 0.011 0.000
155.733 198 246.933
0.000 0.009 0.000
155.733 220 246.933
0.000 0.010 0.000
145.2 220 243.8
0.000 0.010 0.000
145.2 198 243.8
0.000 0.009 0.000
155.733 220 246.933
0.000 0.010 0.000
155.733 242 246.933
0.000 0.011 0.000
145.2 242 243.8
0.000 0.011 0.000
145.2 220 243.8
0.000 0.010 0.000
155.733 242 246.933
0.000 0.011 0.000
155.733 264 246.933
0.000 0.013 0.000
145.2 264 243.8
0.000 0.012 0.000
145.2 242 243.8
0.000 0.011 0.000
176.8 264 253.2
0.000 0.012 0.000
176.8 286 253.2
0.000 0.014 0.000
166.267 286 250.067
0.000 0.016 0.000
166.267 264 250.067
0.000 0.013 0.000
176.8 286 253.2
0.000 0.014 0.000
176.8 308 253.2
0.000 0.018 0.000
166.267 308 250.067
0.000 0.019 0.000
166.267 286 250.067
0.000 0.016 0.000
176.8 308 253.2
0.000 0.018 0.000
176.8 330 253.2
0.000 0.020 0.000
166.267 330 250.067
0.000 0.021 0.000
166.267 308 250.067
0.000 0.019 0.000
166.267 264 250.067
0.000 0.013 0.000
166.267 286 250.067
0.000 0.016 0.000
155.733 286 246.933
0.000 0.015 0.000
155.733 264 246.933
0.000 0.013 0.000
166.267 286 250.067
0.000 0.016 0.000
166.267 308 250.067
0.000 0.019 0.000
155.733 308 246.933
0.000 0.018 0.000
155.733 286 246.933
0.000 0.015 0.000
166.267 308 250.067
0.000 0.019 0.000
166.267 330 250.067
0.000 0.021 0.000
155.733 330 246.933
0.000 0.020 0.000
155.733 308 246.933
0.000 0.018 0.000
155.733 264 246.933
0.000 0.013 0.000
155.733 286 246.933
0.000 0.015 0.000
145.2 286 243.8
0.000 0.014 0.000
145.2 264 243.8
0.000 0.012 0.000
155.733 286 246.933
0.000 0.015 0.000
155.733 308 246.933
0.000 0.018 0.000
145.2 308 243.8
0.000 0.017 0.000
145.2 286 243.8
0.000 0.014 0.000
155.733 308 246.933
0.000 0.018 0.000
155.733 330 246.933
0.000 0.020 0.000
145.2 330 243.8
0.000 0.019 0.000
145.2 308 243.8
0.000 0.017 0.000
145.2 0 243.8
0.000 0.003 0.000
145.2 22 243.8
0.000 0.005 0.000
134.667 22 240.667
0.000 0.005 0.000
134.667 0 240.667
0.000 0.003 0.000
145.2 22 243.8
0.000 0.005 0.000
145.2 44 243.8
0.000 0.006 0.000
134.667 44 240.667
0.000 0.006 0.000
134.667 22 240.667
0.000 0.005 0.000
145.2 44 243.8
0.000 0.006 0.000
145.2 66 243.8
0.000 0.007 0.000
134.667 66 240.667
0.000 0.007 0.000
134.667 44 240.667
0.000 0.006 0.000
134.667 0 240.667
0.000 0.003 0.000
134.667 22 240.667
0.000 0.005 0.000
124.133 22 237.533
0.000 0.004 0.000
124.133 0 237.533
0.000 0.003 0.000
134.667 22 240.667
0.000 0.005 0.000
134.667 44 240.667
0.000 0.006 0.000
124.133 44 237.533
0.000 0.006 0.000
124.133 22 237.533
0.000 0.004 0.000
134.667 44 240.667
0.000 0.006 0.000
134.667 66 240.667
0.000 0.007 0.000
124.133 66 237.533
0.000 0.007 0.000
124.133 44 237.533
0.000 0.006 0.000
124.133 0 237.533
0.000 0.003 0.000
124.133 22 237.533
0.000 0.004 0.000
113.6 22 234.4
0.000 0.004 0.000
113.6 0 234.4
0.000 0.003 0.000
124.133 22 237.533
0.000 0.004 0.000
124.133 44 237.533
0.000 0.006 0.000
113.6 44 234.4
0.000 0.005 0.000
113.6 22 234.4
0.000 0.004 0.000
124.133 44 237.533
0.000 0.006 0.000
124.133 66 237.533
0.000 0.007 0.000
113.6 66 234.4
0.000 0.006 0.000
113.6 44 234.4
0.000 0.005 0.000
145.2 66 243.8
0.000 0.007 0.000
145.2 88 243.8
0.000 0.007 0.000
134.667 88 240.667
0.000 0.007 0.000
134.667 66 240.667
0.000 0.007 0.000
145.2 88 243.8
0.000 0.007 0.000
145.2 110 243.8
0.000 0.007 0.000
134.667 110 240.667
0.000 0.007 0.000
134.667 88 240.667
0.000 0.007 0.000
145.2 110 243.8
0.000 0.007 0.000
145.2 132 243.8
0.000 0.007 0.000
134.667 132 240.667
0.000 0.007 0.000
134.667 110 240.667
0.000 0.007 0.000
134.667 66 240.667
0.000 0.007 0.000
134.667 88 240.667
0.000 0.007 0.000
124.133 88 237.533
0.000 0.007 0.000
124.133 66 237.533
0.000 0.007 0.000
134.667 88 240.667
0.000 0.007 0.000
134.667 110 240.667
0.000 0.007 0.000
124.133 110 237.533
0.000 0.007 0.000
124.133 88 237.533
0.000 0.007 0.000
134.667 110 240.667
0.000 0.007 0.000
134.667 132 240.667
0.000 0.007 0.000
124.133 132 237.533
0.000 0.007 0.000
124.133 110 237.533
0.000 0.007 0.000
124.133 66 237.533
0.000 0.007 0.000
124.133 88 237.533
0.000 0.007 0.000
113.6 88 234.4
0.000 0.006 0.000
113.6 66 234.4
0.000 0.006 0.000
124.133 88 237.533
0.000 0.007 0.000
124.133 110 237.533
0.000 0.007 0.000
113.6 110 234.4
0.000 0.007 0.000
113.6 88 234.4
0.000 0.006 0.000
124.133 110 237.533
0.000 0.007 0.000
124.133 132 237.533
0.000 0.007 0.000
113.6 132 234.4
0.000 0.007 0.000
113.6 110 234.4
0.000 0.007 0.000
145.2 132 243.8
0.000 0.007 0.000
145.2 154 243.8
0.000 0.008 0.000
134.667 154 240.667
0.000 0.008 0.000
134.667 132 240.667
0.000 0.007 0.000
145.2 154 243.8
0.000 0.008 0.000
145.2 176 243.8
0.000 0.008 0.000
134.667 176 240.667
0.000 0.008 0.000
134.667 154 240.667
0.000 0.008 0.000
145.2 176 243.8
0.000 0.008 0.000
145.2 198 243.8
0.000 0.009 0.000
134.667 198 240.667
0.000 0.008 0.000
134.667 176 240.667
0.000 0.008 0.000
134.667 132 240.667
0.000 0.007 0.000
134.667 154 240.667
0.000 0.008 0.000
124.133 154 237.533
0.000 0.007 0.000
124.133 132 237.533
0.000 0.007 0.000
134.667 154 240.667
0.000 0.008 0.000
134.667 176 240.667
0.000 0.008 0.000
124.133 176 237.533
0.000 0.008 0.000
124.133 154 237.533
0.000 0.007 0.000
134.667 176 240.667
0.000 0.008 0.000
134.667 198 240.667
0.000 0.008 0.000
124.133 198 237.533
0.000 0.008 0.000
124.133 176 237.533
0.000 0.008 0.000
124.133 132 237.533
0.000 0.007 0.000
124.133 154 237.533
0.000 0.007 0.000
113.6 154 234.4
0.000 0.007 0.000
113.6 132 234.4
0.000 0.007 0.000
124.133 154 237.533
0.000 0.007 0.000
124.133 176 237.533
0.000 0.008 0.000
113.6 176 234.4
0.000 0.007 0.000
113.6 154 234.4
0.000 0.007 0.000
124.133 176 237.533
0.000 0.008 0.000
124.133 198 237.533
0.000 0.008 0.000
113.6 198 234.4
0.000 0.008 0.000
113.6 176 234.4
0.000 0.007 0.000
145.2 198 243.8
0.000 0.009 0.000
145.2 220 243.8
0.000 0.010 0.000
134.667 220 240.667
0.000 0.009 0.000
134.667 198 240.667
0.000 0.008 0.000
145.2 220 243.8
0.000 0.010 0.000
145.2 242 243.8
0.000 0.011 0.000
134.667 242 240.667
0.000 0.010 0.000
134.667 220 240.667
0.000 0.009 0.000
145.2 242 243.8
0.000 0.011 0.000
145.2 264 243.8
0.000 0.012 0.000
134.667 264 240.667
0.000 0.012 0.000
134.667 242 240.667
0.000 0.010 0.000
134.667 198 240.667
0.000 0.008 0.000
134.667 220 240.667
0.000 0.009 0.000
124.133 220 237.533
0.000 0.009 0.000
124.133 198 237.533
0.000 0.008 0.000
134.667 220 240.667
0.000 0.009 0.000
134.667 242 240.667
0.000 0.010 0.000
124.133 242 237.533
0.000 0.010 0.000
124.133 220 237.533
0.000 0.009 0.000
134.667 242 240.667
0.000 0.010 0.000
134.667 264 240.667
0.000 0.012 0.000
124.133 264 237.533
0.000 0.011 0.000
124.133 242 237.533
0.000 0.010 0.000
124.133 198 237.533
0.000 0.008 0.000
124.133 220 237.533
0.000 0.009 0.000
113.6 220 234.4
0.000 0.009 0.000
113.6 198 234.4
0.000 0.008 0.000
124.133 220 237.533
0.000 0.009 0.000
124.133 242 237.533
0.000 0.010 0.000
113.6 242 234.4
0.000 0.010 0.000
113.6 220 234.4
0.000 0.009 0.000
124.133 242 237.533
0.000 0.010 0.000
124.133 264 237.533
0.000 0.011 0.000
113.6 264 234.4
0.000 0.011 0.000
113.6 242 234.4
0.000 0.010 0.000
145.2 264 243.8
0.000 0.012 0.000
145.2 286 243.8
0.000 0.014 0.000
134.667 286 240.667
0.000 0.014 0.000
134.667 264 240.667
0.000 0.012 0.000
145.2 286 243.8
0.000 0.014 0.000
145.2 308 243.8
0.000 0.017 0.000
134.667 308 240.667
0.000 0.016 0.000
134.667 286 240.667
0.000 0.014 0.000
145.2 308 243.8
0.000 0.017 0.000
145.2 330 243.8
0.000 0.019 0.000
134.667 330 240.667
0.000 0.018 0.000
134.667 308 240.667
0.000 0.016 0.000
134.667 264 240.667
0.000 0.012 0.000
134.667 286 240.667
0.000 0.014 0.000
124.133 286 237.533
0.000 0.013 0.000
124.133 264 237.533
0.000 0.011 0.000
134.667 286 240.667
0.000 0.014 0.000
134.667 308 240.667
0.000 0.016 0.000
124.133 308 237.533
0.000 0.016 0.000
124.133 286 237.533
0.000 0.013 0.000
134.667 308 240.667
0.000 0.016 0.000
134.667 330 240.667
0.000 0.018 0.000
124.133 330 237.533
0.000 0.017 0.000
124.133 308 237.533
0.000 0.016 0.000
124.133 264 237.533
0.000 0.011 0.000
124.133 286 237.533
0.000 0.013 0.000
113.6 286 234.4
0.000 0.013 0.000
113.6 264 234.4
0.000 0.011 0.000
124.133 286 237.533
0.000 0.013 0.000
124.133 308 237.533
0.000 0.016 0.000
113.6 308 234.4
0.000 0.016 0.000
113.6 286 234.4
0.000 0.013 0.000
124.133 308 237.533
0.000 0.016 0.000
124.133 330 237.533
0.000 0.017 0.000
113.6 330 234.4
0.000 0.017 0.000
113.6 308 234.4
0.000 0.016 0.000
113.6 0 234.4
0.000 0.003 0.000
113.6 22 234.4
0.000 0.004 0.000
103.067 22 231.267
0.000 0.004 0.000
103.067 0 231.267
0.000 0.003 0.000
113.6 22 234.4
0.000 0.004 0.000
113.6 44 234.4
0.000 0.005 0.000
103.067 44 231.267
0.000 0.005 0.000
103.067 22 231.267
0.000 0.004 0.000
113.6 44 234.4
0.000 0.005 0.000
113.6 66 234.4
0.000 0.006 0.000
103.067 66 231.267
0.000 0.006 0.000
103.067 44 231.267
0.000 0.005 0.000
103.067 0 231.267
0.000 0.003 0.000
103.067 22 231.267
0.000 0.004 0.000
92.5333 22 228.133
0.000 0.003 0.000
92.5333 0 228.133
0.000 0.003 0.000
103.067 22 231.267
0.000 0.004 0.000
103.067 44 231.267
0.000 0.005 0.000
92.5333 44 228.133
0.000 0.005 0.000
92.5333 22 228.133
0.000 0.003 0.000
103.067 44 231.267
0.000 0.005 0.000
103.067 66 231.267
0.000 0.006 0.000
92.5333 66 228.133
0.000 0.005 0.000
92.5333 44 228.133
0.000 0.005 0.000
92.5333 0 228.133
0.000 0.003 0.000
92.5333 22 228.133
0.000 0.003 0.000
82 22 225
0.000 0.003 0.000
82 0 225
0.000 0.003 0.000
92.5333 22 228.133
0.000 0.003 0.000
92.5333 44 228.133
0.000 0.005 0.000
82 44 225
0.000 0.004 0.000
82 22 225
0.000 0.003 0.000
92.5333 44 228.133
0.000 0.005 0.000
92.5333 66 228.133
0.000 0.005 0.000
82 66 225
0.000 0.005 0.000
82 44 225
0.000 0.004 0.000
113.6 66 234.4
0.000 0.006 0.000
113.6 88 234.4
0.000 0.006 0.000
103.067 88 231.267
0.000 0.006 0.000
103.067 66 231.267
0.000 0.006 0.000
113.6 88 234.4
0.000 0.006 0.000
113.6 110 234.4
0.000 0.007 0.000
103.067 110 231.267
0.000 0.006 0.000
103.067 88 231.267
0.000 0.006 0.000
113.6 110 234.4
0.000 0.007 0.000
113.6 132 234.4
0.000 0.007 0.000
103.067 132 231.267
0.000 0.006 0.000
103.067 110 231.267
0.000 0.006 0.000
103.067 66 231.267
0.000 0.006 0.000
103.067 88 231.267
0.000 0.006 0.000
92.5333 88 228.133
0.000 0.006 0.000
92.5333 66 228.133
0.000 0.005 0.000
103.067 88 231.267
0.000 0.006 0.000
103.067 110 231.267
0.000 0.006 0.000
92.5333 110 228.133
0.000 0.006 0.000
92.5333 88 228.133
0.000 0.006 0.000
103.067 110 231.267
0.000 0.006 0.000
103.067 132 231.267
0.000 0.006 0.000
92.5333 132 228.133
0.000 0.006 0.000
92.5333 110 228.133
0.000 0.006 0.000
92.5333 66 228.133
0.000 0.005 0.000
92.5333 88 228.133
0.000 0.006 0.000
82 88 225
0.000 0.005 0.000
82 66 225
0.000 0.005 0.000
92.5333 88 228.133
0.000 0.006 0.000
92.5333 110 228.133
0.000 0.006 0.000
82 110 225
0.000 0.006 0.000
82 88 225
0.000 0.005 0.000
92.5333 110 228.133
0.000 0.006 0.000
92.5333 132 228.133
0.000 0.006 0.000
82 132 225
0.000 0.006 0.000
82 110 225
0.000 0.006 0.000
113.6 132 234.4
0.000 0.007 0.000
113.6 154 234.4
0.000 0.007 0.000
103.067 154 231.267
0.000 0.007 0.000
103.067 132 231.267
0.000 0.006 0.000
113.6 154 234.4
0.000 0.007 0.000
113.6 176 234.4
0.000 0.007 0.000
103.067 176 231.267
0.000 0.007 0.000
103.067 154 231.267
0.000 0.007 0.000
113.6 176 234.4
0.000 0.007 0.000
113.6 198 234.4
0.000 0.008 0.000
103.067 198 231.267
0.000 0.008 0.000
103.067 176 231.267
0.000 0.007 0.000
103.067 132 231.267
0.000 0.006 0.000
103.067 154 231.267
0.000 0.007 0.000
92.5333 154 228.133
0.000 0.006 0.000
92.5333 132 228.133
0.000 0.006 0.000
103.067 154 231.267
0.000 0.007 0.000
103.067 176 231.267
0.000 0.007 0.000
92.5333 176 228.133
0.000 0.007 0.000
92.5333 154 228.133
0.000 0.006 0.000
103.067 176 231.267
0.000 0.007 0.000
103.067 198 231.267
0.000 0.008 0.000
92.5333 198 228.133
0.000 0.007 0.000
92.5333 176 228.133
0.000 0.007 0.000
92.5333 132 228.133
0.000 0.006 0.000
92.5333 154 228.133
0.000 0.006 0.000
82 154 225
0.000 0.006 0.000
82 132 225
0.000 0.006 0.000
92.5333 154 228.133
0.000 0.006 0.000
92.5333 176 228.133
0.000 0.007 0.000
82 176 225
0.000 0.007 0.000
82 154 225
0.000 0.006 0.000
92.5333 176 228.133
0.000 0.007 0.000
92.5333 198 228.133
0.000 0.007 0.000
82 198 225
0.000 0.007 0.000
82 176 225
0.000 0.007 0.000
113.6 198 234.4
0.000 0.008 0.000
113.6 220 234.4
0.000 0.009 0.000
103.067 220 231.267
0.000 0.008 0.000
103.067 198 231.267
0.000 0.008 0.000
113.6 220 234.4
0.000 0.009 0.000
113.6 242 234.4
0.000 0.010 0.000
103.067 242 231.267
0.000 0.009 0.000
103.067 220 231.267
0.000 0.008 0.000
113.6 242 234.4
0.000 0.010 0.000
113.6 264 234.4
0.000 0.011 0.000
103.067 264 231.267
0.000 0.011 0.000
103.067 242 231.267
0.000 0.009 0.000
103.067 198 231.267
0.000 0.008 0.000
103.067 220 231.267
0.000 0.008 0.000
92.5333 220 228.133
0.000 0.008 0.000
92.5333 198 228.133
0.000 0.007 0.000
103.067 220 231.267
0.000 0.008 0.000
103.067 242 231.267
0.000 0.009 0.000
92.5333 242 228.133
0.000 0.009 0.000
92.5333 220 228.133
0.000 0.008 0.000
103.067 242 231.267
0.000 0.009 0.000
103.067 264 231.267
0.000 0.011 0.000
92.5333 264 228.133
0.000 0.011 0.000
92.5333 242 228.133
0.000 0.009 0.000
92.5333 198 228.133
0.000 0.007 0.000
92.5333 220 228.133
0.000 0.008 0.000
82 220 225
0.000 0.008 0.000
82 198 225
0.000 0.007 0.000
92.5333 220 228.133
0.000 0.008 0.000
92.5333 242 228.133
0.000 0.009 0.000
82 242 225
0.000 0.009 0.000
82 220 225
0.000 0.008 0.000
92.5333 242 228.133
0.000 0.009 0.000
92.5333 264 228.133
0.000 0.011 0.000
82 264 225
0.000 0.011 0.000
82 242 225
0.000 0.009 0.000
113.6 264 234.4
0.000 0.011 0.000
113.6 286 234.4
0.000 0.013 0.000
103.067 286 231.267
0.000 0.013 0.000
103.067 264 231.267
0.000 0.011 0.000
113.6 286 234.4
0.000 0.013 0.000
113.6 308 234.4
0.000 0.016 0.000
103.067 308 231.267
0.000 0.015 0.000
103.067 286 231.267
0.000 0.013 0.000
113.6 308 234.4
0.000 0.016 0.000
113.6 330 234.4
0.000 0.017 0.000
103.067 330 231.267
0.000 0.017 0.000
103.067 308 231.267
0.000 0.015 0.000
103.067 264 231.267
0.000 0.011 0.000
103.067 286 231.267
0.000 0.013 0.000
92.5333 286 228.133
0.000 0.013 0.000
92.5333 264 228.133
0.000 0.011 0.000
103.067 286 231.267
0.000 0.013 0.000
103.067 308 231.267
0.000 0.015 0.000
92.5333 308 228.133
0.000 0.016 0.000
92.5333 286 228.133
0.000 0.013 0.000
103.067 308 231.267
0.000 0.015 0.000
103.067 330 231.267
0.000 0.017 0.000
92.5333 330 228.133
0.000 0.019 0.000
92.5333 308 228.133
0.000 0.016 0.000
92.5333 264 228.133
0.000 0.011 0.000
92.5333 286 228.133
0.000 0.013 0.000
82 286 225
0.000 0.013 0.000
82 264 225
0.000 0.011 0.000
92.5333 286 228.133
0.000 0.013 0.000
92.5333 308 228.133
0.000 0.016 0.000
82 308 225
0.000 0.018 0.000
82 286 225
0.000 0.013 0.000
92.5333 308 228.133
0.000 0.016 0.000
92.5333 330 228.133
0.000 0.019 0.000
82 330 225
0.000 0.022 0.000
82 308 225
0.000 0.018 0.000
290 0 114
0.006 0.010 0.339
290 22 114
0.010 0.014 0.493
286.667 22 124.533
0.010 0.014 0.518
286.667 0 124.533
0.007 0.011 0.388
290 22 114
0.010 0.014 0.493
290 44 114
0.013 0.018 0.648
286.667 44 124.533
0.013 0.018 0.653
286.667 22 124.533
0.010 0.014 0.518
290 44 114
0.013 0.018 0.648
290 66 114
0.013 0.018 0.651
286.667 66 124.533
0.012 0.018 0.663
286.667 44 124.533
0.013 0.018 0.653
286.667 0 124.533
0.007 0.011 0.388
286.667 22 124.533
0.010 0.014 0.518
283.333 22 135.067
0.009 0.013 0.558
283.333 0 135.067
0.007 0.011 0.451
286.667 22 124.533
0.010 0.014 0.518
286.667 44 124.533
0.013 0.018 0.653
283.333 44 135.067
0.011 0.016 0.674
283.333 22 135.067
0.009 0.013 0.558
286.667 44 124.533
0.013 0.018 0.653
286.667 66 124.533
0.012 0.018 0.663
283.333 66 135.067
0.011 0.017 0.689
283.333 44 135.067
0.011 0.016 0.674
283.333 0 135.067
0.007 0.011 0.451
283.333 22 135.067
0.009 0.013 0.558
280 22 145.6
0.008 0.012 0.599
280 0 145.6
0.006 0.010 0.491
283.333 22 135.067
0.009 0.013 0.558
283.333 44 135.067
0.011 0.016 0.674
280 44 145.6
0.010 0.015 0.711
280 22 145.6
0.008 0.012 0.599
283.333 44 135.067
0.011 0.016 0.674
283.333 66 135.067
0.011 0.017 0.689
280 66 145.6
0.010 0.016 0.719
280 44 145.6
0.010 0.015 0.711
290 66 114
0.013 0.018 0.651
290 88 114
0.013 0.019 0.665
286.667 88 124.533
0.012 0.019 0.680
286.667 66 124.533
0.012 0.018 0.663
290 88 114
0.013 0.019 0.665
290 110 114
0.013 0.020 0.700
286.667 110 124.533
0.013 0.020 0.719
286.667 88 124.533
0.012 0.019 0.680
290 110 114
0.013 0.020 0.700
290 132 114
0.013 0.022 0.749
286.667 132 124.533
0.013 0.021 0.775
286.667 110 124.533
0.013 0.020 0.719
286.667 66 124.533
0.012 0.018 0.663
286.667 88 124.533
0.012 0.019 0.680
283.333 88 135.067
0.012 0.018 0.711
283.333 66 135.067
0.011 0.017 0.689
286.667 88 124.533
0.012 0.019 0.680
286.667 110 124.533
0.013 0.020 0.719
283.333 110 135.067
0.012 0.019 0.755
283.333 88 135.067
0.012 0.018 0.711
286.667 110 124.533
0.013 0.020 0.719
286.667 132 124.533
0.013 0.021 0.775
283.333 132 135.067
0.012 0.021 0.825
283.333 110 135.067
0.012 0.019 0.755
283.333 66 135.067
0.011 0.017 0.689
283.333 88 135.067
0.012 0.018 0.711
280 88 145.6
0.011 0.017 0.742
280 66 145.6
0.010 0.016 0.719
283.333 88 135.067
0.012 0.018 0.711
283.333 110 135.067
0.012 0.019 0.755
280 110 145.6
0.011 0.018 0.792
280 88 145.6
0.011 0.017 0.742
283.333 110 135.067
0.012 0.019 0.755
283.333 132 135.067
0.012 0.021 0.825
280 132 145.6
0.011 0.020 0.873
280 110 145.6
0.011 0.018 0.792
290 132 114
0.013 0.022 0.749
290 154 114
0.014 0.023 0.815
286.667 154 124.533
0.014 0.023 0.851
286.667 132 124.533
0.013 0.021 0.775
290 154 114
0.014 0.023 0.815
290 176 114
0.015 0.025 0.905
286.667 176 124.533
0.015 0.025 0.953
286.667 154 124.533
0.014 0.023 0.851
290 176 114
0.015 0.025 0.905
290 198 114
0.016 0.028 1.015
286.667 198 124.533
0.016 0.028 1.077
286.667 176 124.533
0.015 0.025 0.953
286.667 132 124.533
0.013 0.021 0.775
286.667 154 124.533
0.014 0.023 0.851
283.333 154 135.067
0.013 0.022 0.921
283.333 132 135.067
0.012 0.021 0.825
286.667 154 124.533
0.014 0.023 0.851
286.667 176 124.533
0.015 0.025 0.953
283.333 176 135.067
0.014 0.024 1.047
283.333 154 135.067
0.013 0.022 0.921
286.667 176 124.533
0.015 0.025 0.953
286.667 198 124.533
0.016 0.028 1.077
283.333 198 135.067
0.015 0.027 1.206
283.333 176 135.067
0.014 0.024 1.047
283.333 132 135.067
0.012 0.021 0.825
283.333 154 135.067
0.013 0.022 0.921
280 154 145.6
0.012 0.022 0.988
280 132 145.6
0.011 0.020 0.873
283.333 154 135.067
0.013 0.022 0.921
283.333 176 135.067
0.014 0.024 1.047
280 176 145.6
0.013 0.024 1.143
280 154 145.6
0.012 0.022 0.988
283.333 176 135.067
0.014 0.024 1.047
283.333 198 135.067
0.015 0.027 1.206
280 198 145.6
0.014 0.027 1.345
280 176 145.6
0.013 0.024 1.143
290 198 114
0.016 0.028 1.015
290 220 114
0.018 0.032 1.132
286.667 220 124.533
0.018 0.032 1.216
286.667 198 124.533
0.016 0.028 1.077
290 220 114
0.018 0.032 1.132
290 242 114
0.021 0.037 1.233
286.667 242 124.533
0.020 0.036 1.347
286.667 220 124.533
0.018 0.032 1.216
290 242 114
0.021 0.037 1.233
290 264 114
0.024 0.043 1.261
286.667 264 124.533
0.023 0.042 1.405
286.667 242 124.533
0.020 0.036 1.347
286.667 198 124.533
0.016 0.028 1.077
286.667 220 124.533
0.018 0.032 1.216
283.333 220 135.067
0.016 0.031 1.395
283.333 198 135.067
0.015 0.027 1.206
286.667 220 124.533
0.018 0.032 1.216
286.667 242 124.533
0.020 0.036 1.347
283.333 242 135.067
0.018 0.035 1.594
283.333 220 135.067
0.016 0.031 1.395
286.667 242 124.533
0.020 0.036 1.347
286.667 264 124.533
0.023 0.042 1.405
283.333 264 135.067
0.021 0.040 1.731
283.333 242 135.067
0.018 0.035 1.594
283.333 198 135.067
0.015 0.027 1.206
283.333 220 135.067
0.016 0.031 1.395
280 220 145.6
0.015 0.030 1.596
280 198 145.6
0.014 0.027 1.345
283.333 220 135.067
0.016 0.031 1.395
283.333 242 135.067
0.018 0.035 1.594
280 242 145.6
0.017 0.034 1.880
280 220 145.6
0.015 0.030 1.596
283.333 242 135.067
0.018 0.035 1.594
283.333 264 135.067
0.021 0.040 1.731
280 264 145.6
0.019 0.038 2.120
280 242 145.6
0.017 0.034 1.880
290 264 114
0.024 0.043 1.261
290 286 114
0.028 0.049 1.122
286.667 286 124.533
0.027 0.047 1.275
286.667 264 124.533
0.023 0.042 1.405
290 286 114
0.028 0.049 1.122
290 308 114
0.034 0.055 0.728
286.667 308 124.533
0.032 0.053 0.833
286.667 286 124.533
0.027 0.047 1.275
290 308 114
0.034 0.055 0.728
290 330 114
0.037 0.059 0.459
286.667 330 124.533
0.035 0.055 0.522
286.667 308 124.533
0.032 0.053 0.833
286.667 264 124.533
0.023 0.042 1.405
286.667 286 124.533
0.027 0.047 1.275
283.333 286 135.067
0.024 0.043 1.635
283.333 264 135.067
0.021 0.040 1.731
286.667 286 124.533
0.027 0.047 1.275
286.667 308 124.533
0.032 0.053 0.833
283.333 308 135.067
0.029 0.047 1.090
283.333 286 135.067
0.024 0.043 1.635
286.667 308 124.533
0.032 0.053 0.833
286.667 330 124.533
0.035 0.055 0.522
283.333 330 135.067
0.032 0.049 0.679
283.333 308 135.067
0.029 0.047 1.090
283.333 264 135.067
0.021 0.040 1.731
283.333 286 135.067
0.024 0.043 1.635
280 286 145.6
0.022 0.039 2.091
280 264 145.6
0.019 0.038 2.120
283.333 286 135.067
0.024 0.043 1.635
283.333 308 135.067
0.029 0.047 1.090
280 308 145.6
0.026 0.039 1.433
280 286 145.6
0.022 0.039 2.091
283.333 308 135.067
0.029 0.047 1.090
283.333 330 135.067
0.032 0.049 0.679
280 330 145.6
0.028 0.041 0.899
280 308 145.6
0.026 0.039 1.433
280 0 145.6
0.006 0.010 0.491
280 22 145.6
0.008 0.012 0.599
276.667 22 156.133
0.008 0.012 0.646
276.667 0 156.133
0.006 0.010 0.537
280 22 145.6
0.008 0.012 0.599
280 44 145.6
0.010 0.015 0.711
276.667 44 156.133
0.010 0.015 0.749
276.667 22 156.133
0.008 0.012 0.646
280 44 145.6
0.010 0.015 0.711
280 66 145.6
0.010 0.016 0.719
276.667 66 156.133
0.010 0.016 0.747
276.667 44 156.133
0.010 0.015 0.749
276.667 0 156.133
0.006 0.010 0.537
276.667 22 156.133
0.008 0.012 0.646
273.333 22 166.667
0.007 0.012 0.664
273.333 0 166.667
0.006 0.010 0.552
276.667 22 156.133
0.008 0.012 0.646
276.667 44 156.133
0.010 0.015 0.749
273.333 44 166.667
0.009 0.014 0.772
273.333 22 166.667
0.007 0.012 0.664
276.667 44 156.133
0.010 0.015 0.749
276.667 66 156.133
0.010 0.016 0.747
273.333 66 166.667
0.010 0.015 0.770
273.333 44 166.667
0.009 0.014 0.772
273.333 0 166.667
0.006 0.010 0.552
273.333 22 166.667
0.007 0.012 0.664
270 22 177.2
0.007 0.011 0.642
270 0 177.2
0.005 0.010 0.525
273.333 22 166.667
0.007 0.012 0.664
273.333 44 166.667
0.009 0.014 0.772
270 44 177.2
0.009 0.014 0.768
270 22 177.2
0.007 0.011 0.642
273.333 44 166.667
0.009 0.014 0.772
273.333 66 166.667
0.010 0.015 0.770
270 66 177.2
0.009 0.015 0.786
270 44 177.2
0.009 0.014 0.768
280 66 145.6
0.010 0.016 0.719
280 88 145.6
0.011 0.017 0.742
276.667 88 156.133
0.010 0.017 0.771
276.667 66 156.133
0.010 0.016 0.747
280 88 145.6
0.011 0.017 0.742
280 110 145.6
0.011 0.018 0.792
276.667 110 156.133
0.011 0.018 0.828
276.667 88 156.133
0.010 0.017 0.771
280 110 145.6
0.011 0.018 0.792
280 132 145.6
0.011 0.020 0.873
276.667 132 156.133
0.011 0.020 0.920
276.667 110 156.133
0.011 0.018 0.828
276.667 66 156.133
0.010 0.016 0.747
276.667 88 156.133
0.010 0.017 0.771
273.333 88 166.667
0.010 0.016 0.798
273.333 66 166.667
0.010 0.015 0.770
276.667 88 156.133
0.010 0.017 0.771
276.667 110 156.133
0.011 0.018 0.828
273.333 110 166.667
0.010 0.018 0.865
273.333 88 166.667
0.010 0.016 0.798
276.667 110 156.133
0.011 0.018 0.828
276.667 132 156.133
0.011 0.020 0.920
273.333 132 166.667
0.011 0.019 0.969
273.333 110 166.667
0.010 0.018 0.865
273.333 66 166.667
0.010 0.015 0.770
273.333 88 166.667
0.010 0.016 0.798
270 88 177.2
0.010 0.016 0.824
270 66 177.2
0.009 0.015 0.786
273.333 88 166.667
0.010 0.016 0.798
273.333 110 166.667
0.010 0.018 0.865
270 110 177.2
0.010 0.018 0.899
270 88 177.2
0.010 0.016 0.824
273.333 110 166.667
0.010 0.018 0.865
273.333 132 166.667
0.011 0.019 0.969
270 132 177.2
0.010 0.019 1.015
270 110 177.2
0.010 0.018 0.899
280 132 145.6
0.011 0.020 0.873
280 154 145.6
0.012 0.022 0.988
276.667 154 156.133
0.012 0.021 1.055
276.667 132 156.133
0.011 0.020 0.920
280 154 145.6
0.012 0.022 0.988
280 176 145.6
0.013 0.024 1.143
276.667 176 156.133
0.012 0.023 1.239
276.667 154 156.133
0.012 0.021 1.055
280 176 145.6
0.013 0.024 1.143
280 198 145.6
0.014 0.027 1.345
276.667 198 156.133
0.013 0.026 1.486
276.667 176 156.133
0.012 0.023 1.239
276.667 132 156.133
0.011 0.020 0.920
276.667 154 156.133
0.012 0.021 1.055
273.333 154 166.667
0.011 0.021 1.121
273.333 132 166.667
0.011 0.019 0.969
276.667 154 156.133
0.012 0.021 1.055
276.667 176 156.133
0.012 0.023 1.239
273.333 176 166.667
0.012 0.023 1.334
273.333 154 166.667
0.011 0.021 1.121
276.667 176 156.133
0.012 0.023 1.239
276.667 198 156.133
0.013 0.026 1.486
273.333 198 166.667
0.012 0.026 1.631
273.333 176 166.667
0.012 0.023 1.334
273.333 132 166.667
0.011 0.019 0.969
273.333 154 166.667
0.011 0.021 1.121
270 154 177.2
0.011 0.021 1.187
270 132 177.2
0.010 0.019 1.015
273.333 154 166.667
0.011 0.021 1.121
273.333 176 166.667
0.012 0.023 1.334
270 176 177.2
0.012 0.023 1.434
270 154 177.2
0.011 0.021 1.187
273.333 176 166.667
0.012 0.023 1.334
273.333 198 166.667
0.012 0.026 1.631
270 198 177.2
0.012 0.026 1.781
270 176 177.2
0.012 0.023 1.434
280 198 145.6
0.014 0.027 1.345
280 220 145.6
0.015 0.030 1.596
276.667 220 156.133
0.015 0.030 1.813
276.667 198 156.133
0.013 0.026 1.486
280 220 145.6
0.015 0.030 1.596
280 242 145.6
0.017 0.034 1.880
276.667 242 156.133
0.016 0.033 2.210
276.667 220 156.133
0.015 0.030 1.813
280 242 145.6
0.017 0.034 1.880
280 264 145.6
0.019 0.038 2.120
276.667 264 156.133
0.018 0.037 2.597
276.667 242 156.133
0.016 0.033 2.210
276.667 198 156.133
0.013 0.026 1.486
276.667 220 156.133
0.015 0.030 1.813
273.333 220 166.667
0.014 0.029 2.039
273.333 198 166.667
0.012 0.026 1.631
276.667 220 156.133
0.015 0.030 1.813
276.667 242 156.133
0.016 0.033 2.210
273.333 242 166.667
0.015 0.032 2.564
273.333 220 166.667
0.014 0.029 2.039
276.667 242 156.133
0.016 0.033 2.210
276.667 264 156.133
0.018 0.037 2.597
273.333 264 166.667
0.017 0.035 3.151
273.333 242 166.667
0.015 0.032 2.564
273.333 198 166.667
0.012 0.026 1.631
273.333 220 166.667
0.014 0.029 2.039
270 220 177.2
0.013 0.029 2.264
270 198 177.2
0.012 0.026 1.781
273.333 220 166.667
0.014 0.029 2.039
273.333 242 166.667
0.015 0.032 2.564
270 242 177.2
0.014 0.032 2.927
270 220 177.2
0.013 0.029 2.264
273.333 242 166.667
0.015 0.032 2.564
273.333 264 166.667
0.017 0.035 3.151
270 264 177.2
0.016 0.033 3.756
270 242 177.2
0.014 0.032 2.927
280 264 145.6
0.019 0.038 2.120
280 286 145.6
0.022 0.039 2.091
276.667 286 156.133
0.021 0.035 2.689
276.667 264 156.133
0.018 0.037 2.597
280 286 145.6
0.022 0.039 2.091
280 308 145.6
0.026 0.039 1.433
276.667 308 156.133
0.024 0.033 1.912
276.667 286 156.133
0.021 0.035 2.689
280 308 145.6
0.026 0.039 1.433
280 330 145.6
0.028 0.041 0.899
276.667 330 156.133
0.026 0.034 1.220
276.667 308 156.133
0.024 0.033 1.912
276.667 264 156.133
0.018 0.037 2.597
276.667 286 156.133
0.021 0.035 2.689
273.333 286 166.667
0.019 0.031 3.463
273.333 264 166.667
0.017 0.035 3.151
276.667 286 156.133
0.021 0.035 2.689
276.667 308 156.133
0.024 0.033 1.912
273.333 308 166.667
0.022 0.027 2.598
273.333 286 166.667
0.019 0.031 3.463
276.667 308 156.133
0.024 0.033 1.912
276.667 330 156.133
0.026 0.034 1.220
273.333 330 166.667
0.024 0.028 1.715
273.333 308 166.667
0.022 0.027 2.598
273.333 264 166.667
0.017 0.035 3.151
273.333 286 166.667
0.019 0.031 3.463
270 286 177.2
0.017 0.026 4.426
270 264 177.2
0.016 0.033 3.756
273.333 286 166.667
0.019 0.031 3.463
273.333 308 166.667
0.022 0.027 2.598
270 308 177.2
0.020 0.021 3.598
270 286 177.2
0.017 0.026 4.426
273.333 308 166.667
0.022 0.027 2.598
273.333 330 166.667
0.024 0.028 1.715
270 330 177.2
0.021 0.022 2.547
270 308 177.2
0.020 0.021 3.598
270 0 177.2
0.005 0.010 0.525
270 22 177.2
0.007 0.011 0.642
266.667 22 187.733
0.006 0.011 0.607
266.667 0 187.733
0.005 0.009 0.484
270 22 177.2
0.007 0.011 0.642
270 44 177.2
0.009 0.014 0.768
266.667 44 187.733
0.008 0.013 0.757
266.667 22 187.733
0.006 0.011 0.607
270 44 177.2
0.009 0.014 0.768
270 66 177.2
0.009 0.015 0.786
266.667 66 187.733
0.009 0.015 0.802
266.667 44 187.733
0.008 0.013 0.757
266.667 0 187.733
0.005 0.009 0.484
266.667 22 187.733
0.006 0.011 0.607
263.333 22 198.267
0.006 0.010 0.587
263.333 0 198.267
0.004 0.008 0.462
266.667 22 187.733
0.006 0.011 0.607
266.667 44 187.733
0.008 0.013 0.757
263.333 44 198.267
0.007 0.013 0.750
263.333 22 198.267
0.006 0.010 0.587
266.667 44 187.733
0.008 0.013 0.757
266.667 66 187.733
0.009 0.015 0.802
263.333 66 198.267
0.008 0.014 0.811
263.333 44 198.267
0.007 0.013 0.750
263.333 0 198.267
0.004 0.008 0.462
263.333 22 198.267
0.006 0.010 0.587
260 22 208.8
0.005 0.010 0.592
260 0 208.8
0.004 0.008 0.471
263.333 22 198.267
0.006 0.010 0.587
263.333 44 198.267
0.007 0.013 0.750
260 44 208.8
0.007 0.012 0.756
260 22 208.8
0.005 0.010 0.592
263.333 44 198.267
0.007 0.013 0.750
263.333 66 198.267
0.008 0.014 0.811
260 66 208.8
0.008 0.014 0.822
260 44 208.8
0.007 0.012 0.756
270 66 177.2
0.009 0.015 0.786
270 88 177.2
0.010 0.016 0.824
266.667 88 187.733
0.009 0.016 0.849
266.667 66 187.733
0.009 0.015 0.802
270 88 177.2
0.010 0.016 0.824
270 110 177.2
0.010 0.018 0.899
266.667 110 187.733
0.010 0.018 0.929
266.667 88 187.733
0.009 0.016 0.849
270 110 177.2
0.010 0.018 0.899
270 132 177.2
0.010 0.019 1.015
266.667 132 187.733
0.010 0.019 1.058
266.667 110 187.733
0.010 0.018 0.929
266.667 66 187.733
0.009 0.015 0.802
266.667 88 187.733
0.009 0.016 0.849
263.333 88 198.267
0.009 0.016 0.868
263.333 66 198.267
0.008 0.014 0.811
266.667 88 187.733
0.009 0.016 0.849
266.667 110 187.733
0.010 0.018 0.929
263.333 110 198.267
0.009 0.017 0.957
263.333 88 198.267
0.009 0.016 0.868
266.667 110 187.733
0.010 0.018 0.929
266.667 132 187.733
0.010 0.019 1.058
263.333 132 198.267
0.010 0.019 1.099
263.333 110 198.267
0.009 0.017 0.957
263.333 66 198.267
0.008 0.014 0.811
263.333 88 198.267
0.009 0.016 0.868
260 88 208.8
0.008 0.015 0.883
260 66 208.8
0.008 0.014 0.822
263.333 88 198.267
0.009 0.016 0.868
263.333 110 198.267
0.009 0.017 0.957
260 110 208.8
0.009 0.017 0.982
260 88 208.8
0.008 0.015 0.883
263.333 110 198.267
0.009 0.017 0.957
263.333 132 198.267
0.010 0.019 1.099
260 132 208.8
0.009 0.018 1.133
260 110 208.8
0.009 0.017 0.982
270 132 177.2
0.010 0.019 1.015
270 154 177.2
0.011 0.021 1.187
266.667 154 187.733
0.011 0.021 1.251
266.667 132 187.733
0.010 0.019 1.058
270 154 177.2
0.011 0.021 1.187
270 176 177.2
0.012 0.023 1.434
266.667 176 187.733
0.011 0.023 1.527
266.667 154 187.733
0.011 0.021 1.251
270 176 177.2
0.012 0.023 1.434
270 198 177.2
0.012 0.026 1.781
266.667 198 187.733
0.012 0.025 1.921
266.667 176 187.733
0.011 0.023 1.527
266.667 132 187.733
0.010 0.019 1.058
266.667 154 187.733
0.011 0.021 1.251
263.333 154 198.267
0.010 0.020 1.308
263.333 132 198.267
0.010 0.019 1.099
266.667 154 187.733
0.011 0.021 1.251
266.667 176 187.733
0.011 0.023 1.527
263.333 176 198.267
0.011 0.022 1.612
263.333 154 198.267
0.010 0.020 1.308
266.667 176 187.733
0.011 0.023 1.527
266.667 198 187.733
0.012 0.025 1.921
263.333 198 198.267
0.011 0.025 2.057
263.333 176 198.267
0.011 0.022 1.612
263.333 132 198.267
0.010 0.019 1.099
263.333 154 198.267
0.010 0.020 1.308
260 154 208.8
0.009 0.019 1.358
260 132 208.8
0.009 0.018 1.133
263.333 154 198.267
0.010 0.020 1.308
263.333 176 198.267
0.011 0.022 1.612
260 176 208.8
0.010 0.021 1.690
260 154 208.8
0.009 0.019 1.358
263.333 176 198.267
0.011 0.022 1.612
263.333 198 198.267
0.011 0.025 2.057
260 198 208.8
0.010 0.024 2.180
260 176 208.8
0.010 0.021 1.690
270 198 177.2
0.012 0.026 1.781
270 220 177.2
0.013 0.029 2.264
266.667 220 187.733
0.013 0.028 2.489
266.667 198 187.733
0.012 0.025 1.921
270 220 177.2
0.013 0.029 2.264
270 242 177.2
0.014 0.032 2.927
266.667 242 187.733
0.014 0.031 3.302
266.667 220 187.733
0.013 0.028 2.489
270 242 177.2
0.014 0.032 2.927
270 264 177.2
0.016 0.033 3.756
266.667 264 187.733
0.015 0.030 4.423
266.667 242 187.733
0.014 0.031 3.302
266.667 198 187.733
0.012 0.025 1.921
266.667 220 187.733
0.013 0.028 2.489
263.333 220 198.267
0.012 0.027 2.710
263.333 198 198.267
0.011 0.025 2.057
266.667 220 187.733
0.013 0.028 2.489
266.667 242 187.733
0.014 0.031 3.302
263.333 242 198.267
0.012 0.030 3.675
263.333 220 198.267
0.012 0.027 2.710
266.667 242 187.733
0.014 0.031 3.302
266.667 264 187.733
0.015 0.030 4.423
263.333 264 198.267
0.013 0.026 5.126
263.333 242 198.267
0.012 0.030 3.675
263.333 198 198.267
0.011 0.025 2.057
263.333 220 198.267
0.012 0.027 2.710
260 220 208.8
0.011 0.026 2.907
260 198 208.8
0.010 0.024 2.180
263.333 220 198.267
0.012 0.027 2.710
263.333 242 198.267
0.012 0.030 3.675
260 242 208.8
0.011 0.028 4.014
260 220 208.8
0.011 0.026 2.907
263.333 242 198.267
0.012 0.030 3.675
263.333 264 198.267
0.013 0.026 5.126
260 264 208.8
0.011 0.023 5.804
260 242 208.8
0.011 0.028 4.014
270 264 177.2
0.016 0.033 3.756
270 286 177.2
0.017 0.026 4.426
266.667 286 187.733
0.016 0.022 5.714
266.667 264 187.733
0.015 0.030 4.423
270 286 177.2
0.017 0.026 4.426
270 308 177.2
0.020 0.021 3.598
266.667 308 187.733
0.018 0.018 5.370
266.667 286 187.733
0.016 0.022 5.714
270 308 177.2
0.020 0.021 3.598
270 330 177.2
0.021 0.022 2.547
266.667 330 187.733
0.019 0.019 4.377
266.667 308 187.733
0.018 0.018 5.370
266.667 264 187.733
0.015 0.030 4.423
266.667 286 187.733
0.016 0.022 5.714
263.333 286 198.267
0.014 0.018 7.467
263.333 264 198.267
0.013 0.026 5.126
266.667 286 187.733
0.016 0.022 5.714
266.667 308 187.733
0.018 0.018 5.370
263.333 308 198.267
0.014 0.014 7.829
263.333 286 198.267
0.014 0.018 7.467
266.667 308 187.733
0.018 0.018 5.370
266.667 330 187.733
0.019 0.019 4.377
263.333 330 198.267
0.014 0.014 6.726
263.333 308 198.267
0.014 0.014 7.829
263.333 264 198.267
0.013 0.026 5.126
263.333 286 198.267
0.014 0.018 7.467
260 286 208.8
0.012 0.015 9.393
260 264 208.8
0.011 0.023 5.804
263.333 286 198.267
0.014 0.018 7.467
263.333 308 198.267
0.014 0.014 7.829
260 308 208.8
0.011 0.011 9.111
260 286 208.8
0.012 0.015 9.393
263.333 308 198.267
0.014 0.014 7.829
263.333 330 198.267
0.014 0.014 6.726
260 330 208.8
0.009 0.009 6.359
260 308 208.8
0.011 0.011 9.111
260 0 208.8
0.004 0.008 0.471
260 22 208.8
0.005 0.010 0.592
256.667 22 219.333
0.005 0.009 0.600
256.667 0 219.333
0.004 0.008 0.462
260 22 208.8
0.005 0.010 0.592
260 44 208.8
0.007 0.012 0.756
256.667 44 219.333
0.007 0.012 0.776
256.667 22 219.333
0.005 0.009 0.600
260 44 208.8
0.007 0.012 0.756
260 66 208.8
0.008 0.014 0.822
256.667 66 219.333
0.007 0.013 0.838
256.667 44 219.333
0.007 0.012 0.776
256.667 0 219.333
0.004 0.008 0.462
256.667 22 219.333
0.005 0.009 0.600
253.333 22 229.867
0.005 0.009 0.610
253.333 0 229.867
0.003 0.008 0.444
256.667 22 219.333
0.005 0.009 0.600
256.667 44 219.333
0.007 0.012 0.776
253.333 44 229.867
0.006 0.012 0.797
253.333 22 229.867
0.005 0.009 0.610
256.667 44 219.333
0.007 0.012 0.776
256.667 66 219.333
0.007 0.013 0.838
253.333 66 229.867
0.007 0.013 0.844
253.333 44 229.867
0.006 0.012 0.797
253.333 0 229.867
0.003 0.008 0.444
253.333 22 229.867
0.005 0.009 0.610
250 22 240.4
0.005 0.009 0.622
250 0 240.4
0.003 0.007 0.438
253.333 22 229.867
0.005 0.009 0.610
253.333 44 229.867
0.006 0.012 0.797
250 44 240.4
0.006 0.012 0.814
250 22 240.4
0.005 0.009 0.622
253.333 44 229.867
0.006 0.012 0.797
253.333 66 229.867
0.007 0.013 0.844
250 66 240.4
0.007 0.013 0.849
250 44 240.4
0.006 0.012 0.814
260 66 208.8
0.008 0.014 0.822
260 88 208.8
0.008 0.015 0.883
256.667 88 219.333
0.008 0.015 0.900
256.667 66 219.333
0.007 0.013 0.838
260 88 208.8
0.008 0.015 0.883
260 110 208.8
0.009 0.017 0.982
256.667 110 219.333
0.008 0.016 1.001
256.667 88 219.333
0.008 0.015 0.900
260 110 208.8
0.009 0.017 0.982
260 132 208.8
0.009 0.018 1.133
256.667 132 219.333
0.009 0.018 1.161
256.667 110 219.333
0.008 0.016 1.001
256.667 66 219.333
0.007 0.013 0.838
256.667 88 219.333
0.008 0.015 0.900
253.333 88 229.867
0.008 0.015 0.911
253.333 66 229.867
0.007 0.013 0.844
256.667 88 219.333
0.008 0.015 0.900
256.667 110 219.333
0.008 0.016 1.001
253.333 110 229.867
0.008 0.016 1.018
253.333 88 229.867
0.008 0.015 0.911
256.667 110 219.333
0.008 0.016 1.001
256.667 132 219.333
0.009 0.018 1.161
253.333 132 229.867
0.008 0.017 1.185
253.333 110 229.867
0.008 0.016 1.018
253.333 66 229.867
0.007 0.013 0.844
253.333 88 229.867
0.008 0.015 0.911
250 88 240.4
0.007 0.014 0.919
250 66 240.4
0.007 0.013 0.849
253.333 88 229.867
0.008 0.015 0.911
253.333 110 229.867
0.008 0.016 1.018
250 110 240.4
0.008 0.016 1.028
250 88 240.4
0.007 0.014 0.919
253.333 110 229.867
0.008 0.016 1.018
253.333 132 229.867
0.008 0.017 1.185
250 132 240.4
0.008 0.017 1.200
250 110 240.4
0.008 0.016 1.028
260 132 208.8
0.009 0.018 1.133
260 154 208.8
0.009 0.019 1.358
256.667 154 219.333
0.009 0.019 1.401
256.667 132 219.333
0.009 0.018 1.161
260 154 208.8
0.009 0.019 1.358
260 176 208.8
0.010 0.021 1.690
256.667 176 219.333
0.009 0.021 1.756
256.667 154 219.333
0.009 0.019 1.401
260 176 208.8
0.010 0.021 1.690
260 198 208.8
0.010 0.024 2.180
256.667 198 219.333
0.010 0.023 2.281
256.667 176 219.333
0.009 0.021 1.756
256.667 132 219.333
0.009 0.018 1.161
256.667 154 219.333
0.009 0.019 1.401
253.333 154 229.867
0.009 0.019 1.435
253.333 132 229.867
0.008 0.017 1.185
256.667 154 219.333
0.009 0.019 1.401
256.667 176 219.333
0.009 0.021 1.756
253.333 176 229.867
0.009 0.021 1.806
253.333 154 229.867
0.009 0.019 1.435
256.667 176 219.333
0.009 0.021 1.756
256.667 198 219.333
0.010 0.023 2.281
253.333 198 229.867
0.009 0.023 2.360
253.333 176 229.867
0.009 0.021 1.806
253.333 132 229.867
0.008 0.017 1.185
253.333 154 229.867
0.009 0.019 1.435
250 154 240.4
0.008 0.018 1.458
250 132 240.4
0.008 0.017 1.200
253.333 154 229.867
0.009 0.019 1.435
253.333 176 229.867
0.009 0.021 1.806
250 176 240.4
0.009 0.021 1.841
250 154 240.4
0.008 0.018 1.458
253.333 176 229.867
0.009 0.021 1.806
253.333 198 229.867
0.009 0.023 2.360
250 198 240.4
0.009 0.023 2.413
250 176 240.4
0.009 0.021 1.841
260 198 208.8
0.010 0.024 2.180
260 220 208.8
0.011 0.026 2.907
256.667 220 219.333
0.010 0.026 3.073
256.667 198 219.333
0.010 0.023 2.281
260 220 208.8
0.011 0.026 2.907
260 242 208.8
0.011 0.028 4.014
256.667 242 219.333
0.010 0.026 4.300
256.667 220 219.333
0.010 0.026 3.073
260 242 208.8
0.011 0.028 4.014
260 264 208.8
0.011 0.023 5.804
256.667 264 219.333
0.011 0.020 6.359
256.667 242 219.333
0.010 0.026 4.300
256.667 198 219.333
0.010 0.023 2.281
256.667 220 219.333
0.010 0.026 3.073
253.333 220 229.867
0.010 0.025 3.197
253.333 198 229.867
0.009 0.023 2.360
256.667 220 219.333
0.010 0.026 3.073
256.667 242 219.333
0.010 0.026 4.300
253.333 242 229.867
0.010 0.025 4.510
253.333 220 229.867
0.010 0.025 3.197
256.667 242 219.333
0.010 0.026 4.300
256.667 264 219.333
0.011 0.020 6.359
253.333 264 229.867
0.010 0.017 6.736
253.333 242 229.867
0.010 0.025 4.510
253.333 198 229.867
0.009 0.023 2.360
253.333 220 229.867
0.010 0.025 3.197
250 220 240.4
0.009 0.025 3.276
250 198 240.4
0.009 0.023 2.413
253.333 220 229.867
0.010 0.025 3.197
253.333 242 229.867
0.010 0.025 4.510
250 242 240.4
0.010 0.023 4.642
250 220 240.4
0.009 0.025 3.276
253.333 242 229.867
0.010 0.025 4.510
253.333 264 229.867
0.010 0.017 6.736
250 264 240.4
0.010 0.015 6.942
250 242 240.4
0.010 0.023 4.642
260 264 208.8
0.011 0.023 5.804
260 286 208.8
0.012 0.015 9.393
256.667 286 219.333
0.011 0.013 10.670
256.667 264 219.333
0.011 0.020 6.359
260 286 208.8
0.012 0.015 9.393
260 308 208.8
0.011 0.011 9.111
256.667 308 219.333
0.009 0.009 10.395
256.667 286 219.333
0.011 0.013 10.670
260 308 208.8
0.011 0.011 9.111
260 330 208.8
0.009 0.009 6.359
256.667 330 219.333
0.007 0.007 7.118
256.667 308 219.333
0.009 0.009 10.395
256.667 264 219.333
0.011 0.020 6.359
256.667 286 219.333
0.011 0.013 10.670
253.333 286 229.867
0.010 0.010 11.014
253.333 264 229.867
0.010 0.017 6.736
256.667 286 219.333
0.011 0.013 10.670
256.667 308 219.333
0.009 0.009 10.395
253.333 308 229.867
0.007 0.007 12.467
253.333 286 229.867
0.010 0.010 11.014
256.667 308 219.333
0.009 0.009 10.395
256.667 330 219.333
0.007 0.007 7.118
253.333 330 229.867
0.005 0.005 11.062
253.333 308 229.867
0.007 0.007 12.467
253.333 264 229.867
0.010 0.017 6.736
253.333 286 229.867
0.010 0.010 11.014
250 286 240.4
0.009 0.009 10.918
250 264 240.4
0.010 0.015 6.942
253.333 286 229.867
0.010 0.010 11.014
253.333 308 229.867
0.007 0.007 12.467
250 308 240.4
0.006 0.006 12.663
250 286 240.4
0.009 0.009 10.918
253.333 308 229.867
0.007 0.007 12.467
253.333 330 229.867
0.005 0.005 11.062
250 330 240.4
0.004 0.004 11.890
250 308 240.4
0.006 0.006 12.663
250 0 240.4
0.003 0.007 0.438
250 22 240.4
0.005 0.009 0.622
246.667 22 250.933
0.004 0.009 0.616
246.667 0 250.933
0.003 0.007 0.429
250 22 240.4
0.005 0.009 0.622
250 44 240.4
0.006 0.012 0.814
246.667 44 250.933
0.006 0.012 0.813
246.667 22 250.933
0.004 0.009 0.616
250 44 240.4
0.006 0.012 0.814
250 66 240.4
0.007 0.013 0.849
246.667 66 250.933
0.007 0.013 0.851
246.667 44 250.933
0.006 0.012 0.813
246.667 0 250.933
0.003 0.007 0.429
246.667 22 250.933
0.004 0.009 0.616
243.333 22 261.467
0.004 0.009 0.608
243.333 0 261.467
0.003 0.007 0.445
246.667 22 250.933
0.004 0.009 0.616
246.667 44 250.933
0.006 0.012 0.813
243.333 44 261.467
0.006 0.011 0.794
243.333 22 261.467
0.004 0.009 0.608
246.667 44 250.933
0.006 0.012 0.813
246.667 66 250.933
0.007 0.013 0.851
243.333 66 261.467
0.007 0.013 0.845
243.333 44 261.467
0.006 0.011 0.794
243.333 0 261.467
0.003 0.007 0.445
243.333 22 261.467
0.004 0.009 0.608
240 22 272
0.004 0.009 0.606
240 0 272
0.003 0.007 0.462
243.333 22 261.467
0.004 0.009 0.608
243.333 44 261.467
0.006 0.011 0.794
240 44 272
0.006 0.011 0.783
240 22 272
0.004 0.009 0.606
243.333 44 261.467
0.006 0.011 0.794
243.333 66 261.467
0.007 0.013 0.845
240 66 272
0.007 0.012 0.842
240 44 272
0.006 0.011 0.783
250 66 240.4
0.007 0.013 0.849
250 88 240.4
0.007 0.014 0.919
246.667 88 250.933
0.007 0.014 0.922
246.667 66 250.933
0.007 0.013 0.851
250 88 240.4
0.007 0.014 0.919
250 110 240.4
0.008 0.016 1.028
246.667 110 250.933
0.008 0.016 1.034
246.667 88 250.933
0.007 0.014 0.922
250 110 240.4
0.008 0.016 1.028
250 132 240.4
0.008 0.017 1.200
246.667 132 250.933
0.008 0.017 1.208
246.667 110 250.933
0.008 0.016 1.034
246.667 66 250.933
0.007 0.013 0.851
246.667 88 250.933
0.007 0.014 0.922
243.333 88 261.467
0.007 0.014 0.918
243.333 66 261.467
0.007 0.013 0.845
246.667 88 250.933
0.007 0.014 0.922
246.667 110 250.933
0.008 0.016 1.034
243.333 110 261.467
0.008 0.015 1.033
243.333 88 261.467
0.007 0.014 0.918
246.667 110 250.933
0.008 0.016 1.034
246.667 132 250.933
0.008 0.017 1.208
243.333 132 261.467
0.008 0.017 1.206
243.333 110 261.467
0.008 0.015 1.033
243.333 66 261.467
0.007 0.013 0.845
243.333 88 261.467
0.007 0.014 0.918
240 88 272
0.007 0.014 0.915
240 66 272
0.007 0.012 0.842
243.333 88 261.467
0.007 0.014 0.918
243.333 110 261.467
0.008 0.015 1.033
240 110 272
0.008 0.015 1.028
240 88 272
0.007 0.014 0.915
243.333 110 261.467
0.008 0.015 1.033
243.333 132 261.467
0.008 0.017 1.206
240 132 272
0.008 0.016 1.202
240 110 272
0.008 0.015 1.028
250 132 240.4
0.008 0.017 1.200
250 154 240.4
0.008 0.018 1.458
246.667 154 250.933
0.008 0.018 1.469
246.667 132 250.933
0.008 0.017 1.208
250 154 240.4
0.008 0.018 1.458
250 176 240.4
0.009 0.021 1.841
246.667 176 250.933
0.008 0.020 1.857
246.667 154 250.933
0.008 0.018 1.469
250 176 240.4
0.009 0.021 1.841
250 198 240.4
0.009 0.023 2.413
246.667 198 250.933
0.009 0.022 2.435
246.667 176 250.933
0.008 0.020 1.857
246.667 132 250.933
0.008 0.017 1.208
246.667 154 250.933
0.008 0.018 1.469
243.333 154 261.467
0.008 0.018 1.468
243.333 132 261.467
0.008 0.017 1.206
246.667 154 250.933
0.008 0.018 1.469
246.667 176 250.933
0.008 0.020 1.857
243.333 176 261.467
0.008 0.020 1.855
243.333 154 261.467
0.008 0.018 1.468
246.667 176 250.933
0.008 0.020 1.857
246.667 198 250.933
0.009 0.022 2.435
243.333 198 261.467
0.008 0.022 2.429
243.333 176 261.467
0.008 0.020 1.855
243.333 132 261.467
0.008 0.017 1.206
243.333 154 261.467
0.008 0.018 1.468
240 154 272
0.008 0.018 1.465
240 132 272
0.008 0.016 1.202
243.333 154 261.467
0.008 0.018 1.468
243.333 176 261.467
0.008 0.020 1.855
240 176 272
0.008 0.020 1.849
240 154 272
0.008 0.018 1.465
243.333 176 261.467
0.008 0.020 1.855
243.333 198 261.467
0.008 0.022 2.429
240 198 272
0.008 0.022 2.420
240 176 272
0.008 0.020 1.849
250 198 240.4
0.009 0.023 2.413
250 220 240.4
0.009 0.025 3.276
246.667 220 250.933
0.009 0.023 3.308
246.667 198 250.933
0.009 0.022 2.435
250 220 240.4
0.009 0.025 3.276
250 242 240.4
0.010 0.023 4.642
246.667 242 250.933
0.009 0.020 4.678
246.667 220 250.933
0.009 0.023 3.308
250 242 240.4
0.010 0.023 4.642
250 264 240.4
0.010 0.015 6.942
246.667 264 250.933
0.009 0.013 6.920
246.667 242 250.933
0.009 0.020 4.678
246.667 198 250.933
0.009 0.022 2.435
246.667 220 250.933
0.009 0.023 3.308
243.333 220 261.467
0.009 0.022 3.291
243.333 198 261.467
0.008 0.022 2.429
246.667 220 250.933
0.009 0.023 3.308
246.667 242 250.933
0.009 0.020 4.678
243.333 242 261.467
0.009 0.018 4.611
243.333 220 261.467
0.009 0.022 3.291
246.667 242 250.933
0.009 0.020 4.678
246.667 264 250.933
0.009 0.013 6.920
243.333 264 261.467
0.008 0.011 6.672
243.333 242 261.467
0.009 0.018 4.611
243.333 198 261.467
0.008 0.022 2.429
243.333 220 261.467
0.009 0.022 3.291
240 220 272
0.009 0.022 3.273
240 198 272
0.008 0.022 2.420
243.333 220 261.467
0.009 0.022 3.291
243.333 242 261.467
0.009 0.018 4.611
240 242 272
0.008 0.017 4.560
240 220 272
0.009 0.022 3.273
243.333 242 261.467
0.009 0.018 4.611
243.333 264 261.467
0.008 0.011 6.672
240 264 272
0.008 0.010 6.509
240 242 272
0.008 0.017 4.560
250 264 240.4
0.010 0.015 6.942
250 286 240.4
0.009 0.009 10.918
246.667 286 250.933
0.008 0.008 10.471
246.667 264 250.933
0.009 0.013 6.920
250 286 240.4
0.009 0.009 10.918
250 308 240.4
0.006 0.006 12.663
246.667 308 250.933
0.005 0.005 11.325
246.667 286 250.933
0.008 0.008 10.471
250 308 240.4
0.006 0.006 12.663
250 330 240.4
0.004 0.004 11.890
246.667 330 250.933
0.004 0.004 10.029
246.667 308 250.933
0.005 0.005 11.325
246.667 264 250.933
0.009 0.013 6.920
246.667 286 250.933
0.008 0.008 10.471
243.333 286 261.467
0.007 0.007 9.588
243.333 264 261.467
0.008 0.011 6.672
246.667 286 250.933
0.008 0.008 10.471
246.667 308 250.933
0.005 0.005 11.325
243.333 308 261.467
0.005 0.005 9.628
243.333 286 261.467
0.007 0.007 9.588
246.667 308 250.933
0.005 0.005 11.325
246.667 330 250.933
0.004 0.004 10.029
243.333 330 261.467
0.003 0.003 8.012
243.333 308 261.467
0.005 0.005 9.628
243.333 264 261.467
0.008 0.011 6.672
243.333 286 261.467
0.007 0.007 9.588
240 286 272
0.006 0.006 9.066
240 264 272
0.008 0.010 6.509
243.333 286 261.467
0.007 0.007 9.588
243.333 308 261.467
0.005 0.005 9.628
240 308 272
0.004 0.004 8.683
240 286 272
0.006 0.006 9.066
243.333 308 261.467
0.005 0.005 9.628
243.333 330 261.467
0.003 0.003 8.012
240 330 272
0.003 0.003 6.915
240 308 272
0.004 0.004 8.683
130 330 65
0.320 0.302 0.305
122 330 91.6667
0.301 0.279 0.282
148.611 330 99.7778
0.299 0.277 0.281
156.667 330 73.1667
0.309 0.291 0.294
122 330 91.6667
0.301 0.279 0.282
114 330 118.333
0.283 0.250 0.255
140.556 330 126.389
0.291 0.260 0.266
148.611 330 99.7778
0.299 0.277 0.281
156.667 330 73.1667
0.309 0.291 0.294
148.611 330 99.7778
0.299 0.277 0.281
175.222 330 107.889
0.299 0.279 0.283
183.333 330 81.3333
0.302 0.285 0.289
148.611 330 99.7778
0.299 0.277 0.281
140.556 330 126.389
0.291 0.260 0.266
167.111 330 134.444
0.296 0.268 0.274
175.222 330 107.889
0.299 0.279 0.283
114 330 118.333
0.283 0.250 0.255
106 330 145
0.283 0.239 0.244
132.5 330 153
0.293 0.251 0.257
140.556 330 126.389
0.291 0.260 0.266
106 330 145
0.283 0.239 0.244
98 330 171.667
0.284 0.225 0.231
124.444 330 179.611
0.291 0.236 0.242
132.5 330 153
0.293 0.251 0.257
140.556 330 126.389
0.291 0.260 0.266
132.5 330 153
0.293 0.251 0.257
159 330 161
0.295 0.259 0.265
167.111 330 134.444
0.296 0.268 0.274
132.5 330 153
0.293 0.251 0.257
124.444 330 179.611
0.291 0.236 0.242
150.889 330 187.556
0.293 0.246 0.253
159 330 161
0.295 0.259 0.265
98 330 171.667
0.284 0.225 0.231
90 330 198.333
0.293 0.215 0.221
116.389 330 206.222
0.292 0.220 0.227
124.444 330 179.611
0.291 0.236 0.242
90 330 198.333
0.293 0.215 0.221
82 330 225
0.301 0.212 0.219
108.333 330 232.833
0.293 0.213 0.220
116.389 330 206.222
0.292 0.220 0.227
124.444 330 179.611
0.291 0.236 0.242
116.389 330 206.222
0.292 0.220 0.227
142.778 330 214.111
0.284 0.225 0.233
150.889 330 187.556
0.293 0.246 0.253
116.389 330 206.222
0.292 0.220 0.227
108.333 330 232.833
0.293 0.213 0.220
134.667 330 240.667
0.276 0.212 0.220
142.778 330 214.111
0.284 0.225 0.233
183.333 330 81.3333
0.302 0.285 0.289
175.222 330 107.889
0.299 0.279 0.283
201.833 330 116
0.301 0.284 0.289
210 330 89.5
0.307 0.293 0.297
175.222 330 107.889
0.299 0.279 0.283
167.111 330 134.444
0.296 0.268 0.274
193.667 330 142.5
0.286 0.262 0.268
201.833 330 116
0.301 0.284 0.289
210 330 89.5
0.307 0.293 0.297
201.833 330 116
0.301 0.284 0.289
228.444 330 124.111
0.297 0.283 0.287
236.667 330 97.6667
0.308 0.297 0.300
201.833 330 116
0.301 0.284 0.289
193.667 330 142.5
0.286 0.262 0.268
220.222 330 150.556
0.270 0.250 0.257
228.444 330 124.111
0.297 0.283 0.287
167.111 330 134.444
0.296 0.268 0.274
159 330 161
0.295 0.259 0.265
185.5 330 169
0.268 0.238 0.245
193.667 330 142.5
0.286 0.262 0.268
159 330 161
0.295 0.259 0.265
150.889 330 187.556
0.293 0.246 0.253
177.333 330 195.5
0.247 0.210 0.218
185.5 330 169
0.268 0.238 0.245
193.667 330 142.5
0.286 0.262 0.268
185.5 330 169
0.268 0.238 0.245
212 330 177
0.231 0.207 0.215
220.222 330 150.556
0.270 0.250 0.257
185.5 330 169
0.268 0.238 0.245
177.333 330 195.5
0.247 0.210 0.218
203.778 330 203.444
0.155 0.133 0.142
212 330 177
0.231 0.207 0.215
150.889 330 187.556
0.293 0.246 0.253
142.778 330 214.111
0.284 0.225 0.233
169.167 330 222
0.229 0.184 0.193
177.333 330 195.5
0.247 0.210 0.218
142.778 330 214.111
0.284 0.225 0.233
134.667 330 240.667
0.276 0.212 0.220
161 330 248.5
0.225 0.175 0.183
169.167 330 222
0.229 0.184 0.193
177.333 330 195.5
0.247 0.210 0.218
169.167 330 222
0.229 0.184 0.193
195.556 330 229.889
0.101 0.080 0.088
203.778 330 203.444
0.155 0.133 0.142
169.167 330 222
0.229 0.184 0.193
161 330 248.5
0.225 0.175 0.183
187.333 330 256.333
0.101 0.077 0.084
195.556 330 229.889
0.101 0.080 0.088
236.667 330 97.6667
0.308 0.297 0.300
228.444 330 124.111
0.297 0.283 0.287
255.056 330 132.222
0.283 0.273 0.276
263.333 330 105.833
0.299 0.292 0.294
228.444 330 124.111
0.297 0.283 0.287
220.222 330 150.556
0.270 0.250 0.257
246.778 330 158.611
0.247 0.232 0.239
255.056 330 132.222
0.283 0.273 0.276
263.333 330 105.833
0.299 0.292 0.294
255.056 330 132.222
0.283 0.273 0.276
281.667 330 140.333
0.273 0.265 0.268
290 330 114
0.291 0.285 0.287
255.056 330 132.222
0.283 0.273 0.276
246.778 330 158.611
0.247 0.232 0.239
273.333 330 166.667
0.234 0.222 0.228
281.667 330 140.333
0.273 0.265 0.268
220.222 330 150.556
0.270 0.250 0.257
212 330 177
0.231 0.207 0.215
238.5 330 185
0.178 0.163 0.171
246.778 330 158.611
0.247 0.232 0.239
212 330 177
0.231 0.207 0.215
203.778 330 203.444
0.155 0.133 0.142
230.222 330 211.389
0.069 0.062 0.071
238.5 330 185
0.178 0.163 0.171
246.778 330 158.611
0.247 0.232 0.239
238.5 330 185
0.178 0.163 0.171
265 330 193
0.142 0.133 0.141
273.333 330 166.667
0.234 0.222 0.228
238.5 330 185
0.178 0.163 0.171
230.222 330 211.389
0.069 0.062 0.071
256.667 330 219.333
0.036 0.033 0.041
265 330 193
0.142 0.133 0.141
203.778 330 203.444
0.155 0.133 0.142
195.556 330 229.889
0.101 0.080 0.088
221.944 330 237.778
0.010 0.008 0.016
230.222 330 211.389
0.069 0.062 0.071
195.556 330 229.889
0.101 0.080 0.088
187.333 330 256.333
0.101 0.077 0.084
213.667 330 264.167
0.010 0.007 0.015
221.944 330 237.778
0.010 0.008 0.016
230.222 330 211.389
0.069 0.062 0.071
221.944 330 237.778
0.010 0.008 0.016
248.333 330 245.667
0.000 0.000 0.008
256.667 330 219.333
0.036 0.033 0.041
221.944 330 237.778
0.010 0.008 0.016
213.667 330 264.167
0.010 0.007 0.015
240 330 272
0.000 0.000 0.008
248.333 330 245.667
0.000 0.000 0.008
344 330 170
0.050 0.085 0.107
344 357.5 170
0.054 0.093 0.106
352.167 357.5 196.5
0.051 0.093 0.101
352.167 330 196.5
0.047 0.085 0.102
344 357.5 170
0.054 0.093 0.106
344 385 170
0.063 0.108 0.106
352.167 385 196.5
0.059 0.108 0.101
352.167 357.5 196.5
0.051 0.093 0.101
352.167 330 196.5
0.047 0.085 0.102
352.167 357.5 196.5
0.051 0.093 0.101
360.333 357.5 223
0.044 0.093 0.091
360.333 330 223
0.041 0.085 0.091
352.167 357.5 196.5
0.051 0.093 0.101
352.167 385 196.5
0.059 0.108 0.101
360.333 385 223
0.052 0.109 0.091
360.333 357.5 223
0.044 0.093 0.091
344 385 170
0.063 0.108 0.106
344 412.5 170
0.073 0.123 0.110
352.167 412.5 196.5
0.070 0.124 0.105
352.167 385 196.5
0.059 0.108 0.101
344 412.5 170
0.073 0.123 0.110
344 440 170
0.088 0.140 0.119
352.167 440 196.5
0.086 0.143 0.116
352.167 412.5 196.5
0.070 0.124 0.105
352.167 385 196.5
0.059 0.108 0.101
352.167 412.5 196.5
0.070 0.124 0.105
360.333 412.5 223
0.063 0.127 0.096
360.333 385 223
0.052 0.109 0.091
352.167 412.5 196.5
0.070 0.124 0.105
352.167 440 196.5
0.086 0.143 0.116
360.333 440 223
0.082 0.150 0.111
360.333 412.5 223
0.063 0.127 0.096
344 440 170
0.088 0.140 0.119
344 467.5 170
0.116 0.167 0.143
352.167 467.5 196.5
0.119 0.175 0.146
352.167 440 196.5
0.086 0.143 0.116
344 467.5 170
0.116 0.167 0.143
344 495 170
0.135 0.185 0.160
352.167 495 196.5
0.142 0.197 0.167
352.167 467.5 196.5
0.119 0.175 0.146
352.167 440 196.5
0.086 0.143 0.116
352.167 467.5 196.5
0.119 0.175 0.146
360.333 467.5 223
0.125 0.191 0.151
360.333 440 223
0.082 0.150 0.111
352.167 467.5 196.5
0.119 0.175 0.146
352.167 495 196.5
0.142 0.197 0.167
360.333 495 223
0.155 0.220 0.179
360.333 467.5 223
0.125 0.191 0.151
360.333 330 223
0.041 0.085 0.091
360.333 357.5 223
0.044 0.093 0.091
368.5 357.5 249.5
0.038 0.092 0.081
368.5 330 249.5
0.035 0.083 0.081
360.333 357.5 223
0.044 0.093 0.091
360.333 385 223
0.052 0.109 0.091
368.5 385 249.5
0.045 0.110 0.082
368.5 357.5 249.5
0.038 0.092 0.081
368.5 330 249.5
0.035 0.083 0.081
368.5 357.5 249.5
0.038 0.092 0.081
376.667 357.5 276
0.033 0.091 0.072
376.667 330 276
0.030 0.082 0.073
368.5 357.5 249.5
0.038 0.092 0.081
368.5 385 249.5
0.045 0.110 0.082
376.667 385 276
0.039 0.110 0.073
376.667 357.5 276
0.033 0.091 0.072
360.333 385 223
0.052 0.109 0.091
360.333 412.5 223
0.063 0.127 0.096
368.5 412.5 249.5
0.056 0.130 0.088
368.5 385 249.5
0.045 0.110 0.082
360.333 412.5 223
0.063 0.127 0.096
360.333 440 223
0.082 0.150 0.111
368.5 440 249.5
0.077 0.155 0.105
368.5 412.5 249.5
0.056 0.130 0.088
368.5 385 249.5
0.045 0.110 0.082
368.5 412.5 249.5
0.056 0.130 0.088
376.667 412.5 276
0.049 0.131 0.079
376.667 385 276
0.039 0.110 0.073
368.5 412.5 249.5
0.056 0.130 0.088
368.5 440 249.5
0.077 0.155 0.105
376.667 440 276
0.069 0.155 0.095
376.667 412.5 276
0.049 0.131 0.079
360.333 440 223
0.082 0.150 0.111
360.333 467.5 223
0.125 0.191 0.151
368.5 467.5 249.5
0.124 0.201 0.149
368.5 440 249.5
0.077 0.155 0.105
360.333 467.5 223
0.125 0.191 0.151
360.333 495 223
0.155 0.220 0.179
368.5 495 249.5
0.157 0.231 0.181
368.5 467.5 249.5
0.124 0.201 0.149
368.5 440 249.5
0.077 0.155 0.105
368.5 467.5 249.5
0.124 0.201 0.149
376.667 467.5 276
0.112 0.197 0.136
376.667 440 276
0.069 0.155 0.095
368.5 467.5 249.5
0.124 0.201 0.149
368.5 495 249.5
0.157 0.231 0.181
376.667 495 276
0.142 0.225 0.165
376.667 467.5 276
0.112 0.197 0.136
376.667 330 276
0.030 0.082 0.073
376.667 357.5 276
0.033 0.091 0.072
384.833 357.5 302.5
0.028 0.090 0.064
384.833 330 302.5
0.026 0.081 0.065
376.667 357.5 276
0.033 0.091 0.072
376.667 385 276
0.039 0.110 0.073
384.833 385 302.5
0.033 0.109 0.065
384.833 357.5 302.5
0.028 0.090 0.064
384.833 330 302.5
0.026 0.081 0.065
384.833 357.5 302.5
0.028 0.090 0.064
393 357.5 329
0.026 0.089 0.061
393 330 329
0.024 0.079 0.062
384.833 357.5 302.5
0.028 0.090 0.064
384.833 385 302.5
0.033 0.109 0.065
393 385 329
0.031 0.108 0.061
393 357.5 329
0.026 0.089 0.061
376.667 385 276
0.039 0.110 0.073
376.667 412.5 276
0.049 0.131 0.079
384.833 412.5 302.5
0.042 0.129 0.069
384.833 385 302.5
0.033 0.109 0.065
376.667 412.5 276
0.049 0.131 0.079
376.667 440 276
0.069 0.155 0.095
384.833 440 302.5
0.057 0.150 0.081
384.833 412.5 302.5
0.042 0.129 0.069
384.833 385 302.5
0.033 0.109 0.065
384.833 412.5 302.5
0.042 0.129 0.069
393 412.5 329
0.038 0.128 0.064
393 385 329
0.031 0.108 0.061
384.833 412.5 302.5
0.042 0.129 0.069
384.833 440 302.5
0.057 0.150 0.081
393 440 329
0.051 0.147 0.074
393 412.5 329
0.038 0.128 0.064
376.667 440 276
0.069 0.155 0.095
376.667 467.5 276
0.112 0.197 0.136
384.833 467.5 302.5
0.090 0.182 0.112
384.833 440 302.5
0.057 0.150 0.081
376.667 467.5 276
0.112 0.197 0.136
376.667 495 276
0.142 0.225 0.165
384.833 495 302.5
0.113 0.202 0.134
384.833 467.5 302.5
0.090 0.182 0.112
384.833 440 302.5
0.057 0.150 0.081
384.833 467.5 302.5
0.090 0.182 0.112
393 467.5 329
0.078 0.171 0.098
393 440 329
0.051 0.147 0.074
384.833 467.5 302.5
0.090 0.182 0.112
384.833 495 302.5
0.113 0.202 0.134
393 495 329
0.096 0.187 0.116
393 467.5 329
0.078 0.171 0.098
186 330 219
0.122 0.000 0.000
186 357.5 219
0.137 0.000 0.000
212.333 357.5 210.833
0.142 0.000 0.000
212.333 330 210.833
0.125 0.000 0.000
186 357.5 219
0.137 0.000 0.000
186 385 219
0.162 0.000 0.000
212.333 385 210.833
0.168 0.000 0.000
212.333 357.5 210.833
0.142 0.000 0.000
212.333 330 210.833
0.125 0.000 0.000
212.333 357.5 210.833
0.142 0.000 0.000
238.667 357.5 202.667
0.150 0.000 0.000
238.667 330 202.667
0.132 0.000 0.000
212.333 357.5 210.833
0.142 0.000 0.000
212.333 385 210.833
0.168 0.000 0.000
238.667 385 202.667
0.177 0.000 0.000
238.667 357.5 202.667
0.150 0.000 0.000
186 385 219
0.162 0.000 0.000
186 412.5 219
0.178 0.000 0.000
212.333 412.5 210.833
0.185 0.000 0.000
212.333 385 210.833
0.168 0.000 0.000
186 412.5 219
0.178 0.000 0.000
186 440 219
0.193 0.000 0.000
212.333 440 210.833
0.202 0.000 0.000
212.333 412.5 210.833
0.185 0.000 0.000
212.333 385 210.833
0.168 0.000 0.000
212.333 412.5 210.833
0.185 0.000 0.000
238.667 412.5 202.667
0.196 0.000 0.000
238.667 385 202.667
0.177 0.000 0.000
212.333 412.5 210.833
0.185 0.000 0.000
212.333 440 210.833
0.202 0.000 0.000
238.667 440 202.667
0.219 0.000 0.000
238.667 412.5 202.667
0.196 0.000 0.000
186 440 219
0.193 0.000 0.000
186 467.5 219
0.216 0.000 0.000
212.333 467.5 210.833
0.233 0.000 0.000
212.333 440 210.833
0.202 0.000 0.000
186 467.5 219
0.216 0.000 0.000
186 495 219
0.232 0.000 0.000
212.333 495 210.833
0.254 0.000 0.000
212.333 467.5 210.833
0.233 0.000 0.000
212.333 440 210.833
0.202 0.000 0.000
212.333 467.5 210.833
0.233 0.000 0.000
238.667 467.5 202.667
0.261 0.000 0.000
238.667 440 202.667
0.219 0.000 0.000
212.333 467.5 210.833
0.233 0.000 0.000
212.333 495 210.833
0.254 0.000 0.000
238.667 495 202.667
0.290 0.000 0.000
238.667 467.5 202.667
0.261 0.000 0.000
238.667 330 202.667
0.132 0.000 0.000
238.667 357.5 202.667
0.150 0.000 0.000
265 357.5 194.5
0.159 0.000 0.000
265 330 194.5
0.141 0.000 0.000
238.667 357.5 202.667
0.150 0.000 0.000
238.667 385 202.667
0.177 0.000 0.000
265 385 194.5
0.186 0.000 0.000
265 357.5 194.5
0.159 0.000 0.000
265 330 194.5
0.141 0.000 0.000
265 357.5 194.5
0.159 0.000 0.000
291.333 357.5 186.333
0.167 0.000 0.000
291.333 330 186.333
0.151 0.000 0.000
265 357.5 194.5
0.159 0.000 0.000
265 385 194.5
0.186 0.000 0.000
291.333 385 186.333
0.192 0.000 0.000
291.333 357.5 186.333
0.167 0.000 0.000
238.667 385 202.667
0.177 0.000 0.000
238.667 412.5 202.667
0.196 0.000 0.000
265 412.5 194.5
0.206 0.000 0.000
265 385 194.5
0.186 0.000 0.000
238.667 412.5 202.667
0.196 0.000 0.000
238.667 440 202.667
0.219 0.000 0.000
265 440 194.5
0.230 0.000 0.000
265 412.5 194.5
0.206 0.000 0.000
265 385 194.5
0.186 0.000 0.000
265 412.5 194.5
0.206 0.000 0.000
291.333 412.5 186.333
0.212 0.000 0.000
291.333 385 186.333
0.192 0.000 0.000
265 412.5 194.5
0.206 0.000 0.000
265 440 194.5
0.230 0.000 0.000
291.333 440 186.333
0.235 0.000 0.000
291.333 412.5 186.333
0.212 0.000 0.000
238.667 440 202.667
0.219 0.000 0.000
238.667 467.5 202.667
0.261 0.000 0.000
265 467.5 194.5
0.275 0.000 0.000
265 440 194.5
0.230 0.000 0.000
238.667 467.5 202.667
0.261 0.000 0.000
238.667 495 202.667
0.290 0.000 0.000
265 495 194.5
0.306 0.000 0.000
265 467.5 194.5
0.275 0.000 0.000
265 440 194.5
0.230 0.000 0.000
265 467.5 194.5
0.275 0.000 0.000
291.333 467.5 186.333
0.275 0.000 0.000
291.333 440 186.333
0.235 0.000 0.000
265 467.5 194.5
0.275 0.000 0.000
265 495 194.5
0.306 0.000 0.000
291.333 495 186.333
0.303 0.000 0.000
291.333 467.5 186.333
0.275 0.000 0.000
291.333 330 186.333
0.151 0.000 0.000
291.333 357.5 186.333
0.167 0.000 0.000
317.667 357.5 178.167
0.171 0.000 0.000
317.667 330 178.167
0.157 0.000 0.000
291.333 357.5 186.333
0.167 0.000 0.000
291.333 385 186.333
0.192 0.000 0.000
317.667 385 178.167
0.194 0.000 0.000
317.667 357.5 178.167
0.171 0.000 0.000
317.667 330 178.167
0.157 0.000 0.000
317.667 357.5 178.167
0.171 0.000 0.000
344 357.5 170
0.172 0.000 0.000
344 330 170
0.160 0.000 0.000
317.667 357.5 178.167
0.171 0.000 0.000
317.667 385 178.167
0.194 0.000 0.000
344 385 170
0.194 0.000 0.000
344 357.5 170
0.172 0.000 0.000
291.333 385 186.333
0.192 0.000 0.000
291.333 412.5 186.333
0.212 0.000 0.000
317.667 412.5 178.167
0.213 0.000 0.000
317.667 385 178.167
0.194 0.000 0.000
291.333 412.5 186.333
0.212 0.000 0.000
291.333 440 186.333
0.235 0.000 0.000
317.667 440 178.167
0.232 0.000 0.000
317.667 412.5 178.167
0.213 0.000 0.000
317.667 385 178.167
0.194 0.000 0.000
317.667 412.5 178.167
0.213 0.000 0.000
344 412.5 170
0.212 0.000 0.000
344 385 170
0.194 0.000 0.000
317.667 412.5 178.167
0.213 0.000 0.000
317.667 440 178.167
0.232 0.000 0.000
344 440 170
0.229 0.000 0.000
344 412.5 170
0.212 0.000 0.000
291.333 440 186.333
0.235 0.000 0.000
291.333 467.5 186.333
0.275 0.000 0.000
317.667 467.5 178.167
0.263 0.000 0.000
317.667 440 178.167
0.232 0.000 0.000
291.333 467.5 186.333
0.275 0.000 0.000
291.333 495 186.333
0.303 0.000 0.000
317.667 495 178.167
0.283 0.000 0.000
317.667 467.5 178.167
0.263 0.000 0.000
317.667 440 178.167
0.232 0.000 0.000
317.667 467.5 178.167
0.263 0.000 0.000
344 467.5 170
0.254 0.000 0.000
344 440 170
0.229 0.000 0.000
317.667 467.5 178.167
0.263 0.000 0.000
317.667 495 178.167
0.283 0.000 0.000
344 495 170
0.270 0.000 0.000
344 467.5 170
0.254 0.000 0.000
235 330 379
0.078 0.010 0.021
235 357.5 379
0.084 0.012 0.022
226.833 357.5 352.333
0.090 0.013 0.023
226.833 330 352.333
0.085 0.011 0.021
235 357.5 379
0.084 0.012 0.022
235 385 379
0.094 0.017 0.025
226.833 385 352.333
0.102 0.018 0.026
226.833 357.5 352.333
0.090 0.013 0.023
226.833 330 352.333
0.085 0.011 0.021
226.833 357.5 352.333
0.090 0.013 0.023
218.667 357.5 325.667
0.102 0.014 0.024
218.667 330 325.667
0.095 0.011 0.022
226.833 357.5 352.333
0.090 0.013 0.023
226.833 385 352.333
0.102 0.018 0.026
218.667 385 325.667
0.115 0.020 0.028
218.667 357.5 325.667
0.102 0.014 0.024
235 385 379
0.094 0.017 0.025
235 412.5 379
0.104 0.025 0.032
226.833 412.5 352.333
0.113 0.028 0.035
226.833 385 352.333
0.102 0.018 0.026
235 412.5 379
0.104 0.025 0.032
235 440 379
0.118 0.041 0.047
226.833 440 352.333
0.130 0.046 0.052
226.833 412.5 352.333
0.113 0.028 0.035
226.833 385 352.333
0.102 0.018 0.026
226.833 412.5 352.333
0.113 0.028 0.035
218.667 412.5 325.667
0.130 0.032 0.039
218.667 385 325.667
0.115 0.020 0.028
226.833 412.5 352.333
0.113 0.028 0.035
226.833 440 352.333
0.130 0.046 0.052
218.667 440 325.667
0.151 0.055 0.061
218.667 412.5 325.667
0.130 0.032 0.039
235 440 379
0.118 0.041 0.047
235 467.5 379
0.147 0.074 0.079
226.833 467.5 352.333
0.166 0.086 0.092
226.833 440 352.333
0.130 0.046 0.052
235 467.5 379
0.147 0.074 0.079
235 495 379
0.167 0.097 0.102
226.833 495 352.333
0.191 0.115 0.120
226.833 467.5 352.333
0.166 0.086 0.092
226.833 440 352.333
0.130 0.046 0.052
226.833 467.5 352.333
0.166 0.086 0.092
218.667 467.5 325.667
0.198 0.108 0.113
218.667 440 325.667
0.151 0.055 0.061
226.833 467.5 352.333
0.166 0.086 0.092
226.833 495 352.333
0.191 0.115 0.120
218.667 495 325.667
0.232 0.145 0.150
218.667 467.5 325.667
0.198 0.108 0.113
218.667 330 325.667
0.095 0.011 0.022
218.667 357.5 325.667
0.102 0.014 0.024
210.5 357.5 299
0.111 0.015 0.024
210.5 330 299
0.103 0.012 0.022
218.667 357.5 325.667
0.102 0.014 0.024
218.667 385 325.667
0.115 0.020 0.028
210.5 385 299
0.127 0.022 0.029
210.5 357.5 299
0.111 0.015 0.024
210.5 330 299
0.103 0.012 0.022
210.5 357.5 299
0.111 0.015 0.024
202.333 357.5 272.333
0.118 0.015 0.023
202.333 330 272.333
0.109 0.012 0.020
210.5 357.5 299
0.111 0.015 0.024
210.5 385 299
0.127 0.022 0.029
202.333 385 272.333
0.134 0.022 0.029
202.333 357.5 272.333
0.118 0.015 0.023
218.667 385 325.667
0.115 0.020 0.028
218.667 412.5 325.667
0.130 0.032 0.039
210.5 412.5 299
0.142 0.034 0.040
210.5 385 299
0.127 0.022 0.029
218.667 412.5 325.667
0.130 0.032 0.039
218.667 440 325.667
0.151 0.055 0.061
210.5 440 299
0.165 0.058 0.064
210.5 412.5 299
0.142 0.034 0.040
210.5 385 299
0.127 0.022 0.029
210.5 412.5 299
0.142 0.034 0.040
202.333 412.5 272.333
0.150 0.033 0.039
202.333 385 272.333
0.134 0.022 0.029
210.5 412.5 299
0.142 0.034 0.040
210.5 440 299
0.165 0.058 0.064
202.333 440 272.333
0.171 0.056 0.061
202.333 412.5 272.333
0.150 0.033 0.039
218.667 440 325.667
0.151 0.055 0.061
218.667 467.5 325.667
0.198 0.108 0.113
210.5 467.5 299
0.216 0.116 0.122
210.5 440 299
0.165 0.058 0.064
218.667 467.5 325.667
0.198 0.108 0.113
218.667 495 325.667
0.232 0.145 0.150
210.5 495 299
0.253 0.158 0.163
210.5 467.5 299
0.216 0.116 0.122
210.5 440 299
0.165 0.058 0.064
210.5 467.5 299
0.216 0.116 0.122
202.333 467.5 272.333
0.216 0.108 0.113
202.333 440 272.333
0.171 0.056 0.061
210.5 467.5 299
0.216 0.116 0.122
210.5 495 299
0.253 0.158 0.163
202.333 495 272.333
0.248 0.146 0.150
202.333 467.5 272.333
0.216 0.108 0.113
202.333 330 272.333
0.109 0.012 0.020
202.333 357.5 272.333
0.118 0.015 0.023
194.167 357.5 245.667
0.121 0.014 0.018
194.167 330 245.667
0.112 0.012 0.015
202.333 357.5 272.333
0.118 0.015 0.023
202.333 385 272.333
0.134 0.022 0.029
194.167 385 245.667
0.137 0.020 0.025
194.167 357.5 245.667
0.121 0.014 0.018
194.167 330 245.667
0.112 0.012 0.015
194.167 357.5 245.667
0.121 0.014 0.018
186 357.5 219
0.122 0.014 0.015
186 330 219
0.113 0.012 0.012
194.167 357.5 245.667
0.121 0.014 0.018
194.167 385 245.667
0.137 0.020 0.025
186 385 219
0.139 0.019 0.023
186 357.5 219
0.122 0.014 0.015
202.333 385 272.333
0.134 0.022 0.029
202.333 412.5 272.333
0.150 0.033 0.039
194.167 412.5 245.667
0.152 0.030 0.035
194.167 385 245.667
0.137 0.020 0.025
202.333 412.5 272.333
0.150 0.033 0.039
202.333 440 272.333
0.171 0.056 0.061
194.167 440 245.667
0.169 0.048 0.053
194.167 412.5 245.667
0.152 0.030 0.035
194.167 385 245.667
0.137 0.020 0.025
194.167 412.5 245.667
0.152 0.030 0.035
186 412.5 219
0.153 0.028 0.032
186 385 219
0.139 0.019 0.023
194.167 412.5 245.667
0.152 0.030 0.035
194.167 440 245.667
0.169 0.048 0.053
186 440 219
0.167 0.043 0.047
186 412.5 219
0.153 0.028 0.032
202.333 440 272.333
0.171 0.056 0.061
202.333 467.5 272.333
0.216 0.108 0.113
194.167 467.5 245.667
0.201 0.088 0.093
194.167 440 245.667
0.169 0.048 0.053
202.333 467.5 272.333
0.216 0.108 0.113
202.333 495 272.333
0.248 0.146 0.150
194.167 495 245.667
0.223 0.116 0.120
194.167 467.5 245.667
0.201 0.088 0.093
194.167 440 245.667
0.169 0.048 0.053
194.167 467.5 245.667
0.201 0.088 0.093
186 467.5 219
0.191 0.076 0.080
186 440 219
0.167 0.043 0.047
194.167 467.5 245.667
0.201 0.088 0.093
194.167 495 245.667
0.223 0.116 0.120
186 495 219
0.208 0.098 0.102
186 467.5 219
0.191 0.076 0.080
393 330 329
0.010 0.000 0.000
393 357.5 329
0.011 0.000 0.000
366.667 357.5 337.333
0.012 0.000 0.000
366.667 330 337.333
0.010 0.000 0.000
393 357.5 329
0.011 0.000 0.000
393 385 329
0.016 0.000 0.000
366.667 385 337.333
0.017 0.000 0.000
366.667 357.5 337.333
0.012 0.000 0.000
366.667 330 337.333
0.010 0.000 0.000
366.667 357.5 337.333
0.012 0.000 0.000
340.333 357.5 345.667
0.013 0.000 0.000
340.333 330 345.667
0.011 0.000 0.000
366.667 357.5 337.333
0.012 0.000 0.000
366.667 385 337.333
0.017 0.000 0.000
340.333 385 345.667
0.019 0.000 0.000
340.333 357.5 345.667
0.013 0.000 0.000
393 385 329
0.016 0.000 0.000
393 412.5 329
0.023 0.000 0.000
366.667 412.5 337.333
0.026 0.000 0.000
366.667 385 337.333
0.017 0.000 0.000
393 412.5 329
0.023 0.000 0.000
393 440 329
0.037 0.000 0.000
366.667 440 337.333
0.042 0.000 0.000
366.667 412.5 337.333
0.026 0.000 0.000
366.667 385 337.333
0.017 0.000 0.000
366.667 412.5 337.333
0.026 0.000 0.000
340.333 412.5 345.667
0.030 0.000 0.000
340.333 385 345.667
0.019 0.000 0.000
366.667 412.5 337.333
0.026 0.000 0.000
366.667 440 337.333
0.042 0.000 0.000
340.333 440 345.667
0.051 0.000 0.000
340.333 412.5 345.667
0.030 0.000 0.000
393 440 329
0.037 0.000 0.000
393 467.5 329
0.065 0.000 0.000
366.667 467.5 337.333
0.077 0.000 0.000
366.667 440 337.333
0.042 0.000 0.000
393 467.5 329
0.065 0.000 0.000
393 495 329
0.084 0.000 0.000
366.667 495 337.333
0.100 0.000 0.000
366.667 467.5 337.333
0.077 0.000 0.000
366.667 440 337.333
0.042 0.000 0.000
366.667 467.5 337.333
0.077 0.000 0.000
340.333 467.5 345.667
0.097 0.000 0.000
340.333 440 345.667
0.051 0.000 0.000
366.667 467.5 337.333
0.077 0.000 0.000
366.667 495 337.333
0.100 0.000 0.000
340.333 495 345.667
0.128 0.000 0.000
340.333 467.5 345.667
0.097 0.000 0.000
340.333 330 345.667
0.011 0.000 0.000
340.333 357.5 345.667
0.013 0.000 0.000
314 357.5 354
0.014 0.000 0.000
314 330 354
0.011 0.000 0.000
340.333 357.5 345.667
0.013 0.000 0.000
340.333 385 345.667
0.019 0.000 0.000
314 385 354
0.020 0.000 0.000
314 357.5 354
0.014 0.000 0.000
314 330 354
0.011 0.000 0.000
314 357.5 354
0.014 0.000 0.000
287.667 357.5 362.333
0.014 0.000 0.000
287.667 330 362.333
0.011 0.000 0.000
314 357.5 354
0.014 0.000 0.000
314 385 354
0.020 0.000 0.000
287.667 385 362.333
0.020 0.000 0.000
287.667 357.5 362.333
0.014 0.000 0.000
340.333 385 345.667
0.019 0.000 0.000
340.333 412.5 345.667
0.030 0.000 0.000
314 412.5 354
0.032 0.000 0.000
314 385 354
0.020 0.000 0.000
340.333 412.5 345.667
0.030 0.000 0.000
340.333 440 345.667
0.051 0.000 0.000
314 440 354
0.056 0.000 0.000
314 412.5 354
0.032 0.000 0.000
314 385 354
0.020 0.000 0.000
314 412.5 354
0.032 0.000 0.000
287.667 412.5 362.333
0.032 0.000 0.000
287.667 385 362.333
0.020 0.000 0.000
314 412.5 354
0.032 0.000 0.000
314 440 354
0.056 0.000 0.000
287.667 440 362.333
0.055 0.000 0.000
287.667 412.5 362.333
0.032 0.000 0.000
340.333 440 345.667
0.051 0.000 0.000
340.333 467.5 345.667
0.097 0.000 0.000
314 467.5 354
0.108 0.000 0.000
314 440 354
0.056 0.000 0.000
340.333 467.5 345.667
0.097 0.000 0.000
340.333 495 345.667
0.128 0.000 0.000
314 495 354
0.144 0.000 0.000
314 467.5 354
0.108 0.000 0.000
314 440 354
0.056 0.000 0.000
314 467.5 354
0.108 0.000 0.000
287.667 467.5 362.333
0.106 0.000 0.000
287.667 440 362.333
0.055 0.000 0.000
314 467.5 354
0.108 0.000 0.000
314 495 354
0.144 0.000 0.000
287.667 495 362.333
0.141 0.000 0.000
287.667 467.5 362.333
0.106 0.000 0.000
287.667 330 362.333
0.011 0.000 0.000
287.667 357.5 362.333
0.014 0.000 0.000
261.333 357.5 370.667
0.013 0.000 0.000
261.333 330 370.667
0.011 0.000 0.000
287.667 357.5 362.333
0.014 0.000 0.000
287.667 385 362.333
0.020 0.000 0.000
261.333 385 370.667
0.018 0.000 0.000
261.333 357.5 370.667
0.013 0.000 0.000
261.333 330 370.667
0.011 0.000 0.000
261.333 357.5 370.667
0.013 0.000 0.000
235 357.5 379
0.012 0.000 0.000
235 330 379
0.010 0.000 0.000
261.333 357.5 370.667
0.013 0.000 0.000
261.333 385 370.667
0.018 0.000 0.000
235 385 379
0.017 0.000 0.000
235 357.5 379
0.012 0.000 0.000
287.667 385 362.333
0.020 0.000 0.000
287.667 412.5 362.333
0.032 0.000 0.000
261.333 412.5 370.667
0.029 0.000 0.000
261.333 385 370.667
0.018 0.000 0.000
287.667 412.5 362.333
0.032 0.000 0.000
287.667 440 362.333
0.055 0.000 0.000
261.333 440 370.667
0.048 0.000 0.000
261.333 412.5 370.667
0.029 0.000 0.000
261.333 385 370.667
0.018 0.000 0.000
261.333 412.5 370.667
0.029 0.000 0.000
235 412.5 379
0.026 0.000 0.000
235 385 379
0.017 0.000 0.000
261.333 412.5 370.667
0.029 0.000 0.000
261.333 440 370.667
0.048 0.000 0.000
235 440 379
0.044 0.000 0.000
235 412.5 379
0.026 0.000 0.000
287.667 440 362.333
0.055 0.000 0.000
287.667 467.5 362.333
0.106 0.000 0.000
261.333 467.5 370.667
0.090 0.000 0.000
261.333 440 370.667
0.048 0.000 0.000
287.667 467.5 362.333
0.106 0.000 0.000
287.667 495 362.333
0.141 0.000 0.000
261.333 495 370.667
0.119 0.000 0.000
261.333 467.5 370.667
0.090 0.000 0.000
261.333 440 370.667
0.048 0.000 0.000
261.333 467.5 370.667
0.090 0.000 0.000
235 467.5 379
0.079 0.000 0.000
235 440 379
0.044 0.000 0.000
261.333 467.5 370.667
0.090 0.000 0.000
261.333 495 370.667
0.119 0.000 0.000
235 495 379
0.104 0.000 0.000
235 467.5 379
0.079 0.000 0.000
344 495 170
6.168 6.169 6.178
317.667 495 178.167
7.784 7.784 7.790
325.833 495 204.694
10.792 10.792 10.798
352.167 495 196.5
8.091 8.091 8.099
317.667 495 178.167
7.784 7.784 7.790
291.333 495 186.333
10.789 10.789 10.790
299.5 495 212.889
15.434 15.433 15.435
325.833 495 204.694
10.792 10.792 10.798
352.167 495 196.5
8.091 8.091 8.099
325.833 495 204.694
10.792 10.792 10.798
334 495 231.222
16.509 16.509 16.513
360.333 495 223
11.565 11.565 11.570
325.833 495 204.694
10.792 10.792 10.798
299.5 495 212.889
15.434 15.433 15.435
307.667 495 239.444
24.326 24.324 24.326
334 495 231.222
16.509 16.509 16.513
291.333 495 186.333
10.789 10.789 10.790
265 495 194.5
13.413 13.412 13.412
273.167 495 221.083
18.861 18.858 18.858
299.5 495 212.889
15.434 15.433 15.435
265 495 194.5
13.413 13.412 13.412
238.667 495 202.667
14.716 14.712 14.712
246.833 495 229.278
20.569 20.567 20.567
273.167 495 221.083
18.861 18.858 18.858
299.5 495 212.889
15.434 15.433 15.435
273.167 495 221.083
18.861 18.858 18.858
281.333 495 247.667
28.114 28.111 28.111
307.667 495 239.444
24.326 24.324 24.326
273.167 495 221.083
18.861 18.858 18.858
246.833 495 229.278
20.569 20.567 20.567
255 495 255.889
29.256 29.253 29.253
281.333 495 247.667
28.114 28.111 28.111
238.667 495 202.667
14.716 14.712 14.712
212.333 495 210.833
12.584 12.581 12.581
220.5 495 237.472
17.333 17.330 17.331
246.833 495 229.278
20.569 20.567 20.567
212.333 495 210.833
12.584 12.581 12.581
186 495 219
10.384 10.382 10.383
194.167 495 245.667
13.872 13.869 13.870
220.5 495 237.472
17.333 17.330 17.331
246.833 495 229.278
20.569 20.567 20.567
220.5 495 237.472
17.333 17.330 17.331
228.667 495 264.111
24.662 24.659 24.660
255 495 255.889
29.256 29.253 29.253
220.5 495 237.472
17.333 17.330 17.331
194.167 495 245.667
13.872 13.869 13.870
202.333 495 272.333
19.842 19.838 19.840
228.667 495 264.111
24.662 24.659 24.660
360.333 495 223
11.565 11.565 11.570
334 495 231.222
16.509 16.509 16.513
342.167 495 257.75
18.833 18.832 18.835
368.5 495 249.5
12.884 12.884 12.889
334 495 231.222
16.509 16.509 16.513
307.667 495 239.444
24.326 24.324 24.326
315.833 495 266
28.550 28.550 28.551
342.167 495 257.75
18.833 18.832 18.835
368.5 495 249.5
12.884 12.884 12.889
342.167 495 257.75
18.833 18.832 18.835
350.333 495 284.278
16.625 16.626 16.629
376.667 495 276
11.391 11.391 11.396
342.167 495 257.75
18.833 18.832 18.835
315.833 495 266
28.550 28.550 28.551
324 495 292.556
26.250 26.250 26.252
350.333 495 284.278
16.625 16.626 16.629
307.667 495 239.444
24.326 24.324 24.326
281.333 495 247.667
28.114 28.111 28.111
289.5 495 274.25
32.176 32.174 32.174
315.833 495 266
28.550 28.550 28.551
281.333 495 247.667
28.114 28.111 28.111
255 495 255.889
29.256 29.253 29.253
263.167 495 282.5
32.057 32.054 32.053
289.5 495 274.25
32.176 32.174 32.174
315.833 495 266
28.550 28.550 28.551
289.5 495 274.25
32.176 32.174 32.174
297.667 495 300.833
30.012 30.011 30.011
324 495 292.556
26.250 26.250 26.252
289.5 495 274.25
32.176 32.174 32.174
263.167 495 282.5
32.057 32.054 32.053
271.333 495 309.111
28.553 28.551 28.552
297.667 495 300.833
30.012 30.011 30.011
255 495 255.889
29.256 29.253 29.253
228.667 495 264.111
24.662 24.659 24.660
236.833 495 290.75
27.643 27.640 27.641
263.167 495 282.5
32.057 32.054 32.053
228.667 495 264.111
24.662 24.659 24.660
202.333 495 272.333
19.842 19.838 19.840
210.5 495 299
23.206 23.202 23.205
236.833 495 290.75
27.643 27.640 27.641
263.167 495 282.5
32.057 32.054 32.053
236.833 495 290.75
27.643 27.640 27.641
245 495 317.389
24.252 24.249 24.252
271.333 495 309.111
28.553 28.551 28.552
236.833 495 290.75
27.643 27.640 27.641
210.5 495 299
23.206 23.202 23.205
218.667 495 325.667
20.782 20.778 20.782
245 495 317.389
24.252 24.249 24.252
376.667 495 276
11.391 11.391 11.396
350.333 495 284.278
16.625 16.626 16.629
358.5 495 310.806
12.119 12.119 12.124
384.833 495 302.5
8.529 8.529 8.535
350.333 495 284.278
16.625 16.626 16.629
324 495 292.556
26.250 26.250 26.252
332.167 495 319.111
19.081 19.082 19.086
358.5 495 310.806
12.119 12.119 12.124
384.833 495 302.5
8.529 8.529 8.535
358.5 495 310.806
12.119 12.119 12.124
366.667 495 337.333
9.435 9.436 9.441
393 495 329
6.925 6.927 6.935
358.5 495 310.806
12.119 12.119 12.124
332.167 495 319.111
19.081 19.082 19.086
340.333 495 345.667
14.192 14.192 14.198
366.667 495 337.333
9.435 9.436 9.441
324 495 292.556
26.250 26.250 26.252
297.667 495 300.833
30.012 30.011 30.011
305.833 495 327.417
21.793 21.793 21.796
332.167 495 319.111
19.081 19.082 19.086
297.667 495 300.833
30.012 30.011 30.011
271.333 495 309.111
28.553 28.551 28.552
279.5 495 335.722
19.592 19.591 19.593
305.833 495 327.417
21.793 21.793 21.796
332.167 495 319.111
19.081 19.082 19.086
305.833 495 327.417
21.793 21.793 21.796
314 495 354
15.994 15.995 16.000
340.333 495 345.667
14.192 14.192 14.198
305.833 495 327.417
21.793 21.793 21.796
279.5 495 335.722
19.592 19.591 19.593
287.667 495 362.333
14.103 14.103 14.106
314 495 354
15.994 15.995 16.000
271.333 495 309.111
28.553 28.551 28.552
245 495 317.389
24.252 24.249 24.252
253.167 495 344.028
15.743 15.740 15.744
279.5 495 335.722
19.592 19.591 19.593
245 495 317.389
24.252 24.249 24.252
218.667 495 325.667
20.782 20.778 20.782
226.833 495 352.333
13.434 13.431 13.436
253.167 495 344.028
15.743 15.740 15.744
279.5 495 335.722
19.592 19.591 19.593
253.167 495 344.028
15.743 15.740 15.744
261.333 495 370.667
11.026 11.024 11.027
287.667 495 362.333
14.103 14.103 14.106
253.167 495 344.028
15.743 15.740 15.744
226.833 495 352.333
13.434 13.431 13.436
235 495 379
9.394 9.391 9.395
261.333 495 370.667
11.026 11.024 11.027
393 330 329
0.000 0.000 30.469
366.667 330 337.333
0.000 0.000 30.486
358.5 330 310.806
0.000 0.000 30.539
384.833 330 302.5
0.000 0.000 30.512
366.667 330 337.333
0.000 0.000 30.486
340.333 330 345.667
0.000 0.000 30.509
332.167 330 319.111
0.000 0.000 30.583
358.5 330 310.806
0.000 0.000 30.539
384.833 330 302.5
0.000 0.000 30.512
358.5 330 310.806
0.000 0.000 30.539
350.333 330 284.278
0.000 0.000 30.667
376.667 330 276
0.000 0.000 30.608
358.5 330 310.806
0.000 0.000 30.539
332.167 330 319.111
0.000 0.000 30.583
324 330 292.556
0.000 0.000 30.790
350.333 330 284.278
0.000 0.000 30.667
340.333 330 345.667
0.000 0.000 30.509
314 330 354
0.000 0.000 30.501
305.833 330 327.417
0.000 0.000 30.588
332.167 330 319.111
0.000 0.000 30.583
314 330 354
0.000 0.000 30.501
287.667 330 362.333
0.000 0.000 30.450
279.5 330 335.722
0.000 0.000 30.522
305.833 330 327.417
0.000 0.000 30.588
332.167 330 319.111
0.000 0.000 30.583
305.833 330 327.417
0.000 0.000 30.588
297.667 330 300.833
0.000 0.000 30.876
324 330 292.556
0.000 0.000 30.790
305.833 330 327.417
0.000 0.000 30.588
279.5 330 335.722
0.000 0.000 30.522
271.333 330 309.111
0.000 0.000 30.765
297.667 330 300.833
0.000 0.000 30.876
287.667 330 362.333
0.000 0.000 30.450
261.333 330 370.667
0.000 0.000 30.366
253.167 330 344.028
0.000 0.000 30.392
279.5 330 335.722
0.000 0.000 30.522
261.333 330 370.667
0.000 0.000 30.366
235 330 379
0.000 0.000 30.317
226.833 330 352.333
0.000 0.000 30.316
253.167 330 344.028
0.000 0.000 30.392
279.5 330 335.722
0.000 0.000 30.522
253.167 330 344.028
0.000 0.000 30.392
245 330 317.389
0.000 0.000 30.461
271.333 330 309.111
0.000 0.000 30.765
253.167 330 344.028
0.000 0.000 30.392
226.833 330 352.333
0.000 0.000 30.316
218.667 330 325.667
0.000 0.000 30.288
245 330 317.389
0.000 0.000 30.461
376.667 330 276
0.000 0.000 30.608
350.333 330 284.278
0.000 0.000 30.667
342.167 330 257.75
0.000 0.000 30.835
368.5 330 249.5
0.000 0.000 30.721
350.333 330 284.278
0.000 0.000 30.667
324 330 292.556
0.000 0.000 30.790
315.833 330 266
0.000 0.000 31.127
342.167 330 257.75
0.000 0.000 30.835
368.5 330 249.5
0.000 0.000 30.721
342.167 330 257.75
0.000 0.000 30.835
334 330 231.222
0.000 0.000 31.009
360.333 330 223
0.000 0.000 30.820
342.167 330 257.75
0.000 0.000 30.835
315.833 330 266
0.000 0.000 31.127
307.667 330 239.444
0.000 0.000 31.526
334 330 231.222
0.000 0.000 31.009
324 330 292.556
0.000 0.000 30.790
297.667 330 300.833
0.000 0.000 30.876
289.5 330 274.25
0.000 0.000 31.437
315.833 330 266
0.000 0.000 31.127
297.667 330 300.833
0.000 0.000 30.876
271.333 330 309.111
0.000 0.000 30.765
263.167 330 282.5
0.000 0.000 31.167
289.5 330 274.25
0.000 0.000 31.437
315.833 330 266
0.000 0.000 31.127
289.5 330 274.25
0.000 0.000 31.437
281.333 330 247.667
0.000 0.000 31.887
307.667 330 239.444
0.000 0.000 31.526
289.5 330 274.25
0.000 0.000 31.437
263.167 330 282.5
0.000 0.000 31.167
255 330 255.889
0.000 0.000 31.179
281.333 330 247.667
0.000 0.000 31.887
271.333 330 309.111
0.000 0.000 30.765
245 330 317.389
0.000 0.000 30.461
236.833 330 290.75
0.000 0.000 30.489
263.167 330 282.5
0.000 0.000 31.167
245 330 317.389
0.000 0.000 30.461
218.667 330 325.667
0.000 0.000 30.288
210.5 330 299
0.000 0.000 30.213
236.833 330 290.75
0.000 0.000 30.489
263.167 330 282.5
0.000 0.000 31.167
236.833 330 290.75
0.000 0.000 30.489
228.667 330 264.111
0.000 0.000 30.265
255 330 255.889
0.000 0.000 31.179
236.833 330 290.75
0.000 0.000 30.489
210.5 330 299
0.000 0.000 30.213
202.333 330 272.333
0.000 0.000 30.093
228.667 330 264.111
0.000 0.000 30.265
360.333 330 223
0.000 0.000 30.820
334 330 231.222
0.000 0.000 31.009
325.833 330 204.694
0.000 0.000 31.101
352.167 330 196.5
0.000 0.000 30.859
334 330 231.222
0.000 0.000 31.009
307.667 330 239.444
0.000 0.000 31.526
299.5 330 212.889
0.000 0.000 31.648
325.833 330 204.694
0.000 0.000 31.101
352.167 330 196.5
0.000 0.000 30.859
325.833 330 204.694
0.000 0.000 31.101
317.667 330 178.167
0.000 0.000 31.113
344 330 170
0.000 0.000 30.858
325.833 330 204.694
0.000 0.000 31.101
299.5 330 212.889
0.000 0.000 31.648
291.333 330 186.333
0.000 0.000 31.575
317.667 330 178.167
0.000 0.000 31.113
307.667 330 239.444
0.000 0.000 31.526
281.333 330 247.667
0.000 0.000 31.887
273.167 330 221.083
0.000 0.000 31.529
299.5 330 212.889
0.000 0.000 31.648
281.333 330 247.667
0.000 0.000 31.887
255 330 255.889
0.000 0.000 31.179
246.833 330 229.278
0.000 0.000 30.575
273.167 330 221.083
0.000 0.000 31.529
299.5 330 212.889
0.000 0.000 31.648
273.167 330 221.083
0.000 0.000 31.529
265 330 194.5
0.000 0.000 31.080
291.333 330 186.333
0.000 0.000 31.575
273.167 330 221.083
0.000 0.000 31.529
246.833 330 229.278
0.000 0.000 30.575
238.667 330 202.667
0.000 0.000 30.189
265 330 194.5
0.000 0.000 31.080
255 330 255.889
0.000 0.000 31.179
228.667 330 264.111
0.000 0.000 30.265
220.5 330 237.472
0.000 0.000 30.028
246.833 330 229.278
0.000 0.000 30.575
228.667 330 264.111
0.000 0.000 30.265
202.333 330 272.333
0.000 0.000 30.093
194.167 330 245.667
0.000 0.000 30.011
220.5 330 237.472
0.000 0.000 30.028
246.833 330 229.278
0.000 0.000 30.575
220.5 330 237.472
0.000 0.000 30.028
212.333 330 210.833
0.000 0.000 30.000
238.667 330 202.667
0.000 0.000 30.189
220.5 330 237.472
0.000 0.000 30.028
194.167 330 245.667
0.000 0.000 30.011
186 330 219
0.000 0.000 30.000
212.333 330 210.833
0.000 0.000 30.000
